Timestamp,Soil Moisture %,Indoor Temp °C,Outdoor Temp °C,Pump Status
2026-03-07T12:36:38.000Z,54.8,17.6,10,OFF
2026-03-07T12:37:38.000Z,54.8,17.6,8.4,OFF
2026-03-07T12:38:38.000Z,54.8,17.6,8.4,OFF
2026-03-07T12:39:38.000Z,54.8,17.3,8.4,OFF
2026-03-07T12:40:38.000Z,54.8,17.6,8.4,OFF
2026-03-07T12:41:38.000Z,54.8,17.7,8.4,OFF
2026-03-07T12:42:38.000Z,54.8,17.6,8.4,OFF
2026-03-07T12:43:38.000Z,54.8,17.7,8.5,OFF
2026-03-07T12:44:38.000Z,54.8,17.7,8.5,OFF
2026-03-07T12:45:38.000Z,54.8,17.7,8.5,OFF
2026-03-07T12:46:38.000Z,54.8,17.8,8.5,OFF
2026-03-07T12:47:38.000Z,54.8,17.7,8.5,OFF
2026-03-07T12:48:38.000Z,54.7,17.8,8.5,OFF
2026-03-07T12:49:38.000Z,54.8,17.8,8.5,OFF
2026-03-07T12:50:38.000Z,54.8,17.8,8.5,OFF
2026-03-07T12:51:38.000Z,54.8,17.9,8.5,OFF
2026-03-07T12:52:38.000Z,54.8,17.7,8.5,OFF
2026-03-07T12:53:38.000Z,54.8,17.7,8.5,OFF
2026-03-07T12:54:38.000Z,54.8,17.6,8.5,OFF
2026-03-07T12:55:38.000Z,54.8,17.8,8.5,OFF
2026-03-07T12:56:38.000Z,54.8,17.7,8.5,OFF
2026-03-07T12:57:38.000Z,54.8,17.7,8.5,OFF
2026-03-07T12:58:38.000Z,54.8,17.7,8.5,OFF
2026-03-07T12:59:38.000Z,54.8,17.8,8.5,OFF
2026-03-07T13:00:38.000Z,54.8,17.8,8.6,OFF
2026-03-07T13:01:38.000Z,54.8,17.8,8.6,OFF
2026-03-07T13:02:38.000Z,54.7,17.7,8.6,OFF
2026-03-07T13:03:38.000Z,54.8,17.7,8.6,OFF
2026-03-07T13:04:38.000Z,54.8,17.8,8.6,OFF
2026-03-07T13:05:38.000Z,54.8,18,8.6,OFF
2026-03-07T13:06:38.000Z,54.8,17.8,8.6,OFF
2026-03-07T13:07:38.000Z,54.8,17.7,8.6,OFF
2026-03-07T13:08:38.000Z,54.8,17.8,8.6,OFF
2026-03-07T13:09:38.000Z,54.8,17.8,8.6,OFF
2026-03-07T13:10:38.000Z,54.8,17.6,8.6,OFF
2026-03-07T13:11:38.000Z,54.8,17.6,8.6,OFF
2026-03-07T13:12:38.000Z,54.8,17.7,8.6,OFF
2026-03-07T13:13:38.000Z,54.8,17.8,8.6,OFF
2026-03-07T13:14:38.000Z,54.8,17.7,8.6,OFF
2026-03-07T13:15:38.000Z,54.8,17.7,8.6,OFF
2026-03-07T13:16:38.000Z,54.8,17.7,8.6,OFF
2026-03-07T13:17:38.000Z,54.8,17.7,8.6,OFF
2026-03-07T13:18:38.000Z,54.8,17.8,8.6,OFF
2026-03-07T13:19:38.000Z,54.8,17.8,8.6,OFF
2026-03-07T13:20:38.000Z,54.8,17.8,8.6,OFF
2026-03-07T13:21:38.000Z,54.8,17.8,8.6,OFF
2026-03-07T13:22:38.000Z,54.8,17.8,8.6,OFF
2026-03-07T13:23:38.000Z,54.8,17.7,8.6,OFF
2026-03-07T13:24:38.000Z,54.8,17.9,8.6,OFF
2026-03-07T13:25:38.000Z,54.8,17.7,8.6,OFF
2026-03-07T13:26:38.000Z,54.8,17.7,8.6,OFF
2026-03-07T13:27:38.000Z,54.8,17.7,8.6,OFF
2026-03-07T13:28:38.000Z,54.7,17.7,8.6,OFF
2026-03-07T13:29:38.000Z,54.8,17.7,8.6,OFF
2026-03-07T13:30:38.000Z,54.8,17.8,8.6,OFF
2026-03-07T13:31:38.000Z,54.8,17.8,8.6,OFF
2026-03-07T13:32:38.000Z,54.8,17.7,8.6,OFF
2026-03-07T13:33:38.000Z,54.8,17.8,8.6,OFF
2026-03-07T13:34:38.000Z,54.8,17.8,8.6,OFF
2026-03-07T13:35:38.000Z,54.8,17.7,8.6,OFF
2026-03-07T13:36:38.000Z,54.8,17.8,8.6,OFF
2026-03-07T13:37:38.000Z,54.8,17.8,8.6,OFF
2026-03-07T13:38:38.000Z,54.8,17.8,8.6,OFF
2026-03-07T13:39:38.000Z,54.8,17.8,8.6,OFF
2026-03-07T13:40:38.000Z,54.8,17.9,8.6,OFF
2026-03-07T13:41:38.000Z,54.8,17.8,8.6,OFF
2026-03-07T13:42:38.000Z,54.8,17.9,8.6,OFF
2026-03-07T13:43:38.000Z,54.8,17.8,8.6,OFF
2026-03-07T13:44:38.000Z,54.8,17.9,8.6,OFF
2026-03-07T13:45:38.000Z,54.8,17.8,8.6,OFF
2026-03-07T13:46:38.000Z,54.8,17.7,8.6,OFF
2026-03-07T13:47:38.000Z,54.8,17.8,8.6,OFF
2026-03-07T13:48:38.000Z,54.8,17.6,8.6,OFF
2026-03-07T13:49:38.000Z,54.8,17.7,8.6,OFF
2026-03-07T13:50:38.000Z,54.8,17.8,8.6,OFF
2026-03-07T13:51:38.000Z,54.8,17.7,8.6,OFF
2026-03-07T13:52:38.000Z,54.8,17.8,8.6,OFF
2026-03-07T13:53:38.000Z,54.8,17.8,8.6,OFF
2026-03-07T13:54:38.000Z,54.8,17.9,8.6,OFF
2026-03-07T13:55:38.000Z,54.8,17.8,8.7,OFF
2026-03-07T13:56:38.000Z,54.8,17.8,8.7,OFF
2026-03-07T13:57:38.000Z,54.8,17.8,8.7,OFF
2026-03-07T13:58:38.000Z,54.8,17.8,8.7,OFF
2026-03-07T13:59:38.000Z,54.8,17.8,8.7,OFF
2026-03-07T14:00:38.000Z,54.8,17.8,8.7,OFF
2026-03-07T14:01:38.000Z,54.8,17.8,8.7,OFF
2026-03-07T14:02:38.000Z,54.8,17.9,8.7,OFF
2026-03-07T14:03:38.000Z,54.8,18,8.7,OFF
2026-03-07T14:04:38.000Z,54.8,17.9,8.7,OFF
2026-03-07T14:05:38.000Z,54.8,17.9,8.7,OFF
2026-03-07T14:06:38.000Z,54.8,17.8,8.7,OFF
2026-03-07T14:07:38.000Z,54.8,17.8,8.7,OFF
2026-03-07T14:08:38.000Z,54.8,17.8,8.7,OFF
2026-03-07T14:09:38.000Z,54.8,17.7,8.7,OFF
2026-03-07T14:10:38.000Z,54.8,17.7,8.7,OFF
2026-03-07T14:11:38.000Z,54.8,17.8,8.7,OFF
2026-03-07T14:12:38.000Z,54.8,17.9,8.7,OFF
2026-03-07T14:13:38.000Z,54.8,17.8,8.7,OFF
2026-03-07T14:14:38.000Z,54.8,17.9,8.7,OFF
2026-03-07T14:15:38.000Z,54.8,17.9,8.7,OFF
2026-03-07T14:16:38.000Z,54.8,17.9,8.7,OFF
2026-03-07T14:17:38.000Z,54.7,17.9,8.7,OFF
2026-03-07T14:18:38.000Z,54.8,17.9,8.7,OFF
2026-03-07T14:19:38.000Z,54.8,17.9,8.7,OFF
2026-03-07T14:20:38.000Z,54.8,17.9,8.7,OFF
2026-03-07T14:21:38.000Z,54.8,18,8.7,OFF
2026-03-07T14:22:38.000Z,54.8,17.8,8.7,OFF
2026-03-07T14:23:38.000Z,54.8,17.8,8.7,OFF
2026-03-07T14:24:38.000Z,54.8,17.8,8.7,OFF
2026-03-07T14:25:38.000Z,54.7,17.8,8.7,OFF
2026-03-07T14:26:38.000Z,54.8,17.8,8.7,OFF
2026-03-07T14:27:38.000Z,54.8,17.8,8.7,OFF
2026-03-07T14:28:38.000Z,54.8,17.8,8.7,OFF
2026-03-07T14:29:38.000Z,54.8,17.9,8.7,OFF
2026-03-07T14:30:38.000Z,54.8,17.8,8.7,OFF
2026-03-07T14:31:38.000Z,54.8,17.9,8.7,OFF
2026-03-07T14:32:38.000Z,54.8,17.9,8.7,OFF
2026-03-07T14:33:38.000Z,54.8,17.9,8.7,OFF
2026-03-07T14:34:38.000Z,54.8,17.9,8.7,OFF
2026-03-07T14:35:38.000Z,54.8,17.9,8.7,OFF
2026-03-07T14:36:38.000Z,54.8,18,8.7,OFF
2026-03-07T14:37:38.000Z,54.8,17.9,8.7,OFF
2026-03-07T14:38:38.000Z,54.8,17.9,8.7,OFF
2026-03-07T14:39:38.000Z,54.8,17.8,8.7,OFF
2026-03-07T14:40:38.000Z,54.8,17.9,8.7,OFF
2026-03-07T14:41:38.000Z,54.8,17.8,8.7,OFF
2026-03-07T14:42:38.000Z,54.8,17.8,8.7,OFF
2026-03-07T14:43:38.000Z,54.8,17.8,8.7,OFF
2026-03-07T14:44:38.000Z,54.8,17.9,8.7,OFF
2026-03-07T14:45:38.000Z,54.9,17.8,8.7,OFF
2026-03-07T14:46:38.000Z,54.7,17.8,8.7,OFF
2026-03-07T14:47:38.000Z,54.8,17.8,8.7,OFF
2026-03-07T14:48:38.000Z,54.8,17.8,8.7,OFF
2026-03-07T14:49:38.000Z,54.8,17.9,8.7,OFF
2026-03-07T14:50:38.000Z,54.8,17.9,8.7,OFF
2026-03-07T14:51:38.000Z,54.8,17.9,8.7,OFF
2026-03-07T14:52:38.000Z,54.8,17.9,8.7,OFF
2026-03-07T14:53:38.000Z,54.8,17.9,8.7,OFF
2026-03-07T14:54:38.000Z,54.8,18,8.7,OFF
2026-03-07T14:55:38.000Z,54.8,17.8,8.7,OFF
2026-03-07T14:56:38.000Z,54.8,18,8.7,OFF
2026-03-07T14:57:38.000Z,54.8,17.9,8.7,OFF
2026-03-07T14:58:38.000Z,54.8,17.9,8.7,OFF
2026-03-07T14:59:38.000Z,54.8,17.9,8.7,OFF
2026-03-07T15:00:38.000Z,54.8,17.8,8.7,OFF
2026-03-07T15:01:38.000Z,54.8,17.8,8.7,OFF
2026-03-07T15:02:38.000Z,54.8,17.8,8.7,OFF
2026-03-07T15:03:38.000Z,54.8,17.9,8.7,OFF
2026-03-07T15:04:38.000Z,54.8,17.9,8.7,OFF
2026-03-07T15:05:38.000Z,54.8,17.9,8.7,OFF
2026-03-07T15:06:38.000Z,54.8,17.9,8.7,OFF
2026-03-07T15:07:38.000Z,54.8,18,8.7,OFF
2026-03-07T15:08:38.000Z,54.8,18,8.7,OFF
2026-03-07T15:09:38.000Z,54.8,17.8,8.9,OFF
2026-03-07T15:10:38.000Z,54.8,17.9,8.9,OFF
2026-03-07T15:11:38.000Z,54.8,17.8,8.9,OFF
2026-03-07T15:12:38.000Z,54.8,17.9,8.9,OFF
2026-03-07T15:13:38.000Z,54.8,17.9,8.9,OFF
2026-03-07T15:14:38.000Z,54.8,17.9,8.9,OFF
2026-03-07T15:15:38.000Z,54.8,17.8,8.9,OFF
2026-03-07T15:16:38.000Z,54.8,17.9,8.9,OFF
2026-03-07T15:17:38.000Z,54.8,17.8,8.9,OFF
2026-03-07T15:18:38.000Z,54.8,18,8.9,OFF
2026-03-07T15:19:38.000Z,54.8,17.9,8.9,OFF
2026-03-07T15:20:38.000Z,54.8,17.9,8.9,OFF
2026-03-07T15:21:38.000Z,54.8,18,8.9,OFF
2026-03-07T15:22:38.000Z,54.8,18,8.9,OFF
2026-03-07T15:23:38.000Z,54.8,17.8,8.9,OFF
2026-03-07T15:24:38.000Z,54.8,17.9,8.9,OFF
2026-03-07T15:25:38.000Z,54.8,17.8,8.9,OFF
2026-03-07T15:26:38.000Z,54.8,18,8.9,OFF
2026-03-07T15:27:38.000Z,54.8,17.8,8.9,OFF
2026-03-07T15:28:38.000Z,54.8,17.9,8.9,OFF
2026-03-07T15:29:38.000Z,54.8,17.9,8.9,OFF
2026-03-07T15:30:38.000Z,54.8,17.8,8.9,OFF
2026-03-07T15:31:38.000Z,54.8,17.8,8.9,OFF
2026-03-07T15:32:38.000Z,54.8,17.9,8.9,OFF
2026-03-07T15:33:38.000Z,54.8,17.9,8.9,OFF
2026-03-07T15:34:38.000Z,54.8,17.9,8.9,OFF
2026-03-07T15:35:38.000Z,54.8,18,8.9,OFF
2026-03-07T15:36:38.000Z,54.8,17.9,8.9,OFF
2026-03-07T15:37:38.000Z,54.8,17.9,8.9,OFF
2026-03-07T15:38:38.000Z,54.8,18,8.9,OFF
2026-03-07T15:39:38.000Z,54.8,18,8.9,OFF
2026-03-07T15:40:38.000Z,54.7,18.1,8.9,OFF
2026-03-07T15:41:38.000Z,54.8,17.9,8.9,OFF
2026-03-07T15:42:38.000Z,54.7,17.9,8.9,OFF
2026-03-07T15:43:38.000Z,54.8,17.9,8.9,OFF
2026-03-07T15:44:38.000Z,54.8,18.1,8.9,OFF
2026-03-07T15:45:38.000Z,54.7,17.9,8.9,OFF
2026-03-07T15:46:38.000Z,54.7,18,8.9,OFF
2026-03-07T15:47:38.000Z,54.7,18,8.9,OFF
2026-03-07T15:48:38.000Z,54.8,18,8.9,OFF
2026-03-07T15:49:38.000Z,54.7,18,8.9,OFF
2026-03-07T15:50:38.000Z,54.8,18,8.9,OFF
2026-03-07T15:51:38.000Z,54.7,17.9,8.9,OFF
2026-03-07T15:52:38.000Z,54.7,18,8.9,OFF
2026-03-07T15:53:38.000Z,54.7,18,8.9,OFF
2026-03-07T15:54:38.000Z,54.7,18,8.9,OFF
2026-03-07T15:55:38.000Z,54.8,18,8.9,OFF
2026-03-07T15:56:38.000Z,54.7,18,8.9,OFF
2026-03-07T15:57:38.000Z,54.8,18.1,8.9,OFF
2026-03-07T15:58:38.000Z,54.7,17.9,8.9,OFF
2026-03-07T15:59:38.000Z,54.8,18.1,8.9,OFF
2026-03-07T16:00:38.000Z,54.7,18.1,8.9,OFF
2026-03-07T16:01:38.000Z,54.8,18.1,8.9,OFF
2026-03-07T16:02:38.000Z,54.7,17.8,8.9,OFF
2026-03-07T16:03:38.000Z,54.7,18.1,8.9,OFF
2026-03-07T16:04:38.000Z,54.8,18,8.9,OFF
2026-03-07T16:05:38.000Z,54.7,18.1,8.9,OFF
2026-03-07T16:06:38.000Z,54.7,18,8.9,OFF
2026-03-07T16:07:38.000Z,54.7,18.1,8.9,OFF
2026-03-07T16:08:38.000Z,54.7,18.1,9,OFF
2026-03-07T16:09:38.000Z,54.8,18.1,9,OFF
2026-03-07T16:10:38.000Z,54.7,18.2,9,OFF
2026-03-07T16:11:38.000Z,54.7,18.2,9,OFF
2026-03-07T16:12:38.000Z,54.7,18.2,9,OFF
2026-03-07T16:13:38.000Z,54.7,18.2,9,OFF
2026-03-07T16:14:38.000Z,54.7,18.2,9,OFF
2026-03-07T16:15:38.000Z,54.7,18.2,9,OFF
2026-03-07T16:16:38.000Z,54.7,18.2,9,OFF
2026-03-07T16:17:38.000Z,54.6,18,9,OFF
2026-03-07T16:18:38.000Z,54.7,18.3,9,OFF
2026-03-07T16:19:38.000Z,54.7,18.2,9,OFF
2026-03-07T16:20:38.000Z,54.7,18.4,9,OFF
2026-03-07T16:21:38.000Z,54.7,18.1,9,OFF
2026-03-07T16:22:38.000Z,54.7,18.3,9,OFF
2026-03-07T16:23:38.000Z,54.7,18.2,9,OFF
2026-03-07T16:24:38.000Z,54.7,18.3,9,OFF
2026-03-07T16:25:38.000Z,54.7,18.2,9,OFF
2026-03-07T16:26:38.000Z,54.7,18.3,9,OFF
2026-03-07T16:27:38.000Z,54.7,18.3,9,OFF
2026-03-07T16:28:38.000Z,54.7,18.4,9,OFF
2026-03-07T16:29:38.000Z,54.7,18.3,9,OFF
2026-03-07T16:30:38.000Z,54.7,18.4,9,OFF
2026-03-07T16:31:38.000Z,54.7,18.4,9,OFF
2026-03-07T16:32:38.000Z,54.7,18.5,9,OFF
2026-03-07T16:33:38.000Z,54.7,18.4,9,OFF
2026-03-07T16:34:38.000Z,54.7,18.5,9,OFF
2026-03-07T16:35:38.000Z,54.7,18.3,9,OFF
2026-03-07T16:36:38.000Z,54.7,18.3,9,OFF
2026-03-07T16:37:38.000Z,54.7,18.1,9,OFF
2026-03-07T16:38:38.000Z,54.7,18.3,9,OFF
2026-03-07T16:39:38.000Z,54.7,18.3,9,OFF
2026-03-07T16:40:38.000Z,54.6,18.2,9,OFF
2026-03-07T16:41:38.000Z,54.7,18.3,8.8,OFF
2026-03-07T16:42:38.000Z,54.7,18.3,8.8,OFF
2026-03-07T16:43:38.000Z,54.7,18.3,8.8,OFF
2026-03-07T16:44:38.000Z,54.7,18.5,8.8,OFF
2026-03-07T16:45:38.000Z,54.7,18.3,8.8,OFF
2026-03-07T16:46:38.000Z,54.7,18.4,8.8,OFF
2026-03-07T16:47:38.000Z,54.7,18.4,8.8,OFF
2026-03-07T16:48:38.000Z,54.7,18.5,8.8,OFF
2026-03-07T16:49:38.000Z,54.7,18.4,8.8,OFF
2026-03-07T16:50:38.000Z,54.7,18.4,8.8,OFF
2026-03-07T16:51:38.000Z,54.7,18.3,8.8,OFF
2026-03-07T16:52:38.000Z,54.7,18.5,8.8,OFF
2026-03-07T16:53:38.000Z,54.7,18.2,8.8,OFF
2026-03-07T16:54:38.000Z,54.7,18.3,8.8,OFF
2026-03-07T16:55:38.000Z,54.7,18.4,8.8,OFF
2026-03-07T16:56:38.000Z,54.6,18.5,8.8,OFF
2026-03-07T16:57:38.000Z,54.7,18.3,8.8,OFF
2026-03-07T16:58:38.000Z,54.7,18.3,8.8,OFF
2026-03-07T16:59:38.000Z,54.7,18.4,8.8,OFF
2026-03-07T17:00:38.000Z,54.7,18.4,8.8,OFF
2026-03-07T17:01:38.000Z,54.7,18.4,8.8,OFF
2026-03-07T17:02:38.000Z,54.7,18.4,8.8,OFF
2026-03-07T17:03:38.000Z,54.7,18.4,8.8,OFF
2026-03-07T17:04:38.000Z,54.7,18.4,8.8,OFF
2026-03-07T17:05:38.000Z,54.7,18.4,8.8,OFF
2026-03-07T17:06:38.000Z,54.7,18.5,8.8,OFF
2026-03-07T17:07:38.000Z,54.7,18.3,8.8,OFF
2026-03-07T17:08:38.000Z,54.7,18.6,8.8,OFF
2026-03-07T17:09:38.000Z,54.7,18.4,8.8,OFF
2026-03-07T17:10:38.000Z,54.7,18.6,8.8,OFF
2026-03-07T17:11:38.000Z,54.7,18.2,8.8,OFF
2026-03-07T17:12:38.000Z,54.7,18.4,8.8,OFF
2026-03-07T17:13:38.000Z,54.7,18.3,8.8,OFF
2026-03-07T17:14:38.000Z,54.7,18.2,8.8,OFF
2026-03-07T17:15:38.000Z,54.7,18.3,8.8,OFF
2026-03-07T17:16:38.000Z,54.7,18.3,8.8,OFF
2026-03-07T17:17:38.000Z,54.7,18.3,8.8,OFF
2026-03-07T17:18:38.000Z,54.7,18.3,8.8,OFF
2026-03-07T17:19:38.000Z,54.7,18.3,8.8,OFF
2026-03-07T17:20:38.000Z,54.7,18.3,8.8,OFF
2026-03-07T17:21:38.000Z,54.7,18.3,8.8,OFF
2026-03-07T17:22:38.000Z,54.7,18.3,8.8,OFF
2026-03-07T17:23:38.000Z,54.7,18.3,8.8,OFF
2026-03-07T17:24:38.000Z,54.7,18.4,8.8,OFF
2026-03-07T17:25:38.000Z,54.7,18.3,8.8,OFF
2026-03-07T17:26:38.000Z,54.7,18.3,8.8,OFF
2026-03-07T17:27:38.000Z,54.7,18.3,8.8,OFF
2026-03-07T17:28:38.000Z,54.7,18.3,8.8,OFF
2026-03-07T17:29:38.000Z,54.7,18.3,8.8,OFF
2026-03-07T17:30:38.000Z,54.7,18.2,8.8,OFF
2026-03-07T17:31:38.000Z,54.7,18.2,8.8,OFF
2026-03-07T17:32:38.000Z,54.7,18.3,8.8,OFF
2026-03-07T17:33:38.000Z,54.7,18.2,8.8,OFF
2026-03-07T17:34:38.000Z,54.7,18.2,8.8,OFF
2026-03-07T17:35:38.000Z,54.7,18.1,8.8,OFF
2026-03-07T17:36:38.000Z,54.7,18.2,8.8,OFF
2026-03-07T17:37:38.000Z,54.8,18.2,8.8,OFF
2026-03-07T17:38:38.000Z,54.7,18.2,8.8,OFF
2026-03-07T17:39:38.000Z,54.7,18.2,8.8,OFF
2026-03-07T17:40:38.000Z,54.7,18.2,8.8,OFF
2026-03-07T17:41:38.000Z,54.7,18.2,8.6,OFF
2026-03-07T17:42:38.000Z,54.7,18.2,8.6,OFF
2026-03-07T17:43:38.000Z,54.8,18.2,8.6,OFF
2026-03-07T17:44:38.000Z,54.7,18.2,8.6,OFF
2026-03-07T17:45:38.000Z,54.7,18.1,8.6,OFF
2026-03-07T17:46:38.000Z,54.8,18.2,8.6,OFF
2026-03-07T17:47:38.000Z,54.7,18.2,8.6,OFF
2026-03-07T17:48:38.000Z,54.8,18.2,8.6,OFF
2026-03-07T17:49:38.000Z,54.7,18.1,8.6,OFF
2026-03-07T17:50:38.000Z,54.7,18.1,8.6,OFF
2026-03-07T17:51:38.000Z,54.7,18.2,8.6,OFF
2026-03-07T17:52:38.000Z,54.7,18.1,8.6,OFF
2026-03-07T17:53:38.000Z,54.7,18.2,8.6,OFF
2026-03-07T17:54:38.000Z,54.7,18.2,8.6,OFF
2026-03-07T17:55:38.000Z,54.7,18.1,8.6,OFF
2026-03-07T17:56:38.000Z,54.8,18.2,8.6,OFF
2026-03-07T17:57:38.000Z,54.7,18.2,8.6,OFF
2026-03-07T17:58:38.000Z,54.7,18.2,8.6,OFF
2026-03-07T17:59:38.000Z,54.8,18.2,8.6,OFF
2026-03-07T18:00:38.000Z,54.7,18.2,8.6,OFF
2026-03-07T18:01:38.000Z,54.7,17.9,8.6,OFF
2026-03-07T18:02:38.000Z,54.8,18.3,8.6,OFF
2026-03-07T18:03:38.000Z,54.8,18.1,8.6,OFF
2026-03-07T18:04:38.000Z,54.8,18.1,8.6,OFF
2026-03-07T18:05:38.000Z,54.7,18,8.6,OFF
2026-03-07T18:06:38.000Z,54.7,18.1,8.6,OFF
2026-03-07T18:07:38.000Z,54.8,18.1,8.6,OFF
2026-03-07T18:08:38.000Z,54.7,18.1,8.6,OFF
2026-03-07T18:09:38.000Z,54.8,18.1,8.6,OFF
2026-03-07T18:10:38.000Z,54.7,18.1,8.6,OFF
2026-03-07T18:11:38.000Z,54.7,18.2,8.6,OFF
2026-03-07T18:12:38.000Z,54.8,18.2,8.6,OFF
2026-03-07T18:13:38.000Z,54.8,18.2,8.6,OFF
2026-03-07T18:14:38.000Z,54.7,18.2,8.6,OFF
2026-03-07T18:15:38.000Z,54.8,18.1,8.6,OFF
2026-03-07T18:16:38.000Z,54.8,18.3,8.6,OFF
2026-03-07T18:17:38.000Z,54.7,18.2,8.6,OFF
2026-03-07T18:18:38.000Z,54.7,18.2,8.6,OFF
2026-03-07T18:19:38.000Z,54.7,18.1,8.6,OFF
2026-03-07T18:20:38.000Z,54.8,18.1,8.6,OFF
2026-03-07T18:21:38.000Z,54.7,18.1,8.6,OFF
2026-03-07T18:22:38.000Z,54.8,18.5,8.6,OFF
2026-03-07T18:23:38.000Z,54.8,18.1,8.6,OFF
2026-03-07T18:24:38.000Z,54.8,18.2,8.6,OFF
2026-03-07T18:25:38.000Z,54.7,18.1,8.6,OFF
2026-03-07T18:26:38.000Z,54.8,18.1,8.6,OFF
2026-03-07T18:27:38.000Z,54.8,18.1,8.6,OFF
2026-03-07T18:28:38.000Z,54.8,18.1,8.6,OFF
2026-03-07T18:29:38.000Z,54.8,18.2,8.6,OFF
2026-03-07T18:30:38.000Z,54.8,18.3,8.6,OFF
2026-03-07T18:31:38.000Z,54.7,18.2,8.6,OFF
2026-03-07T18:32:38.000Z,54.8,18.1,8.6,OFF
2026-03-07T18:33:38.000Z,54.8,18.3,8.6,OFF
2026-03-07T18:34:38.000Z,54.8,18.1,8.6,OFF
2026-03-07T18:35:38.000Z,54.8,18.4,8.6,OFF
2026-03-07T18:36:38.000Z,54.7,18,8.6,OFF
2026-03-07T18:37:38.000Z,54.8,18,8.6,OFF
2026-03-07T18:38:38.000Z,54.8,18,8.6,OFF
2026-03-07T18:39:38.000Z,54.8,18.1,8.6,OFF
2026-03-07T18:40:38.000Z,54.8,18.1,8.6,OFF
2026-03-07T18:41:38.000Z,54.8,18.1,8.6,OFF
2026-03-07T18:42:38.000Z,54.8,18.2,8.6,OFF
2026-03-07T18:43:38.000Z,54.8,18.1,8.6,OFF
2026-03-07T18:44:38.000Z,54.8,18,8.6,OFF
2026-03-07T18:45:38.000Z,54.8,18.1,8.6,OFF
2026-03-07T18:46:38.000Z,54.8,18.2,8.6,OFF
2026-03-07T18:47:38.000Z,54.8,18.2,8.6,OFF
2026-03-07T18:48:38.000Z,54.8,18.1,8.6,OFF
2026-03-07T18:49:38.000Z,54.8,18.3,8.6,OFF
2026-03-07T18:50:38.000Z,54.8,18.1,8.6,OFF
2026-03-07T18:51:38.000Z,54.8,18.1,8.6,OFF
2026-03-07T18:52:38.000Z,54.7,17.9,8.6,OFF
2026-03-07T18:53:38.000Z,54.8,18,8.5,OFF
2026-03-07T18:54:38.000Z,54.8,18,8.5,OFF
2026-03-07T18:55:38.000Z,54.8,18,8.5,OFF
2026-03-07T18:56:38.000Z,54.8,18,8.5,OFF
2026-03-07T18:57:38.000Z,54.8,18.1,8.5,OFF
2026-03-07T18:58:38.000Z,54.8,18.1,8.5,OFF
2026-03-07T18:59:38.000Z,54.8,18.1,8.5,OFF
2026-03-07T19:00:38.000Z,54.8,18.1,8.5,OFF
2026-03-07T19:01:38.000Z,54.8,18.1,8.5,OFF
2026-03-07T19:02:38.000Z,54.8,18.1,8.5,OFF
2026-03-07T19:03:38.000Z,54.8,18,8.5,OFF
2026-03-07T19:04:38.000Z,54.8,18.1,8.5,OFF
2026-03-07T19:05:38.000Z,54.8,18.1,8.5,OFF
2026-03-07T19:06:38.000Z,54.8,18.1,8.5,OFF
2026-03-07T19:07:38.000Z,54.8,18,8.5,OFF
2026-03-07T19:08:38.000Z,54.7,18,8.5,OFF
2026-03-07T19:09:38.000Z,54.8,18,8.5,OFF
2026-03-07T19:10:38.000Z,54.8,18.1,8.5,OFF
2026-03-07T19:11:38.000Z,54.8,18,8.5,OFF
2026-03-07T19:12:38.000Z,54.8,18,8.5,OFF
2026-03-07T19:13:38.000Z,54.7,18,8.5,OFF
2026-03-07T19:14:38.000Z,54.8,18,8.5,OFF
2026-03-07T19:15:38.000Z,54.8,18,8.5,OFF
2026-03-07T19:16:38.000Z,54.8,18,8.5,OFF
2026-03-07T19:17:38.000Z,54.8,18,8.5,OFF
2026-03-07T19:18:38.000Z,54.8,18.2,8.5,OFF
2026-03-07T19:19:38.000Z,54.8,18,8.5,OFF
2026-03-07T19:20:38.000Z,54.8,18,8.5,OFF
2026-03-07T19:21:38.000Z,54.8,18.1,8.5,OFF
2026-03-07T19:22:38.000Z,54.8,18,8.5,OFF
2026-03-07T19:23:38.000Z,54.8,17.9,8.5,OFF
2026-03-07T19:24:38.000Z,54.8,18,8.5,OFF
2026-03-07T19:25:38.000Z,54.7,17.5,8.5,OFF
2026-03-07T19:26:38.000Z,54.8,18.2,8.5,OFF
2026-03-07T19:27:38.000Z,54.8,17.9,8.5,OFF
2026-03-07T19:28:38.000Z,54.8,18,8.5,OFF
2026-03-07T19:29:38.000Z,54.8,17.9,8.5,OFF
2026-03-07T19:30:38.000Z,54.8,18,8.5,OFF
2026-03-07T19:31:38.000Z,54.8,17.9,8.5,OFF
2026-03-07T19:32:38.000Z,54.7,17.9,8.5,OFF
2026-03-07T19:33:38.000Z,54.8,18,8.5,OFF
2026-03-07T19:34:38.000Z,54.8,18,8.5,OFF
2026-03-07T19:35:38.000Z,54.8,18,8.5,OFF
2026-03-07T19:36:38.000Z,54.8,18,8.5,OFF
2026-03-07T19:37:38.000Z,54.8,17.9,8.5,OFF
2026-03-07T19:38:38.000Z,54.8,17.9,8.5,OFF
2026-03-07T19:39:38.000Z,54.8,18.1,8.5,OFF
2026-03-07T19:40:38.000Z,54.8,17.9,8.5,OFF
2026-03-07T19:41:38.000Z,54.8,18,8.5,OFF
2026-03-07T19:42:38.000Z,54.8,17.8,8.5,OFF
2026-03-07T19:43:38.000Z,54.8,18,8.5,OFF
2026-03-07T19:44:38.000Z,54.8,17.8,8.5,OFF
2026-03-07T19:45:38.000Z,54.8,17.9,8.5,OFF
2026-03-07T19:46:38.000Z,54.8,17.9,8.5,OFF
2026-03-07T19:47:38.000Z,54.8,18.2,8.5,OFF
2026-03-07T19:48:38.000Z,54.8,17.9,8.5,OFF
2026-03-07T19:49:38.000Z,54.8,17.9,8.5,OFF
2026-03-07T19:50:38.000Z,54.8,18,8.5,OFF
2026-03-07T19:51:38.000Z,54.8,17.9,8.5,OFF
2026-03-07T19:52:38.000Z,54.8,17.9,8.5,OFF
2026-03-07T19:53:38.000Z,54.8,17.8,8.5,OFF
2026-03-07T19:54:38.000Z,54.8,17.9,8.5,OFF
2026-03-07T19:55:38.000Z,54.8,17.9,8.5,OFF
2026-03-07T19:56:38.000Z,54.8,18,8.5,OFF
2026-03-07T19:57:38.000Z,54.8,18,8.5,OFF
2026-03-07T19:58:38.000Z,54.8,18,8.5,OFF
2026-03-07T19:59:38.000Z,54.8,17.9,8.5,OFF
2026-03-07T20:00:38.000Z,54.8,17.9,8.5,OFF
2026-03-07T20:01:38.000Z,54.8,17.8,8.5,OFF
2026-03-07T20:02:38.000Z,54.8,17.8,8.5,OFF
2026-03-07T20:03:38.000Z,54.8,17.9,8.5,OFF
2026-03-07T20:04:38.000Z,54.8,17.8,8.5,OFF
2026-03-07T20:05:38.000Z,54.8,17.8,8.5,OFF
2026-03-07T20:06:38.000Z,54.8,17.7,8.5,OFF
2026-03-07T20:07:38.000Z,54.8,17.8,8.5,OFF
2026-03-07T20:08:38.000Z,54.8,17.9,8.5,OFF
2026-03-07T20:09:38.000Z,54.8,17.9,8.5,OFF
2026-03-07T20:10:38.000Z,54.8,17.9,8.5,OFF
2026-03-07T20:11:38.000Z,54.8,17.9,8.5,OFF
2026-03-07T20:12:38.000Z,54.8,17.9,8.5,OFF
2026-03-07T20:13:38.000Z,54.8,17.8,8.5,OFF
2026-03-07T20:14:38.000Z,54.8,17.9,8.5,OFF
2026-03-07T20:15:38.000Z,54.8,18.1,8.5,OFF
2026-03-07T20:16:38.000Z,54.8,18,8.5,OFF
2026-03-07T20:17:38.000Z,54.8,17.8,8.5,OFF
2026-03-07T20:18:38.000Z,54.8,17.8,8.5,OFF
2026-03-07T20:19:38.000Z,54.8,17.7,8.5,OFF
2026-03-07T20:20:38.000Z,54.8,17.8,8.5,OFF
2026-03-07T20:21:38.000Z,54.8,17.8,8.4,OFF
2026-03-07T20:22:38.000Z,54.8,17.9,8.4,OFF
2026-03-07T20:23:38.000Z,54.8,17.7,8.4,OFF
2026-03-07T20:24:38.000Z,54.8,17.8,8.4,OFF
2026-03-07T20:25:38.000Z,54.8,17.8,8.4,OFF
2026-03-07T20:26:38.000Z,54.8,17.8,8.4,OFF
2026-03-07T20:27:38.000Z,54.8,17.8,8.4,OFF
2026-03-07T20:28:38.000Z,54.8,17.8,8.4,OFF
2026-03-07T20:29:38.000Z,54.8,17.8,8.4,OFF
2026-03-07T20:30:38.000Z,54.8,17.8,8.4,OFF
2026-03-07T20:31:38.000Z,54.8,17.8,8.4,OFF
2026-03-07T20:32:38.000Z,54.8,17.9,8.4,OFF
2026-03-07T20:33:38.000Z,54.8,17.8,8.4,OFF
2026-03-07T20:35:38.000Z,54.8,17.8,8.4,OFF
2026-03-07T20:36:38.000Z,54.8,17.6,8.4,OFF
2026-03-07T20:37:38.000Z,54.8,17.9,8.4,OFF
2026-03-07T20:38:38.000Z,54.8,17.9,8.4,OFF
2026-03-07T20:39:38.000Z,54.8,17.7,8.4,OFF
2026-03-07T20:40:38.000Z,54.8,17.7,8.4,OFF
2026-03-07T20:41:38.000Z,54.8,17.7,8.4,OFF
2026-03-07T20:42:38.000Z,54.8,17.7,8.4,OFF
2026-03-07T20:43:38.000Z,54.8,17.7,8.4,OFF
2026-03-07T20:44:38.000Z,54.8,17.8,8.4,OFF
2026-03-07T20:45:38.000Z,54.8,17.8,8.4,OFF
2026-03-07T20:46:38.000Z,54.8,17.7,8.4,OFF
2026-03-07T20:47:38.000Z,54.8,17.7,8.4,OFF
2026-03-07T20:48:38.000Z,54.8,17.8,8.4,OFF
2026-03-07T20:49:38.000Z,54.8,17.8,8.4,OFF
2026-03-07T20:50:38.000Z,54.8,17.9,8.4,OFF
2026-03-07T20:51:38.000Z,54.8,17.8,8.4,OFF
2026-03-07T20:52:38.000Z,54.8,17.7,8.4,OFF
2026-03-07T20:53:38.000Z,54.8,17.8,8.4,OFF
2026-03-07T20:54:38.000Z,54.8,17.7,8.4,OFF
2026-03-07T20:55:38.000Z,54.8,17.9,8.4,OFF
2026-03-07T20:56:38.000Z,54.8,17.7,8.4,OFF
2026-03-07T20:57:38.000Z,54.8,17.7,8.4,OFF
2026-03-07T20:58:38.000Z,54.9,17.7,8.4,OFF
2026-03-07T20:59:38.000Z,54.8,17.7,8.4,OFF
2026-03-07T21:00:38.000Z,54.9,17.9,8.4,OFF
2026-03-07T21:01:38.000Z,54.8,17.8,8.4,OFF
2026-03-07T21:02:38.000Z,54.8,17.7,8.4,OFF
2026-03-07T21:03:38.000Z,54.9,18,8.4,OFF
2026-03-07T21:04:38.000Z,54.9,18.1,8.4,OFF
2026-03-07T21:05:38.000Z,54.8,17.7,8.4,OFF
2026-03-07T21:06:38.000Z,54.8,17.8,8.4,OFF
2026-03-07T21:07:38.000Z,54.8,17.6,8.4,OFF
2026-03-07T21:08:38.000Z,54.8,17.7,8.4,OFF
2026-03-07T21:09:38.000Z,54.8,17.7,8.4,OFF
2026-03-07T21:10:38.000Z,54.8,17.7,8.4,OFF
2026-03-07T21:11:38.000Z,54.8,17.6,8.4,OFF
2026-03-07T21:12:38.000Z,54.8,18,8.4,OFF
2026-03-07T21:13:38.000Z,54.8,17.7,8.4,OFF
2026-03-07T21:14:38.000Z,54.8,17.6,8.4,OFF
2026-03-07T21:15:38.000Z,54.8,17.8,8.4,OFF
2026-03-07T21:16:38.000Z,54.8,17.7,8.4,OFF
2026-03-07T21:17:38.000Z,54.9,17.6,8.4,OFF
2026-03-07T21:18:38.000Z,54.8,17.7,8.4,OFF
2026-03-07T21:19:38.000Z,54.8,17.6,8.4,OFF
2026-03-07T21:20:38.000Z,54.8,17.7,8.4,OFF
2026-03-07T21:21:38.000Z,54.8,17.7,8.4,OFF
2026-03-07T21:22:38.000Z,54.8,17.6,8.4,OFF
2026-03-07T21:23:38.000Z,54.8,17.7,8.4,OFF
2026-03-07T21:24:38.000Z,54.8,17.7,8.4,OFF
2026-03-07T21:25:38.000Z,54.8,17.7,8.4,OFF
2026-03-07T21:26:38.000Z,54.9,17.7,8.4,OFF
2026-03-07T21:27:38.000Z,54.9,17.7,8.4,OFF
2026-03-07T21:28:38.000Z,54.8,17.7,8.4,OFF
2026-03-07T21:29:38.000Z,54.8,17.7,8.4,OFF
2026-03-07T21:30:38.000Z,54.8,17.7,8.4,OFF
2026-03-07T21:31:38.000Z,54.8,18.1,8.4,OFF
2026-03-07T21:32:38.000Z,54.9,17.8,8.4,OFF
2026-03-07T21:33:38.000Z,54.8,17.8,8.4,OFF
2026-03-07T21:34:38.000Z,54.9,17.7,8.4,OFF
2026-03-07T21:35:38.000Z,54.8,17.8,8.4,OFF
2026-03-07T21:36:38.000Z,54.8,17.6,8.4,OFF
2026-03-07T21:37:38.000Z,54.8,17.7,8.4,OFF
2026-03-07T21:38:38.000Z,54.8,17.6,8.4,OFF
2026-03-07T21:39:38.000Z,54.8,17.6,8.4,OFF
2026-03-07T21:40:38.000Z,54.9,17.7,8.4,OFF
2026-03-07T21:41:38.000Z,54.8,17.7,8.4,OFF
2026-03-07T21:42:38.000Z,54.9,17.5,8.4,OFF
2026-03-07T21:43:38.000Z,54.8,17.6,8.4,OFF
2026-03-07T21:44:38.000Z,54.9,17.6,8.4,OFF
2026-03-07T21:45:38.000Z,54.9,17.7,8.4,OFF
2026-03-07T21:46:38.000Z,54.8,17.6,8.4,OFF
2026-03-07T21:47:38.000Z,54.9,17.6,8.4,OFF
2026-03-07T21:48:38.000Z,54.8,17.7,8.4,OFF
2026-03-07T21:49:38.000Z,54.8,17.7,8.4,OFF
2026-03-07T21:50:38.000Z,54.8,17.6,8.4,OFF
2026-03-07T21:51:38.000Z,54.8,17.9,8.4,OFF
2026-03-07T21:52:38.000Z,54.8,17.5,8.4,OFF
2026-03-07T21:53:38.000Z,54.8,17.6,8.4,OFF
2026-03-07T21:54:38.000Z,54.8,17.7,8.4,OFF
2026-03-07T21:55:38.000Z,54.9,17.6,8.4,OFF
2026-03-07T21:56:38.000Z,54.9,17.6,8.4,OFF
2026-03-07T21:57:38.000Z,54.9,17.6,8.4,OFF
2026-03-07T21:58:38.000Z,54.9,17.6,8.4,OFF
2026-03-07T21:59:38.000Z,54.8,17.7,8.4,OFF
2026-03-07T22:00:38.000Z,54.8,17.6,8.4,OFF
2026-03-07T22:01:38.000Z,54.8,17.7,8.4,OFF
2026-03-07T22:02:38.000Z,54.9,17.6,8.4,OFF
2026-03-07T22:03:38.000Z,54.8,17.6,8.4,OFF
2026-03-07T22:04:38.000Z,54.8,17.6,8.4,OFF
2026-03-07T22:05:38.000Z,54.9,17.6,8.4,OFF
2026-03-07T22:06:38.000Z,54.8,17.7,8.4,OFF
2026-03-07T22:07:38.000Z,54.8,17.6,8.4,OFF
2026-03-07T22:08:38.000Z,54.8,17.7,8.4,OFF
2026-03-07T22:09:38.000Z,54.9,17.8,8.4,OFF
2026-03-07T22:10:38.000Z,54.9,17.5,8.4,OFF
2026-03-07T22:11:38.000Z,54.9,17.6,8.4,OFF
2026-03-07T22:12:38.000Z,54.9,17.6,8.4,OFF
2026-03-07T22:13:38.000Z,54.8,17.5,8.4,OFF
2026-03-07T22:14:38.000Z,54.8,17.6,8.4,OFF
2026-03-07T22:15:38.000Z,54.8,17.6,8.4,OFF
2026-03-07T22:16:38.000Z,54.8,17.7,8.4,OFF
2026-03-07T22:17:38.000Z,54.9,17.8,8.4,OFF
2026-03-07T22:18:38.000Z,54.9,17.9,8.4,OFF
2026-03-07T22:19:38.000Z,54.8,17.6,8.4,OFF
2026-03-07T22:20:38.000Z,54.8,17.5,8.4,OFF
2026-03-07T22:21:38.000Z,54.8,17.5,8.4,OFF
2026-03-07T22:22:38.000Z,54.8,17.5,8.4,OFF
2026-03-07T22:23:38.000Z,54.8,17.4,8.4,OFF
2026-03-07T22:24:38.000Z,54.9,17.5,8.4,OFF
2026-03-07T22:25:38.000Z,54.8,17.6,8.4,OFF
2026-03-07T22:26:38.000Z,54.8,17.6,8.4,OFF
2026-03-07T22:27:38.000Z,54.9,17.8,8.4,OFF
2026-03-07T22:28:38.000Z,54.9,17.6,8.4,OFF
2026-03-07T22:29:38.000Z,54.8,17.6,8.4,OFF
2026-03-07T22:30:38.000Z,54.8,17.6,8.4,OFF
2026-03-07T22:31:38.000Z,54.8,17.6,8.4,OFF
2026-03-07T22:32:38.000Z,54.9,17.6,8.4,OFF
2026-03-07T22:33:38.000Z,54.9,17.5,8.4,OFF
2026-03-07T22:34:38.000Z,54.8,17.6,8.4,OFF
2026-03-07T22:35:38.000Z,54.8,17.6,8.4,OFF
2026-03-07T22:36:38.000Z,54.9,17.5,8.4,OFF
2026-03-07T22:37:38.000Z,54.8,17.6,8.4,OFF
2026-03-07T22:38:38.000Z,54.8,17.6,8.4,OFF
2026-03-07T22:39:38.000Z,54.8,17.5,8.4,OFF
2026-03-07T22:40:38.000Z,54.8,17.5,8.4,OFF
2026-03-07T22:41:38.000Z,54.8,17.5,8.3,OFF
2026-03-07T22:42:38.000Z,54.8,17.3,8.3,OFF
2026-03-07T22:43:38.000Z,54.9,17.5,8.3,OFF
2026-03-07T22:44:38.000Z,54.9,17.6,8.3,OFF
2026-03-07T22:45:38.000Z,54.9,17.6,8.3,OFF
2026-03-07T22:46:38.000Z,54.9,17.6,8.3,OFF
2026-03-07T22:47:38.000Z,54.9,17.6,8.3,OFF
2026-03-07T22:48:38.000Z,54.9,17.6,8.3,OFF
2026-03-07T22:49:38.000Z,54.8,17.6,8.3,OFF
2026-03-07T22:50:38.000Z,54.9,17.6,8.3,OFF
2026-03-07T22:51:38.000Z,54.8,17.5,8.3,OFF
2026-03-07T22:52:38.000Z,54.9,17.6,8.3,OFF
2026-03-07T22:53:38.000Z,54.9,17.5,8.3,OFF
2026-03-07T22:54:38.000Z,54.9,17.5,8.3,OFF
2026-03-07T22:55:38.000Z,54.9,17.5,8.3,OFF
2026-03-07T22:56:38.000Z,54.9,17.6,8.3,OFF
2026-03-07T22:57:38.000Z,54.9,17.5,8.3,OFF
2026-03-07T22:58:38.000Z,54.9,17.5,8.3,OFF
2026-03-07T22:59:38.000Z,54.9,17.4,8.3,OFF
2026-03-07T23:00:38.000Z,54.9,17.5,8.3,OFF
2026-03-07T23:01:38.000Z,54.9,17.5,8.3,OFF
2026-03-07T23:02:38.000Z,54.9,17.4,8.3,OFF
2026-03-07T23:03:38.000Z,54.8,17.4,8.3,OFF
2026-03-07T23:04:38.000Z,54.8,17.5,8.3,OFF
2026-03-07T23:05:38.000Z,54.9,17.6,8.3,OFF
2026-03-07T23:06:38.000Z,54.9,17.5,8.3,OFF
2026-03-07T23:07:38.000Z,54.9,17.5,8.3,OFF
2026-03-07T23:08:38.000Z,54.9,17.6,8.3,OFF
2026-03-07T23:09:38.000Z,54.9,17.6,8.3,OFF
2026-03-07T23:10:38.000Z,54.9,17.5,8.3,OFF
2026-03-07T23:11:38.000Z,54.8,17.6,8.3,OFF
2026-03-07T23:12:38.000Z,54.8,17.5,8.3,OFF
2026-03-07T23:13:38.000Z,54.9,17.5,8.3,OFF
2026-03-07T23:14:38.000Z,54.9,17.5,8.3,OFF
2026-03-07T23:15:38.000Z,54.9,17.5,8.3,OFF
2026-03-07T23:16:38.000Z,54.9,17.5,8.3,OFF
2026-03-07T23:17:38.000Z,54.8,17.5,8.3,OFF
2026-03-07T23:18:38.000Z,54.9,17.5,8.3,OFF
2026-03-07T23:19:38.000Z,54.9,17.6,8.3,OFF
2026-03-07T23:20:38.000Z,54.9,17.6,8.3,OFF
2026-03-07T23:21:38.000Z,54.9,17.5,8.3,OFF
2026-03-07T23:22:38.000Z,54.8,17.6,8.3,OFF
2026-03-07T23:23:38.000Z,54.8,17.5,8.3,OFF
2026-03-07T23:24:38.000Z,54.8,17.6,8.3,OFF
2026-03-07T23:25:38.000Z,54.9,17.5,8.3,OFF
2026-03-07T23:26:38.000Z,54.8,17.5,8.3,OFF
2026-03-07T23:27:38.000Z,54.8,17.5,8.3,OFF
2026-03-07T23:28:38.000Z,54.8,17.5,8.3,OFF
2026-03-07T23:29:38.000Z,54.8,17.5,8.3,OFF
2026-03-07T23:30:38.000Z,54.8,17.5,8.3,OFF
2026-03-07T23:31:38.000Z,54.9,17.7,8.3,OFF
2026-03-07T23:32:38.000Z,54.8,17.7,8.3,OFF
2026-03-07T23:33:38.000Z,54.9,17.7,8.3,OFF
2026-03-07T23:34:38.000Z,54.9,17.8,8.3,OFF
2026-03-07T23:35:38.000Z,54.9,17.9,8.3,OFF
2026-03-07T23:36:38.000Z,54.8,17.8,8.3,OFF
2026-03-07T23:37:38.000Z,54.9,17.9,8.3,OFF
2026-03-07T23:38:38.000Z,54.8,17.9,8.3,OFF
2026-03-07T23:39:38.000Z,54.8,17.9,8.3,OFF
2026-03-07T23:40:38.000Z,54.8,17.9,8.3,OFF
2026-03-07T23:41:38.000Z,54.8,17.9,8.3,OFF
2026-03-07T23:42:38.000Z,54.8,17.8,8.3,OFF
2026-03-07T23:43:38.000Z,54.8,18,8.3,OFF
2026-03-07T23:44:38.000Z,54.8,17.8,8.3,OFF
2026-03-07T23:45:38.000Z,54.8,18,8.3,OFF
2026-03-07T23:46:38.000Z,54.8,18,8.3,OFF
2026-03-07T23:47:38.000Z,54.8,17.9,8.3,OFF
2026-03-07T23:48:38.000Z,54.8,18,8.3,OFF
2026-03-07T23:49:38.000Z,54.8,17.9,8.3,OFF
2026-03-07T23:50:38.000Z,54.8,18,8.3,OFF
2026-03-07T23:51:38.000Z,54.8,17.9,8.3,OFF
2026-03-07T23:52:38.000Z,54.8,17.9,8.3,OFF
2026-03-07T23:53:38.000Z,54.8,17.9,8.3,OFF
2026-03-07T23:54:38.000Z,54.8,17.9,8.3,OFF
2026-03-07T23:55:38.000Z,54.8,17.9,8.3,OFF
2026-03-07T23:56:38.000Z,54.8,17.9,8.3,OFF
2026-03-07T23:57:38.000Z,54.8,18,8.3,OFF
2026-03-07T23:58:38.000Z,54.8,18,8.3,OFF
2026-03-07T23:59:38.000Z,54.8,17.9,8.3,OFF
2026-03-08T00:00:38.000Z,54.8,18,8.3,OFF
2026-03-08T00:01:38.000Z,54.8,18,8.3,OFF
2026-03-08T00:02:38.000Z,54.8,18.1,8.3,OFF
2026-03-08T00:03:38.000Z,54.8,18,8.3,OFF
2026-03-08T00:04:38.000Z,54.8,18.1,8.3,OFF
2026-03-08T00:05:38.000Z,54.8,18,8.3,OFF
2026-03-08T00:06:38.000Z,54.8,18,8.3,OFF
2026-03-08T00:07:38.000Z,54.8,18.1,8.3,OFF
2026-03-08T00:08:38.000Z,54.8,17.9,8.3,OFF
2026-03-08T00:09:38.000Z,54.8,18,8.3,OFF
2026-03-08T00:10:38.000Z,54.8,18,8.3,OFF
2026-03-08T00:11:38.000Z,54.8,18,8.3,OFF
2026-03-08T00:12:38.000Z,54.8,18,8.3,OFF
2026-03-08T00:13:38.000Z,54.8,18,8.3,OFF
2026-03-08T00:14:38.000Z,54.8,18.1,8.3,OFF
2026-03-08T00:15:38.000Z,54.8,18.1,8.3,OFF
2026-03-08T00:16:38.000Z,54.8,18.1,8.3,OFF
2026-03-08T00:17:38.000Z,54.8,18.3,8.3,OFF
2026-03-08T00:18:38.000Z,54.8,18.2,8.3,OFF
2026-03-08T00:19:38.000Z,54.8,18.1,8.3,OFF
2026-03-08T00:20:38.000Z,54.8,18.2,8.3,OFF
2026-03-08T00:21:38.000Z,54.8,18,8.3,OFF
2026-03-08T00:22:38.000Z,54.8,18.2,8.3,OFF
2026-03-08T00:23:38.000Z,54.8,18.2,8.3,OFF
2026-03-08T00:24:38.000Z,54.8,18.2,8.3,OFF
2026-03-08T00:25:38.000Z,54.8,18.2,8.3,OFF
2026-03-08T00:26:38.000Z,54.8,18.2,8.3,OFF
2026-03-08T00:27:38.000Z,54.7,18.2,8.3,OFF
2026-03-08T00:28:38.000Z,54.7,18.2,8.3,OFF
2026-03-08T00:29:38.000Z,54.8,18.2,8.3,OFF
2026-03-08T00:30:38.000Z,54.8,18.2,8.3,OFF
2026-03-08T00:31:38.000Z,54.8,18.5,8.3,OFF
2026-03-08T00:32:38.000Z,54.8,18.3,8.3,OFF
2026-03-08T00:33:38.000Z,54.8,18.2,8.3,OFF
2026-03-08T00:34:38.000Z,54.8,18.2,8.3,OFF
2026-03-08T00:35:38.000Z,54.8,18.2,8.3,OFF
2026-03-08T00:36:38.000Z,54.8,18.3,8.3,OFF
2026-03-08T00:37:38.000Z,54.8,18.4,8.3,OFF
2026-03-08T00:38:38.000Z,54.7,18.1,8.3,OFF
2026-03-08T00:39:38.000Z,54.8,18.3,8.3,OFF
2026-03-08T00:40:38.000Z,54.7,18.3,8.3,OFF
2026-03-08T00:41:38.000Z,54.8,18.7,8.3,OFF
2026-03-08T00:42:38.000Z,54.8,18.3,8.1,OFF
2026-03-08T00:43:38.000Z,54.7,18.3,8.1,OFF
2026-03-08T00:44:38.000Z,54.8,18.3,8.1,OFF
2026-03-08T00:45:38.000Z,54.7,18.2,8.1,OFF
2026-03-08T00:46:38.000Z,54.7,18.3,8.1,OFF
2026-03-08T00:47:38.000Z,54.8,18.4,8.1,OFF
2026-03-08T00:48:38.000Z,54.7,18.6,8.1,OFF
2026-03-08T00:49:38.000Z,54.7,18.3,8.1,OFF
2026-03-08T00:50:38.000Z,54.7,18.3,8.1,OFF
2026-03-08T00:51:38.000Z,54.7,18.4,8.1,OFF
2026-03-08T00:52:38.000Z,54.7,18.4,8.1,OFF
2026-03-08T00:53:38.000Z,54.8,18.8,8.1,OFF
2026-03-08T00:54:38.000Z,54.7,18.4,8.1,OFF
2026-03-08T00:55:38.000Z,54.8,19,8.1,OFF
2026-03-08T00:56:38.000Z,54.6,18.3,8.1,OFF
2026-03-08T00:57:38.000Z,54.7,18.5,8.1,OFF
2026-03-08T00:58:38.000Z,54.7,18.5,8.1,OFF
2026-03-08T00:59:38.000Z,54.7,18.5,8.1,OFF
2026-03-08T01:00:38.000Z,54.7,18.5,8.1,OFF
2026-03-08T01:01:38.000Z,54.7,19,8.1,OFF
2026-03-08T01:02:38.000Z,54.7,18.6,8.1,OFF
2026-03-08T01:03:38.000Z,54.7,18.5,8.1,OFF
2026-03-08T01:04:38.000Z,54.7,18.6,8.1,OFF
2026-03-08T01:05:38.000Z,54.7,18.5,8.1,OFF
2026-03-08T01:06:38.000Z,54.6,18.6,8.1,OFF
2026-03-08T01:07:38.000Z,54.6,18.8,8.1,OFF
2026-03-08T01:08:38.000Z,54.8,16.9,8.1,OFF
2026-03-08T01:09:38.000Z,55,16.3,8.1,OFF
2026-03-08T01:10:38.000Z,55.1,15.7,8.1,OFF
2026-03-08T01:11:38.000Z,55.1,15.5,8.1,OFF
2026-03-08T01:12:38.000Z,55.2,15.4,8.1,OFF
2026-03-08T01:13:38.000Z,55.1,15.9,8.1,OFF
2026-03-08T01:14:38.000Z,55.1,16.3,8.1,OFF
2026-03-08T01:15:38.000Z,55,16.8,8.1,OFF
2026-03-08T01:16:38.000Z,54.9,17.2,8.1,OFF
2026-03-08T01:17:38.000Z,54.9,17.4,8.1,OFF
2026-03-08T01:18:38.000Z,54.9,17.7,8.1,OFF
2026-03-08T01:19:38.000Z,54.9,17.7,8.1,OFF
2026-03-08T01:20:38.000Z,54.9,18.3,8.1,OFF
2026-03-08T01:21:38.000Z,54.9,18.4,8,OFF
2026-03-08T01:22:38.000Z,54.8,18.1,8,OFF
2026-03-08T01:23:38.000Z,54.8,18.2,8,OFF
2026-03-08T01:24:38.000Z,54.8,18.3,8,OFF
2026-03-08T01:25:38.000Z,54.8,18.3,8,OFF
2026-03-08T01:26:38.000Z,54.8,18.3,8,OFF
2026-03-08T01:27:38.000Z,54.7,18.4,8,OFF
2026-03-08T01:28:38.000Z,54.8,18.5,8,OFF
2026-03-08T01:29:38.000Z,54.8,18.4,8,OFF
2026-03-08T01:30:38.000Z,54.7,18.5,8,OFF
2026-03-08T01:31:38.000Z,54.7,18.6,8,OFF
2026-03-08T01:32:38.000Z,54.8,18.4,8,OFF
2026-03-08T01:33:38.000Z,54.7,18.3,8,OFF
2026-03-08T01:34:38.000Z,54.7,18.4,8,OFF
2026-03-08T01:35:38.000Z,54.7,18.4,8,OFF
2026-03-08T01:36:38.000Z,54.7,18.6,8,OFF
2026-03-08T01:37:38.000Z,54.7,18.5,8,OFF
2026-03-08T01:38:38.000Z,54.7,18.6,8,OFF
2026-03-08T01:39:38.000Z,54.7,18.6,8,OFF
2026-03-08T01:40:38.000Z,54.7,18.7,8,OFF
2026-03-08T01:41:38.000Z,54.7,18.9,8,OFF
2026-03-08T01:42:38.000Z,54.6,18.8,8,OFF
2026-03-08T01:43:38.000Z,54.7,18.7,8,OFF
2026-03-08T01:44:38.000Z,54.6,18.8,8,OFF
2026-03-08T01:45:38.000Z,54.7,18.8,8,OFF
2026-03-08T01:46:38.000Z,54.7,18.8,8,OFF
2026-03-08T01:47:38.000Z,54.7,18.9,7.9,OFF
2026-03-08T01:48:38.000Z,54.6,18.9,7.9,OFF
2026-03-08T01:49:38.000Z,54.6,18.9,7.9,OFF
2026-03-08T01:50:38.000Z,54.6,18.9,7.9,OFF
2026-03-08T01:51:38.000Z,54.6,18.9,7.9,OFF
2026-03-08T01:52:38.000Z,54.6,19,7.9,OFF
2026-03-08T01:53:38.000Z,54.5,18.8,7.9,OFF
2026-03-08T01:54:38.000Z,54.7,18.7,7.9,OFF
2026-03-08T01:55:38.000Z,54.6,18.7,7.9,OFF
2026-03-08T01:56:38.000Z,54.7,19.2,7.9,OFF
2026-03-08T01:57:38.000Z,54.6,19.2,7.9,OFF
2026-03-08T01:58:38.000Z,54.6,18.8,7.9,OFF
2026-03-08T01:59:38.000Z,54.6,18.8,7.9,OFF
2026-03-08T02:00:38.000Z,54.6,18.8,7.9,OFF
2026-03-08T02:01:38.000Z,54.5,18.6,7.9,OFF
2026-03-08T02:02:38.000Z,54.5,18.8,7.9,OFF
2026-03-08T02:03:38.000Z,54.6,18.9,7.9,OFF
2026-03-08T02:04:38.000Z,54.6,19,7.9,OFF
2026-03-08T02:05:38.000Z,54.7,19.4,7.9,OFF
2026-03-08T02:06:38.000Z,54.6,19,7.9,OFF
2026-03-08T02:07:38.000Z,54.5,19,7.9,OFF
2026-03-08T02:08:38.000Z,54.5,19,7.9,OFF
2026-03-08T02:09:38.000Z,54.6,19,7.9,OFF
2026-03-08T02:10:38.000Z,54.5,19,7.9,OFF
2026-03-08T02:11:38.000Z,54.6,19,7.9,OFF
2026-03-08T02:12:38.000Z,54.6,19,7.9,OFF
2026-03-08T02:13:38.000Z,54.6,19.1,7.9,OFF
2026-03-08T02:14:38.000Z,54.6,18.9,7.9,OFF
2026-03-08T02:15:38.000Z,54.5,19,7.9,OFF
2026-03-08T02:16:38.000Z,54.6,18.9,7.9,OFF
2026-03-08T02:17:38.000Z,54.5,19,7.9,OFF
2026-03-08T02:18:38.000Z,54.5,19.1,7.9,OFF
2026-03-08T02:19:38.000Z,54.5,19,7.9,OFF
2026-03-08T02:20:38.000Z,54.5,19,7.9,OFF
2026-03-08T02:21:38.000Z,54.5,19,7.9,OFF
2026-03-08T02:22:38.000Z,54.5,19.1,7.9,OFF
2026-03-08T02:23:38.000Z,54.5,19.1,7.9,OFF
2026-03-08T02:24:38.000Z,54.5,19,7.9,OFF
2026-03-08T02:25:38.000Z,54.5,19.1,7.9,OFF
2026-03-08T02:26:38.000Z,54.5,19.2,7.9,OFF
2026-03-08T02:27:38.000Z,54.5,19.2,7.9,OFF
2026-03-08T02:28:38.000Z,54.5,19.2,7.9,OFF
2026-03-08T02:29:38.000Z,54.5,19.3,7.9,OFF
2026-03-08T02:30:38.000Z,54.5,19.2,7.9,OFF
2026-03-08T02:31:38.000Z,54.5,19.3,7.9,OFF
2026-03-08T02:32:38.000Z,54.5,19.2,7.9,OFF
2026-03-08T02:33:38.000Z,54.5,19.2,7.9,OFF
2026-03-08T02:34:38.000Z,54.5,19.4,7.9,OFF
2026-03-08T02:35:38.000Z,54.5,19.3,7.9,OFF
2026-03-08T02:36:38.000Z,54.5,19.3,7.9,OFF
2026-03-08T02:37:38.000Z,54.5,19.2,7.9,OFF
2026-03-08T02:38:38.000Z,54.5,19.1,7.9,OFF
2026-03-08T02:39:38.000Z,54.5,19.1,7.9,OFF
2026-03-08T02:40:38.000Z,54.5,19.3,7.9,OFF
2026-03-08T02:41:38.000Z,54.5,19.3,7.9,OFF
2026-03-08T02:42:38.000Z,54.5,19.2,7.9,OFF
2026-03-08T02:43:38.000Z,54.4,19.2,7.9,OFF
2026-03-08T02:44:38.000Z,54.5,19.3,7.9,OFF
2026-03-08T02:45:38.000Z,54.5,19.3,7.9,OFF
2026-03-08T02:46:38.000Z,54.5,19.2,7.9,OFF
2026-03-08T02:47:38.000Z,54.5,19.3,7.9,OFF
2026-03-08T02:48:38.000Z,54.5,19.3,7.9,OFF
2026-03-08T02:49:38.000Z,54.5,19.3,7.9,OFF
2026-03-08T02:50:38.000Z,54.5,19.7,7.9,OFF
2026-03-08T02:51:38.000Z,54.5,19.3,7.9,OFF
2026-03-08T02:52:38.000Z,54.4,19.3,7.9,OFF
2026-03-08T02:53:38.000Z,54.5,19.3,7.9,OFF
2026-03-08T02:54:38.000Z,54.5,19.3,7.9,OFF
2026-03-08T02:55:38.000Z,54.5,19.4,7.9,OFF
2026-03-08T02:56:38.000Z,54.5,19.2,7.9,OFF
2026-03-08T02:57:38.000Z,54.5,19.2,7.9,OFF
2026-03-08T02:58:38.000Z,54.5,19.2,7.9,OFF
2026-03-08T02:59:38.000Z,54.5,19.2,7.9,OFF
2026-03-08T03:00:38.000Z,54.5,19.2,7.9,OFF
2026-03-08T03:01:38.000Z,54.5,19.3,7.9,OFF
2026-03-08T03:02:38.000Z,54.5,19.3,7.9,OFF
2026-03-08T03:03:38.000Z,54.5,19.3,7.8,OFF
2026-03-08T03:04:38.000Z,54.5,19.4,7.8,OFF
2026-03-08T03:05:38.000Z,54.5,19.4,7.8,OFF
2026-03-08T03:06:38.000Z,54.5,19.4,7.8,OFF
2026-03-08T03:07:38.000Z,54.5,19.5,7.8,OFF
2026-03-08T03:08:38.000Z,54.5,19.1,7.8,OFF
2026-03-08T03:09:38.000Z,54.5,19.3,7.8,OFF
2026-03-08T03:10:38.000Z,54.5,19.3,7.8,OFF
2026-03-08T03:11:38.000Z,54.5,19.3,7.8,OFF
2026-03-08T03:12:38.000Z,54.5,19.3,7.8,OFF
2026-03-08T03:13:38.000Z,54.5,19.3,7.8,OFF
2026-03-08T03:14:38.000Z,54.5,19.3,7.9,OFF
2026-03-08T03:15:38.000Z,54.5,19.3,7.9,OFF
2026-03-08T03:16:38.000Z,54.5,19.3,7.9,OFF
2026-03-08T03:17:38.000Z,54.5,19.3,7.9,OFF
2026-03-08T03:18:38.000Z,54.5,19.3,7.9,OFF
2026-03-08T03:19:38.000Z,54.5,19.2,7.9,OFF
2026-03-08T03:20:38.000Z,54.5,19.3,7.9,OFF
2026-03-08T03:21:38.000Z,54.5,19.2,7.9,OFF
2026-03-08T03:22:38.000Z,54.5,19.2,7.9,OFF
2026-03-08T03:23:38.000Z,54.5,19.1,7.9,OFF
2026-03-08T03:24:38.000Z,54.5,19.2,7.9,OFF
2026-03-08T03:25:38.000Z,54.5,19.1,7.8,OFF
2026-03-08T03:26:38.000Z,54.5,19.2,7.8,OFF
2026-03-08T03:27:38.000Z,54.5,19.3,7.8,OFF
2026-03-08T03:28:38.000Z,54.5,19.2,7.8,OFF
2026-03-08T03:29:38.000Z,54.5,19.3,7.8,OFF
2026-03-08T03:30:38.000Z,54.5,19.3,7.8,OFF
2026-03-08T03:31:38.000Z,54.5,19.3,7.8,OFF
2026-03-08T03:32:38.000Z,54.5,19.3,7.8,OFF
2026-03-08T03:33:38.000Z,54.5,19.3,7.8,OFF
2026-03-08T03:34:38.000Z,54.5,19.1,7.8,OFF
2026-03-08T03:35:38.000Z,54.5,19.3,7.8,OFF
2026-03-08T03:36:38.000Z,54.5,19.1,7.8,OFF
2026-03-08T03:37:38.000Z,54.5,19.3,7.8,OFF
2026-03-08T03:38:38.000Z,54.5,19.2,7.8,OFF
2026-03-08T03:39:38.000Z,54.5,19,7.8,OFF
2026-03-08T03:40:38.000Z,54.5,19.1,7.8,OFF
2026-03-08T03:41:38.000Z,54.5,19.1,7.8,OFF
2026-03-08T03:42:38.000Z,54.6,19.2,7.8,OFF
2026-03-08T03:43:38.000Z,54.5,19.1,7.8,OFF
2026-03-08T03:44:38.000Z,54.5,19,7.8,OFF
2026-03-08T03:45:38.000Z,54.6,19.1,7.8,OFF
2026-03-08T03:46:38.000Z,54.5,19,7.8,OFF
2026-03-08T03:47:38.000Z,54.5,18.9,7.8,OFF
2026-03-08T03:48:38.000Z,54.5,19,7.8,OFF
2026-03-08T03:49:38.000Z,54.5,19.1,7.8,OFF
2026-03-08T03:50:38.000Z,54.5,19,7.8,OFF
2026-03-08T03:51:38.000Z,54.5,18.9,7.8,OFF
2026-03-08T03:52:38.000Z,54.5,19,7.8,OFF
2026-03-08T03:53:38.000Z,54.5,19,7.8,OFF
2026-03-08T03:54:38.000Z,54.5,19,7.8,OFF
2026-03-08T03:55:38.000Z,54.6,19.1,7.8,OFF
2026-03-08T03:56:38.000Z,54.5,19.1,7.8,OFF
2026-03-08T03:57:38.000Z,54.6,19.2,7.8,OFF
2026-03-08T03:58:38.000Z,54.5,18.9,7.8,OFF
2026-03-08T03:59:38.000Z,54.5,19,7.8,OFF
2026-03-08T04:00:38.000Z,54.6,19,7.8,OFF
2026-03-08T04:01:38.000Z,54.5,19,7.8,OFF
2026-03-08T04:02:38.000Z,54.5,19,7.8,OFF
2026-03-08T04:03:38.000Z,54.6,19.1,7.8,OFF
2026-03-08T04:04:38.000Z,54.6,19.1,7.8,OFF
2026-03-08T04:05:38.000Z,54.7,19,7.8,OFF
2026-03-08T04:06:38.000Z,54.6,19.1,7.7,OFF
2026-03-08T04:07:38.000Z,54.5,19.1,7.7,OFF
2026-03-08T04:08:38.000Z,54.5,19.2,7.7,OFF
2026-03-08T04:09:38.000Z,54.6,19.1,7.7,OFF
2026-03-08T04:10:38.000Z,54.6,19.2,7.7,OFF
2026-03-08T04:11:38.000Z,54.5,19,7.7,OFF
2026-03-08T04:12:38.000Z,54.6,18.9,7.7,OFF
2026-03-08T04:13:38.000Z,54.6,19.2,7.7,OFF
2026-03-08T04:14:38.000Z,54.6,19,7.7,OFF
2026-03-08T04:15:38.000Z,54.6,19.1,7.7,OFF
2026-03-08T04:16:38.000Z,54.5,19,7.7,OFF
2026-03-08T04:17:38.000Z,54.5,19,7.7,OFF
2026-03-08T04:18:38.000Z,54.6,19,7.7,OFF
2026-03-08T04:19:38.000Z,54.6,19.1,7.7,OFF
2026-03-08T04:20:38.000Z,54.5,19.1,7.7,OFF
2026-03-08T04:21:38.000Z,54.6,19,7.7,OFF
2026-03-08T04:22:38.000Z,54.6,19,7.7,OFF
2026-03-08T04:23:38.000Z,54.6,19.1,7.7,OFF
2026-03-08T04:24:38.000Z,54.6,19.1,7.7,OFF
2026-03-08T04:25:38.000Z,54.6,18.9,7.7,OFF
2026-03-08T04:26:38.000Z,54.6,19,7.7,OFF
2026-03-08T04:27:38.000Z,54.6,18.9,7.7,OFF
2026-03-08T04:28:38.000Z,54.6,19,7.7,OFF
2026-03-08T04:29:38.000Z,54.7,19,7.7,OFF
2026-03-08T04:30:38.000Z,54.6,18.8,7.7,OFF
2026-03-08T04:31:38.000Z,54.7,19.1,7.7,OFF
2026-03-08T04:32:38.000Z,54.6,18.9,7.7,OFF
2026-03-08T04:33:38.000Z,54.6,18.9,7.7,OFF
2026-03-08T04:34:38.000Z,54.6,19,7.7,OFF
2026-03-08T04:35:38.000Z,54.6,19,7.7,OFF
2026-03-08T04:36:38.000Z,54.6,19,7.7,OFF
2026-03-08T04:37:38.000Z,54.6,19,7.7,OFF
2026-03-08T04:38:38.000Z,54.6,19,7.7,OFF
2026-03-08T04:39:38.000Z,54.6,19,7.7,OFF
2026-03-08T04:40:38.000Z,54.5,19,7.7,OFF
2026-03-08T04:41:38.000Z,54.6,19,7.7,OFF
2026-03-08T04:42:38.000Z,54.7,19.1,7.7,OFF
2026-03-08T04:43:38.000Z,54.7,19,7.7,OFF
2026-03-08T04:44:38.000Z,54.6,18.9,7.7,OFF
2026-03-08T04:45:38.000Z,54.7,18.9,7.7,OFF
2026-03-08T04:46:38.000Z,54.7,19,7.7,OFF
2026-03-08T04:47:38.000Z,54.7,18.9,7.7,OFF
2026-03-08T04:48:38.000Z,54.6,18.8,7.7,OFF
2026-03-08T04:49:38.000Z,54.5,18.7,7.7,OFF
2026-03-08T04:50:38.000Z,54.6,18.9,7.7,OFF
2026-03-08T04:51:38.000Z,54.6,19.1,7.7,OFF
2026-03-08T04:52:38.000Z,54.7,19.2,7.7,OFF
2026-03-08T04:53:38.000Z,54.6,19.2,7.7,OFF
2026-03-08T04:54:38.000Z,54.7,19.2,7.7,OFF
2026-03-08T04:55:38.000Z,54.6,19.4,7.7,OFF
2026-03-08T04:56:38.000Z,54.6,19.1,7.7,OFF
2026-03-08T04:57:38.000Z,54.6,19,7.7,OFF
2026-03-08T04:58:38.000Z,54.6,18.9,7.7,OFF
2026-03-08T04:59:38.000Z,54.6,19,7.7,OFF
2026-03-08T05:00:38.000Z,54.5,18.9,7.7,OFF
2026-03-08T05:01:38.000Z,54.6,18.9,7.7,OFF
2026-03-08T05:02:38.000Z,54.7,19,7.7,OFF
2026-03-08T05:03:38.000Z,54.6,19.1,7.7,OFF
2026-03-08T05:04:38.000Z,54.7,19,7.7,OFF
2026-03-08T05:05:38.000Z,54.7,19.1,7.7,OFF
2026-03-08T05:06:38.000Z,54.6,19.1,7.7,OFF
2026-03-08T05:07:38.000Z,54.6,19.1,7.7,OFF
2026-03-08T05:08:38.000Z,54.7,19.3,7.7,OFF
2026-03-08T05:09:38.000Z,54.6,19.1,7.7,OFF
2026-03-08T05:10:38.000Z,54.6,19,7.7,OFF
2026-03-08T05:11:38.000Z,54.7,19.1,7.7,OFF
2026-03-08T05:12:38.000Z,54.7,19.1,7.7,OFF
2026-03-08T05:13:38.000Z,54.6,19.1,7.7,OFF
2026-03-08T05:14:38.000Z,54.6,19.1,7.7,OFF
2026-03-08T05:15:38.000Z,54.6,19.1,7.7,OFF
2026-03-08T05:16:38.000Z,54.6,19,7.7,OFF
2026-03-08T05:17:38.000Z,54.6,19.1,7.7,OFF
2026-03-08T05:18:38.000Z,54.6,19,7.7,OFF
2026-03-08T05:19:38.000Z,54.7,19.2,7.7,OFF
2026-03-08T05:20:38.000Z,54.6,19,7.7,OFF
2026-03-08T05:21:38.000Z,54.7,19.2,7.7,OFF
2026-03-08T05:22:38.000Z,54.6,19.1,7.7,OFF
2026-03-08T05:23:38.000Z,54.7,19,7.7,OFF
2026-03-08T05:24:38.000Z,54.7,19.1,7.7,OFF
2026-03-08T05:25:38.000Z,54.7,18.9,7.7,OFF
2026-03-08T05:26:38.000Z,54.6,19.1,7.7,OFF
2026-03-08T05:27:38.000Z,54.7,19.1,7.7,OFF
2026-03-08T05:28:38.000Z,54.7,19.1,7.7,OFF
2026-03-08T05:29:38.000Z,54.7,19.2,7.7,OFF
2026-03-08T05:30:38.000Z,54.7,19,7.7,OFF
2026-03-08T05:31:38.000Z,54.7,19.2,7.7,OFF
2026-03-08T05:32:38.000Z,54.7,19.2,7.7,OFF
2026-03-08T05:33:38.000Z,54.7,19.2,7.7,OFF
2026-03-08T05:34:38.000Z,54.7,18.9,7.5,OFF
2026-03-08T05:35:38.000Z,54.6,19.2,7.5,OFF
2026-03-08T05:36:38.000Z,54.7,19.2,7.5,OFF
2026-03-08T05:37:38.000Z,54.7,19.1,7.5,OFF
2026-03-08T05:38:38.000Z,54.7,19,7.5,OFF
2026-03-08T05:39:38.000Z,54.7,19,7.5,OFF
2026-03-08T05:40:38.000Z,54.7,19,7.5,OFF
2026-03-08T05:41:38.000Z,54.7,19.2,7.5,OFF
2026-03-08T05:42:38.000Z,54.7,19.1,7.5,OFF
2026-03-08T05:43:38.000Z,54.7,19.1,7.5,OFF
2026-03-08T05:44:38.000Z,54.7,19,7.4,OFF
2026-03-08T05:45:38.000Z,54.7,19.2,7.4,OFF
2026-03-08T05:46:38.000Z,54.7,18.9,7.4,OFF
2026-03-08T05:47:38.000Z,54.7,19.1,7.4,OFF
2026-03-08T05:48:38.000Z,54.7,19.1,7.4,OFF
2026-03-08T05:49:38.000Z,54.7,18.9,7.4,OFF
2026-03-08T05:50:38.000Z,54.5,18.8,7.4,OFF
2026-03-08T05:51:38.000Z,54.7,18.9,7.4,OFF
2026-03-08T05:52:38.000Z,54.7,18.9,7.4,OFF
2026-03-08T05:53:38.000Z,54.7,18.9,7.4,OFF
2026-03-08T05:54:38.000Z,54.7,19,7.4,OFF
2026-03-08T05:55:38.000Z,54.6,18.9,7.4,OFF
2026-03-08T05:56:38.000Z,54.7,18.9,7.4,OFF
2026-03-08T05:57:38.000Z,54.7,18.9,7.4,OFF
2026-03-08T05:58:38.000Z,54.7,18.8,7.4,OFF
2026-03-08T05:59:38.000Z,54.7,18.9,7.4,OFF
2026-03-08T06:00:38.000Z,54.7,18.9,7.4,OFF
2026-03-08T06:01:38.000Z,54.7,19,7.4,OFF
2026-03-08T06:02:38.000Z,54.7,18.8,7.4,OFF
2026-03-08T06:03:38.000Z,54.7,18.7,7.4,OFF
2026-03-08T06:04:38.000Z,54.7,18.8,7.4,OFF
2026-03-08T06:05:38.000Z,54.7,18.8,7.4,OFF
2026-03-08T06:06:38.000Z,54.7,18.9,7.4,OFF
2026-03-08T06:07:38.000Z,54.7,18.8,7.4,OFF
2026-03-08T06:08:38.000Z,54.7,18.9,7.4,OFF
2026-03-08T06:09:38.000Z,54.7,18.7,7.4,OFF
2026-03-08T06:10:38.000Z,54.7,18.9,7.4,OFF
2026-03-08T06:11:38.000Z,54.7,18.9,7.4,OFF
2026-03-08T06:12:38.000Z,54.7,18.8,7.4,OFF
2026-03-08T06:13:38.000Z,54.6,18.7,7.4,OFF
2026-03-08T06:14:38.000Z,54.7,18.5,7.4,OFF
2026-03-08T06:15:38.000Z,54.7,18.7,7.4,OFF
2026-03-08T06:16:38.000Z,54.7,18.6,7.4,OFF
2026-03-08T06:17:38.000Z,54.7,18.7,7.4,OFF
2026-03-08T06:18:38.000Z,54.7,18.7,7.4,OFF
2026-03-08T06:19:38.000Z,54.7,18.8,7.4,OFF
2026-03-08T06:20:38.000Z,54.7,18.7,7.4,OFF
2026-03-08T06:21:38.000Z,54.7,18.6,7.4,OFF
2026-03-08T06:22:38.000Z,54.7,18.6,7.4,OFF
2026-03-08T06:23:38.000Z,54.7,18.7,7.4,OFF
2026-03-08T06:24:38.000Z,54.7,18.7,7.4,OFF
2026-03-08T06:25:38.000Z,54.7,18.7,7.4,OFF
2026-03-08T06:26:38.000Z,54.7,18.7,7.4,OFF
2026-03-08T06:27:38.000Z,54.7,18.4,7.4,OFF
2026-03-08T06:28:38.000Z,54.7,18.7,7.4,OFF
2026-03-08T06:29:38.000Z,54.7,18.5,7.4,OFF
2026-03-08T06:30:38.000Z,54.7,18.5,7.4,OFF
2026-03-08T06:31:38.000Z,54.7,18.5,7.4,OFF
2026-03-08T06:32:38.000Z,54.7,18.5,7.4,OFF
2026-03-08T06:33:38.000Z,54.7,18.6,7.4,OFF
2026-03-08T06:34:38.000Z,54.7,18.6,7.4,OFF
2026-03-08T06:35:38.000Z,54.7,18.7,7.4,OFF
2026-03-08T06:36:38.000Z,54.7,18.6,7.4,OFF
2026-03-08T06:37:38.000Z,54.7,18.7,7.4,OFF
2026-03-08T06:38:38.000Z,54.7,18.5,7.4,OFF
2026-03-08T06:39:38.000Z,54.7,18.6,7.4,OFF
2026-03-08T06:40:38.000Z,54.7,18.5,7.4,OFF
2026-03-08T06:41:38.000Z,54.7,18.3,7.4,OFF
2026-03-08T06:42:38.000Z,54.7,18.6,7.3,OFF
2026-03-08T06:43:38.000Z,54.6,18.5,7.3,OFF
2026-03-08T06:44:38.000Z,54.7,18.6,7.3,OFF
2026-03-08T06:45:38.000Z,54.7,18.6,7.3,OFF
2026-03-08T06:46:38.000Z,54.7,18.5,7.3,OFF
2026-03-08T06:47:38.000Z,54.7,18.5,7.3,OFF
2026-03-08T06:48:38.000Z,54.7,18.5,7.3,OFF
2026-03-08T06:49:38.000Z,54.7,18.7,7.3,OFF
2026-03-08T06:50:38.000Z,54.7,18.6,7.3,OFF
2026-03-08T06:51:38.000Z,54.7,18.7,7.3,OFF
2026-03-08T06:52:38.000Z,54.7,18.5,7.3,OFF
2026-03-08T06:53:38.000Z,54.7,18.4,7.3,OFF
2026-03-08T06:54:38.000Z,54.7,18.5,7.3,OFF
2026-03-08T06:55:38.000Z,54.7,18.7,7.3,OFF
2026-03-08T06:56:38.000Z,54.7,18.5,7.3,OFF
2026-03-08T06:57:38.000Z,54.7,18.5,7.3,OFF
2026-03-08T06:58:38.000Z,54.7,18.5,7.3,OFF
2026-03-08T06:59:38.000Z,54.7,18.5,7.3,OFF
2026-03-08T07:00:38.000Z,54.7,18.5,7.3,OFF
2026-03-08T07:01:38.000Z,54.7,18.5,7.3,OFF
2026-03-08T07:02:38.000Z,54.7,18.4,7.3,OFF
2026-03-08T07:03:38.000Z,54.7,18.6,7.3,OFF
2026-03-08T07:04:38.000Z,54.7,18.4,7.3,OFF
2026-03-08T07:05:38.000Z,54.7,18.6,7.3,OFF
2026-03-08T07:06:38.000Z,54.7,18.6,7.3,OFF
2026-03-08T07:07:38.000Z,54.7,18.4,7.3,OFF
2026-03-08T07:08:38.000Z,54.8,18.3,7.3,OFF
2026-03-08T07:09:38.000Z,54.7,18.4,7.3,OFF
2026-03-08T07:10:38.000Z,54.7,18.4,7.3,OFF
2026-03-08T07:11:38.000Z,54.7,18.3,7.3,OFF
2026-03-08T07:12:38.000Z,54.7,18.4,7.3,OFF
2026-03-08T07:13:38.000Z,54.7,18.4,7.3,OFF
2026-03-08T07:14:38.000Z,54.8,18.4,7.3,OFF
2026-03-08T07:15:38.000Z,54.7,18.5,7.3,OFF
2026-03-08T07:16:38.000Z,54.7,18.3,7.3,OFF
2026-03-08T07:17:38.000Z,54.7,18.3,7.3,OFF
2026-03-08T07:18:38.000Z,54.7,18.2,7.3,OFF
2026-03-08T07:19:38.000Z,54.7,18.4,7.3,OFF
2026-03-08T07:20:38.000Z,54.7,18.4,7.3,OFF
2026-03-08T07:21:38.000Z,54.7,18.3,7.3,OFF
2026-03-08T07:22:38.000Z,54.7,18.3,7.3,OFF
2026-03-08T07:23:38.000Z,54.7,18.4,7.3,OFF
2026-03-08T07:24:38.000Z,54.7,18.5,7.3,OFF
2026-03-08T07:25:38.000Z,54.7,18.3,7.3,OFF
2026-03-08T07:26:38.000Z,54.7,18.5,7.3,OFF
2026-03-08T07:27:38.000Z,54.7,18.3,7.3,OFF
2026-03-08T07:28:38.000Z,54.8,18.3,7.3,OFF
2026-03-08T07:29:38.000Z,54.7,18.4,7.3,OFF
2026-03-08T07:30:38.000Z,54.7,18.2,7.3,OFF
2026-03-08T07:31:38.000Z,54.7,18.1,7.3,OFF
2026-03-08T07:32:38.000Z,54.7,18.3,7.3,OFF
2026-03-08T07:33:38.000Z,54.7,18.2,7.3,OFF
2026-03-08T07:34:38.000Z,54.7,18.3,7.3,OFF
2026-03-08T07:35:38.000Z,54.7,18.2,7.3,OFF
2026-03-08T07:36:38.000Z,54.7,18.3,7.3,OFF
2026-03-08T07:37:38.000Z,54.7,18.4,7.3,OFF
2026-03-08T07:38:38.000Z,54.7,18.3,7.3,OFF
2026-03-08T07:39:38.000Z,54.7,18.4,7.3,OFF
2026-03-08T07:40:38.000Z,54.8,18.4,7.3,OFF
2026-03-08T07:41:38.000Z,54.7,18.3,7.3,OFF
2026-03-08T07:42:38.000Z,54.7,18,7.3,OFF
2026-03-08T07:43:38.000Z,54.7,18.2,7.3,OFF
2026-03-08T07:44:38.000Z,54.8,18.3,7.3,OFF
2026-03-08T07:45:38.000Z,54.8,18.3,7.3,OFF
2026-03-08T07:46:38.000Z,54.7,18.2,7.3,OFF
2026-03-08T07:47:38.000Z,54.7,18.2,7.3,OFF
2026-03-08T07:48:38.000Z,54.7,18.2,7.3,OFF
2026-03-08T07:49:38.000Z,54.7,18.2,7.3,OFF
2026-03-08T07:50:38.000Z,54.7,18.2,7.3,OFF
2026-03-08T07:51:38.000Z,54.8,18.4,7.3,OFF
2026-03-08T07:52:37.000Z,54.8,18.3,7.3,OFF
2026-03-08T07:53:37.000Z,54.7,18.1,7.3,OFF
2026-03-08T07:54:37.000Z,54.7,18.2,7.3,OFF
2026-03-08T07:55:37.000Z,54.8,18.1,7.3,OFF
2026-03-08T07:56:37.000Z,54.7,18.2,7.3,OFF
2026-03-08T07:57:37.000Z,54.7,18,7.3,OFF
2026-03-08T07:58:37.000Z,54.8,18.2,7.3,OFF
2026-03-08T07:59:37.000Z,54.8,18.1,7.3,OFF
2026-03-08T08:00:37.000Z,54.7,18.2,7.3,OFF
2026-03-08T08:01:37.000Z,54.8,18.3,7.3,OFF
2026-03-08T08:02:37.000Z,54.7,18.3,7.3,OFF
2026-03-08T08:03:37.000Z,54.8,18.3,7.3,OFF
2026-03-08T08:04:37.000Z,54.8,18.4,7.3,OFF
2026-03-08T08:05:37.000Z,54.7,18.4,7.3,OFF
2026-03-08T08:06:37.000Z,54.8,18.2,7.3,OFF
2026-03-08T08:07:37.000Z,54.7,18,7.3,OFF
2026-03-08T08:08:37.000Z,54.7,18,7.3,OFF
2026-03-08T08:09:37.000Z,54.8,18.2,7.3,OFF
2026-03-08T08:10:37.000Z,54.7,18.2,7.3,OFF
2026-03-08T08:11:37.000Z,54.7,18.1,7.3,OFF
2026-03-08T08:12:37.000Z,54.8,18.2,7.3,OFF
2026-03-08T08:13:37.000Z,54.7,18.2,7.3,OFF
2026-03-08T08:14:37.000Z,54.8,18.2,7.3,OFF
2026-03-08T08:15:37.000Z,54.8,18.1,7.3,OFF
2026-03-08T08:16:37.000Z,54.7,18.1,7.3,OFF
2026-03-08T08:17:37.000Z,54.7,18.3,7.3,OFF
2026-03-08T08:18:37.000Z,54.8,18.1,7.3,OFF
2026-03-08T08:19:37.000Z,54.7,18,7.3,OFF
2026-03-08T08:20:37.000Z,54.8,18.2,7.3,OFF
2026-03-08T08:21:37.000Z,54.8,18.1,7.3,OFF
2026-03-08T08:22:37.000Z,54.8,18.2,7.3,OFF
2026-03-08T08:23:37.000Z,54.7,18.1,7.3,OFF
2026-03-08T08:24:37.000Z,54.8,18.1,7.3,OFF
2026-03-08T08:25:37.000Z,54.8,18.2,7.3,OFF
2026-03-08T08:26:37.000Z,54.7,18.2,7.3,OFF
2026-03-08T08:27:37.000Z,54.7,18.3,7.3,OFF
2026-03-08T08:28:37.000Z,54.8,18.2,7.3,OFF
2026-03-08T08:29:37.000Z,54.7,18.1,7.3,OFF
2026-03-08T08:30:37.000Z,54.7,18.1,7.3,OFF
2026-03-08T08:31:37.000Z,54.7,18.1,7.3,OFF
2026-03-08T08:32:37.000Z,54.7,18.1,7.3,OFF
2026-03-08T08:33:37.000Z,54.7,18.2,7.3,OFF
2026-03-08T08:34:37.000Z,54.7,18.2,7.3,OFF
2026-03-08T08:35:37.000Z,54.8,18.2,7.3,OFF
2026-03-08T08:36:37.000Z,54.8,18.1,7.3,OFF
2026-03-08T08:37:37.000Z,54.7,18.1,7.3,OFF
2026-03-08T08:38:37.000Z,54.7,18.1,7.3,OFF
2026-03-08T08:39:37.000Z,54.8,18.1,7.3,OFF
2026-03-08T08:40:37.000Z,54.7,18.2,7.3,OFF
2026-03-08T08:41:37.000Z,54.8,18.1,7.3,OFF
2026-03-08T08:42:37.000Z,54.8,18.2,7.4,OFF
2026-03-08T08:43:37.000Z,54.7,18.1,7.4,OFF
2026-03-08T08:44:37.000Z,54.7,18.2,7.4,OFF
2026-03-08T08:45:37.000Z,54.7,18,7.4,OFF
2026-03-08T08:46:37.000Z,54.8,18.2,7.4,OFF
2026-03-08T08:47:37.000Z,54.8,18.1,7.4,OFF
2026-03-08T08:48:37.000Z,54.7,18.1,7.4,OFF
2026-03-08T08:49:37.000Z,54.7,18.2,7.4,OFF
2026-03-08T08:50:37.000Z,54.7,18.2,7.4,OFF
2026-03-08T08:51:37.000Z,54.8,18.5,7.4,OFF
2026-03-08T08:52:37.000Z,54.7,18.2,7.4,OFF
2026-03-08T08:53:37.000Z,54.8,18.2,7.4,OFF
2026-03-08T08:54:37.000Z,54.7,18.1,7.4,OFF
2026-03-08T08:55:37.000Z,54.7,18.1,7.4,OFF
2026-03-08T08:56:37.000Z,54.8,18,7.4,OFF
2026-03-08T08:57:37.000Z,54.8,18.1,7.4,OFF
2026-03-08T08:58:37.000Z,54.7,18.1,7.4,OFF
2026-03-08T08:59:37.000Z,54.7,18,7.4,OFF
2026-03-08T09:00:37.000Z,54.7,18.1,7.4,OFF
2026-03-08T09:01:37.000Z,54.8,18.1,7.4,OFF
2026-03-08T09:02:37.000Z,54.8,18.1,7.4,OFF
2026-03-08T09:03:37.000Z,54.8,18.2,7.4,OFF
2026-03-08T09:04:37.000Z,54.8,18.1,7.4,OFF
2026-03-08T09:05:37.000Z,54.8,18.1,7.4,OFF
2026-03-08T09:06:37.000Z,54.7,18.2,7.4,OFF
2026-03-08T09:07:37.000Z,54.7,18,7.4,OFF
2026-03-08T09:08:37.000Z,54.8,18,7.4,OFF
2026-03-08T09:09:37.000Z,54.7,17.9,7.4,OFF
2026-03-08T09:10:37.000Z,54.8,18,7.4,OFF
2026-03-08T09:11:37.000Z,54.7,18.2,7.4,OFF
2026-03-08T09:12:37.000Z,54.8,18.1,7.4,OFF
2026-03-08T09:13:37.000Z,54.7,17.9,7.4,OFF
2026-03-08T09:14:37.000Z,54.7,18,7.4,OFF
2026-03-08T09:15:37.000Z,54.7,18.1,7.4,OFF
2026-03-08T09:16:37.000Z,54.7,18,7.4,OFF
2026-03-08T09:17:37.000Z,54.7,18.1,7.4,OFF
2026-03-08T09:18:37.000Z,54.7,18,7.4,OFF
2026-03-08T09:19:37.000Z,54.8,18.2,7.4,OFF
2026-03-08T09:20:37.000Z,54.8,18.1,7.4,OFF
2026-03-08T09:21:37.000Z,54.7,18.1,7.4,OFF
2026-03-08T09:22:37.000Z,54.8,17.9,7.4,OFF
2026-03-08T09:23:37.000Z,54.8,18,7.4,OFF
2026-03-08T09:24:37.000Z,54.7,18,7.4,OFF
2026-03-08T09:25:37.000Z,54.8,18.1,7.4,OFF
2026-03-08T09:26:37.000Z,54.7,18,7.4,OFF
2026-03-08T09:27:37.000Z,54.8,18.1,7.4,OFF
2026-03-08T09:28:37.000Z,54.8,18.1,7.4,OFF
2026-03-08T09:29:37.000Z,54.7,18,7.4,OFF
2026-03-08T09:30:37.000Z,54.8,18.1,7.4,OFF
2026-03-08T09:31:37.000Z,54.8,18,7.4,OFF
2026-03-08T09:32:37.000Z,54.8,17.9,7.4,OFF
2026-03-08T09:33:37.000Z,54.8,18,7.4,OFF
2026-03-08T09:34:37.000Z,54.8,18,7.4,OFF
2026-03-08T09:35:37.000Z,54.7,17.9,7.4,OFF
2026-03-08T09:36:37.000Z,54.7,17.9,7.5,OFF
2026-03-08T09:37:37.000Z,54.7,18,7.5,OFF
2026-03-08T09:38:37.000Z,54.7,18,7.5,OFF
2026-03-08T09:39:37.000Z,54.8,18,7.5,OFF
2026-03-08T09:40:37.000Z,54.8,18.1,7.5,OFF
2026-03-08T09:41:37.000Z,54.7,18,7.5,OFF
2026-03-08T09:42:37.000Z,54.7,18.2,7.5,OFF
2026-03-08T09:43:37.000Z,54.7,18,7.5,OFF
2026-03-08T09:44:37.000Z,54.8,18,7.5,OFF
2026-03-08T09:45:37.000Z,54.7,17.9,7.5,OFF
2026-03-08T09:46:37.000Z,54.8,17.9,7.5,OFF
2026-03-08T09:47:37.000Z,54.8,18,7.5,OFF
2026-03-08T09:48:37.000Z,54.8,18.1,7.5,OFF
2026-03-08T09:49:37.000Z,54.7,18,7.7,OFF
2026-03-08T09:50:37.000Z,54.8,18,7.7,OFF
2026-03-08T09:51:37.000Z,54.8,18.1,7.7,OFF
2026-03-08T09:52:37.000Z,54.7,18,7.7,OFF
2026-03-08T09:53:37.000Z,54.8,18.1,7.7,OFF
2026-03-08T09:54:37.000Z,54.8,18,7.7,OFF
2026-03-08T09:55:37.000Z,54.8,17.9,7.7,OFF
2026-03-08T09:56:37.000Z,54.7,17.9,7.7,OFF
2026-03-08T09:57:37.000Z,54.8,18.1,7.7,OFF
2026-03-08T09:58:37.000Z,54.8,18,7.7,OFF
2026-03-08T09:59:37.000Z,54.8,17.9,7.7,OFF
2026-03-08T10:00:37.000Z,54.8,18,7.7,OFF
2026-03-08T10:01:37.000Z,54.8,18,7.7,OFF
2026-03-08T10:02:37.000Z,54.8,18,7.7,OFF
2026-03-08T10:03:37.000Z,54.7,18.1,7.7,OFF
2026-03-08T10:04:37.000Z,54.8,18,7.7,OFF
2026-03-08T10:05:37.000Z,54.8,18.1,7.7,OFF
2026-03-08T10:06:37.000Z,54.7,18,7.7,OFF
2026-03-08T10:07:37.000Z,54.8,18,7.7,OFF
2026-03-08T10:08:37.000Z,54.8,18,7.7,OFF
2026-03-08T10:09:37.000Z,54.8,18,7.7,OFF
2026-03-08T10:10:37.000Z,54.8,17.9,7.7,OFF
2026-03-08T10:11:37.000Z,54.8,17.9,7.7,OFF
2026-03-08T10:12:37.000Z,54.8,18,7.7,OFF
2026-03-08T10:13:37.000Z,54.8,17.9,7.7,OFF
2026-03-08T10:14:37.000Z,54.8,18,7.7,OFF
2026-03-08T10:15:37.000Z,54.8,18,7.7,OFF
2026-03-08T10:16:37.000Z,54.8,18,7.7,OFF
2026-03-08T10:17:37.000Z,54.7,18.1,7.7,OFF
2026-03-08T10:18:37.000Z,54.8,18.2,7.7,OFF
2026-03-08T10:19:37.000Z,54.8,17.9,7.7,OFF
2026-03-08T10:20:37.000Z,54.8,17.9,7.7,OFF
2026-03-08T10:21:37.000Z,54.8,18.3,7.7,OFF
2026-03-08T10:22:37.000Z,54.8,18,7.7,OFF
2026-03-08T10:23:37.000Z,54.8,18,7.7,OFF
2026-03-08T10:24:37.000Z,54.8,18,7.7,OFF
2026-03-08T10:25:37.000Z,54.8,17.9,7.7,OFF
2026-03-08T10:26:37.000Z,54.8,17.9,7.7,OFF
2026-03-08T10:27:37.000Z,54.8,18,7.7,OFF
2026-03-08T10:28:37.000Z,54.8,17.9,7.9,OFF
2026-03-08T10:29:37.000Z,54.8,18,7.9,OFF
2026-03-08T10:30:37.000Z,54.8,18,7.9,OFF
2026-03-08T10:31:37.000Z,54.8,17.9,7.9,OFF
2026-03-08T10:32:37.000Z,54.8,18,7.9,OFF
2026-03-08T10:33:37.000Z,54.8,18,7.9,OFF
2026-03-08T10:34:37.000Z,54.8,17.9,7.9,OFF
2026-03-08T10:35:37.000Z,54.8,18,7.9,OFF
2026-03-08T10:36:37.000Z,54.8,17.9,7.9,OFF
2026-03-08T10:37:37.000Z,54.7,18,7.9,OFF
2026-03-08T10:38:37.000Z,54.8,17.9,7.9,OFF
2026-03-08T10:39:37.000Z,54.8,18,7.9,OFF
2026-03-08T10:40:37.000Z,54.8,17.9,8,OFF
2026-03-08T10:41:37.000Z,54.8,18,8,OFF
2026-03-08T10:42:37.000Z,54.8,18,8,OFF
2026-03-08T10:43:37.000Z,54.8,18,8,OFF
2026-03-08T10:44:37.000Z,54.8,17.9,8,OFF
2026-03-08T10:45:37.000Z,54.8,17.9,8,OFF
2026-03-08T10:46:37.000Z,54.8,17.8,8,OFF
2026-03-08T10:47:37.000Z,54.8,17.9,8.1,OFF
2026-03-08T10:48:37.000Z,54.7,17.9,8.1,OFF
2026-03-08T10:49:37.000Z,54.8,18,8.1,OFF
2026-03-08T10:50:37.000Z,54.8,18.1,8.1,OFF
2026-03-08T10:51:37.000Z,54.8,17.9,8.1,OFF
2026-03-08T10:52:37.000Z,54.8,18,8.1,OFF
2026-03-08T10:53:37.000Z,54.8,18,8.1,OFF
2026-03-08T10:54:37.000Z,54.8,18,8.1,OFF
2026-03-08T10:55:37.000Z,54.8,17.9,8.1,OFF
2026-03-08T10:56:37.000Z,54.7,17.8,8.1,OFF
2026-03-08T10:57:37.000Z,54.8,17.9,8.1,OFF
2026-03-08T10:58:37.000Z,54.8,18,8.1,OFF
2026-03-08T10:59:37.000Z,54.8,18,8.1,OFF
2026-03-08T11:00:37.000Z,54.8,17.9,8.1,OFF
2026-03-08T11:01:37.000Z,54.8,18,8.1,OFF
2026-03-08T11:02:37.000Z,54.7,17.9,8.1,OFF
2026-03-08T11:03:37.000Z,54.8,18,8.1,OFF
2026-03-08T11:04:37.000Z,54.8,17.9,8.1,OFF
2026-03-08T11:05:37.000Z,54.8,18,8.1,OFF
2026-03-08T11:06:37.000Z,54.8,18,8.1,OFF
2026-03-08T11:07:37.000Z,54.8,18,8.1,OFF
2026-03-08T11:08:37.000Z,54.8,17.9,8.1,OFF
2026-03-08T11:09:37.000Z,54.8,17.9,8.1,OFF
2026-03-08T11:10:37.000Z,54.8,17.8,8.1,OFF
2026-03-08T11:11:37.000Z,54.8,17.9,8.1,OFF
2026-03-08T11:12:37.000Z,54.8,17.9,8.1,OFF
2026-03-08T11:13:37.000Z,54.8,18,8.2,OFF
2026-03-08T11:14:37.000Z,54.8,17.9,8.2,OFF
2026-03-08T11:15:37.000Z,54.8,18,8.2,OFF
2026-03-08T11:16:37.000Z,54.8,17.9,8.2,OFF
2026-03-08T11:17:37.000Z,54.8,17.9,8.2,OFF
2026-03-08T11:18:37.000Z,54.8,17.9,8.2,OFF
2026-03-08T11:19:37.000Z,54.8,17.9,8.2,OFF
2026-03-08T11:20:37.000Z,54.8,17.8,8.2,OFF
2026-03-08T11:21:37.000Z,54.8,17.8,8.2,OFF
2026-03-08T11:22:37.000Z,54.8,17.8,8.2,OFF
2026-03-08T11:23:37.000Z,54.8,17.9,8.2,OFF
2026-03-08T11:24:37.000Z,54.8,18,8.2,OFF
2026-03-08T11:25:37.000Z,54.8,18,8.2,OFF
2026-03-08T11:26:37.000Z,54.8,18,8.2,OFF
2026-03-08T11:27:37.000Z,54.8,17.9,8.2,OFF
2026-03-08T11:28:37.000Z,54.8,17.8,8.2,OFF
2026-03-08T11:29:37.000Z,54.8,18,8.2,OFF
2026-03-08T11:30:37.000Z,54.8,17.9,8.2,OFF
2026-03-08T11:31:37.000Z,54.8,18.1,8.2,OFF
2026-03-08T11:32:37.000Z,54.8,17.9,8.2,OFF
2026-03-08T11:33:37.000Z,54.8,17.9,8.2,OFF
2026-03-08T11:34:37.000Z,54.8,17.9,8.2,OFF
2026-03-08T11:35:37.000Z,54.8,17.9,8.2,OFF
2026-03-08T11:36:37.000Z,54.8,17.9,8.2,OFF
2026-03-08T11:37:37.000Z,54.8,17.9,8.2,OFF
2026-03-08T11:38:37.000Z,54.8,18,8.2,OFF
2026-03-08T11:39:37.000Z,54.8,18,8.5,OFF
2026-03-08T11:40:37.000Z,54.8,17.9,8.5,OFF
2026-03-08T11:41:37.000Z,54.8,17.9,8.5,OFF
2026-03-08T11:42:37.000Z,54.8,17.7,8.5,OFF
2026-03-08T11:43:37.000Z,54.7,17.8,8.5,OFF
2026-03-08T11:44:37.000Z,54.8,17.9,8.5,OFF
2026-03-08T11:45:37.000Z,54.8,17.8,8.5,OFF
2026-03-08T11:46:37.000Z,54.8,17.9,8.5,OFF
2026-03-08T11:47:37.000Z,54.8,18,8.5,OFF
2026-03-08T11:48:37.000Z,54.8,18,8.5,OFF
2026-03-08T11:49:37.000Z,54.8,17.9,8.5,OFF
2026-03-08T11:50:37.000Z,54.8,17.8,8.5,OFF
2026-03-08T11:51:37.000Z,54.8,17.8,8.5,OFF
2026-03-08T11:52:37.000Z,54.8,17.8,8.5,OFF
2026-03-08T11:53:37.000Z,54.8,17.8,8.6,OFF
2026-03-08T11:54:37.000Z,54.8,18,8.6,OFF
2026-03-08T11:55:37.000Z,54.8,17.8,8.6,OFF
2026-03-08T11:56:37.000Z,54.8,17.8,8.6,OFF
2026-03-08T11:57:37.000Z,54.8,17.9,8.6,OFF
2026-03-08T11:58:37.000Z,54.8,17.9,8.6,OFF
2026-03-08T11:59:37.000Z,54.8,17.9,8.6,OFF
2026-03-08T12:00:37.000Z,54.8,18,8.6,OFF
2026-03-08T12:01:37.000Z,54.8,18,8.6,OFF
2026-03-08T12:02:37.000Z,54.8,18.1,8.6,OFF
2026-03-08T12:03:37.000Z,54.8,17.9,8.6,OFF
2026-03-08T12:04:37.000Z,54.8,17.7,8.6,OFF
2026-03-08T12:05:37.000Z,54.8,17.7,8.6,OFF
2026-03-08T12:06:37.000Z,54.8,17.9,8.6,OFF
2026-03-08T12:07:37.000Z,54.8,17.8,8.6,OFF
2026-03-08T12:08:37.000Z,54.8,17.9,8.6,OFF
2026-03-08T12:09:37.000Z,54.8,18,8.6,OFF
2026-03-08T12:10:37.000Z,54.8,17.9,8.6,OFF
2026-03-08T12:11:37.000Z,54.8,17.9,8.6,OFF
2026-03-08T12:12:37.000Z,54.7,18,8.6,OFF
2026-03-08T12:13:37.000Z,54.8,17.9,8.6,OFF
2026-03-08T12:14:37.000Z,54.8,18,8.6,OFF
2026-03-08T12:15:37.000Z,54.8,17.8,8.6,OFF
2026-03-08T12:16:37.000Z,54.8,17.9,8.6,OFF
2026-03-08T12:17:37.000Z,54.8,17.9,8.6,OFF
2026-03-08T12:18:37.000Z,54.8,18,8.8,OFF
2026-03-08T12:19:37.000Z,54.8,17.9,8.8,OFF
2026-03-08T12:20:37.000Z,54.8,17.8,8.8,OFF
2026-03-08T12:21:37.000Z,54.8,17.8,8.8,OFF
2026-03-08T12:22:37.000Z,54.8,17.9,8.8,OFF
2026-03-08T12:23:37.000Z,54.8,17.9,8.8,OFF
2026-03-08T12:24:37.000Z,54.8,17.9,8.8,OFF
2026-03-08T12:25:37.000Z,54.8,18,8.8,OFF
2026-03-08T12:26:37.000Z,54.8,18,8.8,OFF
2026-03-08T12:27:37.000Z,54.8,18,8.8,OFF
2026-03-08T12:28:37.000Z,54.8,17.9,8.7,OFF
2026-03-08T12:29:37.000Z,54.8,17.8,8.7,OFF
2026-03-08T12:30:37.000Z,54.8,17.8,8.7,OFF
2026-03-08T12:31:37.000Z,54.8,17.9,8.7,OFF
2026-03-08T12:32:37.000Z,54.8,17.8,8.7,OFF
2026-03-08T12:33:37.000Z,54.8,17.8,8.7,OFF
2026-03-08T12:34:37.000Z,54.8,17.9,8.7,OFF
2026-03-08T12:35:37.000Z,54.8,17.9,8.7,OFF
2026-03-08T12:36:37.000Z,54.8,17.9,8.7,OFF
2026-03-08T12:37:37.000Z,54.8,17.9,8.7,OFF
2026-03-08T12:38:37.000Z,54.8,18,8.7,OFF
2026-03-08T12:39:37.000Z,54.8,17.9,8.7,OFF
2026-03-08T12:40:37.000Z,54.8,17.9,8.7,OFF
2026-03-08T12:41:37.000Z,54.8,17.8,8.7,OFF
2026-03-08T12:42:37.000Z,54.8,18,8.9,OFF
2026-03-08T12:43:37.000Z,54.8,18,8.9,OFF
2026-03-08T12:44:37.000Z,54.8,18.1,8.9,OFF
2026-03-08T12:45:37.000Z,54.8,18,8.9,OFF
2026-03-08T12:46:37.000Z,54.8,17.9,8.9,OFF
2026-03-08T12:47:37.000Z,54.8,18,8.9,OFF
2026-03-08T12:48:37.000Z,54.8,18,8.9,OFF
2026-03-08T12:49:37.000Z,54.8,18,8.9,OFF
2026-03-08T12:50:37.000Z,54.8,17.9,8.9,OFF
2026-03-08T12:51:37.000Z,54.8,18.3,8.9,OFF
2026-03-08T12:52:37.000Z,54.8,18,8.9,OFF
2026-03-08T12:53:37.000Z,54.8,18,8.9,OFF
2026-03-08T12:54:37.000Z,54.8,18.1,8.9,OFF
2026-03-08T12:55:37.000Z,54.8,18.1,8.9,OFF
2026-03-08T12:56:37.000Z,54.8,18.1,8.9,OFF
2026-03-08T12:57:37.000Z,54.7,18.1,8.9,OFF
2026-03-08T12:58:37.000Z,54.8,18,8.9,OFF
2026-03-08T12:59:37.000Z,54.8,18.1,8.9,OFF
2026-03-08T13:00:37.000Z,54.8,17.9,8.9,OFF
2026-03-08T13:01:37.000Z,54.8,18.1,8.9,OFF
2026-03-08T13:02:37.000Z,54.8,17.5,8.9,OFF
2026-03-08T13:03:37.000Z,54.9,16.6,8.9,OFF
2026-03-08T13:04:37.000Z,55.1,15.5,8.9,OFF
2026-03-08T13:05:37.000Z,55.1,15.1,8.9,OFF
2026-03-08T13:06:37.000Z,55.2,14.8,8.9,OFF
2026-03-08T13:07:37.000Z,55.2,15,8.9,OFF
2026-03-08T13:08:37.000Z,55.2,14.6,8.9,OFF
2026-03-08T13:09:37.000Z,55.3,14.6,8.9,OFF
2026-03-08T13:10:37.000Z,55.3,14.3,8.9,OFF
2026-03-08T13:11:37.000Z,55.3,14.4,8.9,OFF
2026-03-08T13:12:37.000Z,55.4,13.8,8.9,OFF
2026-03-08T13:13:37.000Z,55.4,13.6,8.9,OFF
2026-03-08T13:14:37.000Z,55.4,13.6,8.9,OFF
2026-03-08T13:15:37.000Z,55.5,13.7,8.9,OFF
2026-03-08T13:16:37.000Z,55.5,13.7,8.9,OFF
2026-03-08T13:17:37.000Z,55.5,13.6,8.9,OFF
2026-03-08T13:18:37.000Z,55.5,13.2,8.9,OFF
2026-03-08T13:19:37.000Z,55.5,13.5,8.9,OFF
2026-03-08T13:20:37.000Z,55.5,13.7,8.9,OFF
2026-03-08T13:21:37.000Z,55.4,13.1,8.9,OFF
2026-03-08T13:22:37.000Z,55.4,13.6,8.9,OFF
2026-03-08T13:23:37.000Z,55.5,13.6,8.9,OFF
2026-03-08T13:24:37.000Z,55.5,13.7,8.9,OFF
2026-03-08T13:25:37.000Z,55.5,14,8.9,OFF
2026-03-08T13:26:37.000Z,55.5,13.8,8.9,OFF
2026-03-08T13:27:37.000Z,55.5,13.6,8.9,OFF
2026-03-08T13:28:37.000Z,55.5,13.8,8.9,OFF
2026-03-08T13:29:37.000Z,55.5,13.5,8.9,OFF
2026-03-08T13:30:37.000Z,55.5,13.6,8.9,OFF
2026-03-08T13:31:37.000Z,55.6,13.1,8.9,OFF
2026-03-08T13:32:37.000Z,55.6,13.2,8.9,OFF
2026-03-08T13:33:37.000Z,55.5,13.2,8.9,OFF
2026-03-08T13:34:37.000Z,55.6,13.2,8.9,OFF
2026-03-08T13:35:37.000Z,55.6,13.2,8.9,OFF
2026-03-08T13:36:37.000Z,55.6,13.1,8.9,OFF
2026-03-08T13:37:37.000Z,55.5,13.7,8.9,OFF
2026-03-08T13:38:37.000Z,55.6,13.5,8.9,OFF
2026-03-08T13:39:37.000Z,55.6,13.3,8.9,OFF
2026-03-08T13:40:37.000Z,55.6,13.3,8.9,OFF
2026-03-08T13:41:37.000Z,55.5,13,8.9,OFF
2026-03-08T13:42:37.000Z,55.5,13.4,8.9,OFF
2026-03-08T13:43:37.000Z,55.6,13.6,8.9,OFF
2026-03-08T13:44:37.000Z,55.6,13.2,8.9,OFF
2026-03-08T13:45:37.000Z,55.5,13.4,8.9,OFF
2026-03-08T13:46:37.000Z,55.5,13.2,8.9,OFF
2026-03-08T13:47:37.000Z,55.6,13.3,8.9,OFF
2026-03-08T13:48:37.000Z,55.6,13.6,8.9,OFF
2026-03-08T13:49:37.000Z,55.6,13.4,8.9,OFF
2026-03-08T13:50:37.000Z,55.6,13.6,8.9,OFF
2026-03-08T13:51:37.000Z,55.6,13.4,9.3,OFF
2026-03-08T13:52:37.000Z,55.5,13.1,9.3,OFF
2026-03-08T13:53:37.000Z,55.6,13.4,9.3,OFF
2026-03-08T13:54:37.000Z,55.5,13.3,9.3,OFF
2026-03-08T13:55:37.000Z,55.5,13.1,9.3,OFF
2026-03-08T13:56:37.000Z,55.6,13,9.3,OFF
2026-03-08T13:57:37.000Z,55.6,12.8,9.3,OFF
2026-03-08T13:58:37.000Z,55.6,13.3,9.3,OFF
2026-03-08T13:59:37.000Z,55.6,12.6,9.3,OFF
2026-03-08T14:00:37.000Z,55.5,12.7,9.3,OFF
2026-03-08T14:01:37.000Z,55.6,13,9.3,OFF
2026-03-08T14:02:37.000Z,55.6,13.5,9.3,OFF
2026-03-08T14:03:37.000Z,55.6,13.1,9.3,OFF
2026-03-08T14:04:37.000Z,55.5,12.8,9.3,OFF
2026-03-08T14:05:37.000Z,55.5,13.2,9.3,OFF
2026-03-08T14:06:37.000Z,55.5,13.2,9.3,OFF
2026-03-08T14:07:37.000Z,55.5,12.9,9.3,OFF
2026-03-08T14:08:37.000Z,55.5,13.1,9.3,OFF
2026-03-08T14:09:37.000Z,55.6,13.2,9.3,OFF
2026-03-08T14:10:37.000Z,55.6,13.2,9.3,OFF
2026-03-08T14:11:37.000Z,55.6,12.5,9.3,OFF
2026-03-08T14:12:37.000Z,55.6,12.9,9.3,OFF
2026-03-08T14:13:37.000Z,55.6,12.6,9.3,OFF
2026-03-08T14:14:37.000Z,55.6,12.9,9.3,OFF
2026-03-08T14:15:37.000Z,55.6,12.7,9.3,OFF
2026-03-08T14:16:37.000Z,55.6,13.1,9.3,OFF
2026-03-08T14:17:37.000Z,55.5,13,9.3,OFF
2026-03-08T14:18:37.000Z,55.6,13,9.3,OFF
2026-03-08T14:19:37.000Z,55.6,12.8,9.3,OFF
2026-03-08T14:20:37.000Z,55.6,13,9.3,OFF
2026-03-08T14:21:37.000Z,55.6,12.6,9.3,OFF
2026-03-08T14:22:37.000Z,55.6,13.1,9.3,OFF
2026-03-08T14:23:37.000Z,55.6,13,9.3,OFF
2026-03-08T14:24:37.000Z,55.6,13,9.3,OFF
2026-03-08T14:25:37.000Z,55.6,12.7,9.3,OFF
2026-03-08T14:26:37.000Z,55.6,13.3,9.3,OFF
2026-03-08T14:27:37.000Z,55.6,13.4,9.3,OFF
2026-03-08T14:28:37.000Z,55.6,13.1,9.3,OFF
2026-03-08T14:29:37.000Z,55.6,13.2,9.3,OFF
2026-03-08T14:30:37.000Z,55.6,13.2,9.3,OFF
2026-03-08T14:31:37.000Z,55.5,13.4,9.3,OFF
2026-03-08T14:32:37.000Z,55.6,13.3,9.3,OFF
2026-03-08T14:33:37.000Z,55.6,13.2,9.3,OFF
2026-03-08T14:34:37.000Z,55.6,13.5,9.3,OFF
2026-03-08T14:35:37.000Z,55.6,12.9,9.3,OFF
2026-03-08T14:36:37.000Z,55.5,12.8,9.3,OFF
2026-03-08T14:37:37.000Z,55.5,13.1,9.3,OFF
2026-03-08T14:38:37.000Z,55.6,12.9,9.3,OFF
2026-03-08T14:39:37.000Z,55.6,12.7,9.3,OFF
2026-03-08T14:40:37.000Z,55.6,12.7,9.3,OFF
2026-03-08T14:41:37.000Z,55.6,13.2,9.3,OFF
2026-03-08T14:42:37.000Z,55.6,13.1,9.3,OFF
2026-03-08T14:43:37.000Z,55.6,12.9,9.3,OFF
2026-03-08T14:44:37.000Z,55.6,12.7,9.3,OFF
2026-03-08T14:45:37.000Z,55.6,12.8,9.3,OFF
2026-03-08T14:46:37.000Z,55.6,13.1,9.3,OFF
2026-03-08T14:47:37.000Z,55.6,12.4,9.3,OFF
2026-03-08T14:48:37.000Z,55.6,12.5,9.3,OFF
2026-03-08T14:49:37.000Z,55.5,12.6,9.3,OFF
2026-03-08T14:50:37.000Z,55.6,12.7,9.3,OFF
2026-03-08T14:51:37.000Z,55.6,12.7,9.3,OFF
2026-03-08T14:52:37.000Z,55.6,12.9,9.3,OFF
2026-03-08T14:53:37.000Z,55.6,12.7,9.3,OFF
2026-03-08T14:54:37.000Z,55.6,12.8,9.3,OFF
2026-03-08T14:55:37.000Z,55.6,12.5,9.3,OFF
2026-03-08T14:56:37.000Z,55.6,12.1,9.3,OFF
2026-03-08T14:57:37.000Z,55.6,12.4,9.3,OFF
2026-03-08T14:58:37.000Z,55.6,12.9,9.3,OFF
2026-03-08T14:59:37.000Z,55.6,12.5,9.3,OFF
2026-03-08T15:00:37.000Z,55.6,12.5,9.3,OFF
2026-03-08T15:01:37.000Z,55.7,12.3,9.3,OFF
2026-03-08T15:02:37.000Z,55.6,12.5,9.3,OFF
2026-03-08T15:03:37.000Z,55.6,12.7,9.3,OFF
2026-03-08T15:04:37.000Z,55.6,12.9,9.3,OFF
2026-03-08T15:05:37.000Z,55.6,12.7,9.3,OFF
2026-03-08T15:06:37.000Z,55.6,12.8,9.3,OFF
2026-03-08T15:07:37.000Z,55.6,12.8,9.3,OFF
2026-03-08T15:08:37.000Z,55.6,12.8,9.3,OFF
2026-03-08T15:09:37.000Z,55.6,12.5,9.4,OFF
2026-03-08T15:10:37.000Z,55.6,13,9.4,OFF
2026-03-08T15:11:37.000Z,55.6,12.9,9.4,OFF
2026-03-08T15:12:37.000Z,55.6,12.8,9.4,OFF
2026-03-08T15:13:37.000Z,55.6,12.7,9.4,OFF
2026-03-08T15:14:37.000Z,55.6,12.6,9.4,OFF
2026-03-08T15:15:37.000Z,55.6,12.5,9.4,OFF
2026-03-08T15:16:37.000Z,55.5,12.4,9.4,OFF
2026-03-08T15:17:37.000Z,55.6,12.7,9.4,OFF
2026-03-08T15:18:37.000Z,55.6,12.4,9.4,OFF
2026-03-08T15:19:37.000Z,55.6,12.3,9.4,OFF
2026-03-08T15:20:37.000Z,55.6,12,9.4,OFF
2026-03-08T15:21:37.000Z,55.5,12.1,9.4,OFF
2026-03-08T15:22:37.000Z,55.5,12.6,9.4,OFF
2026-03-08T15:23:37.000Z,55.6,12.4,9.4,OFF
2026-03-08T15:24:37.000Z,55.6,12.7,9.4,OFF
2026-03-08T15:25:37.000Z,55.5,12.6,9.4,OFF
2026-03-08T15:26:37.000Z,55.5,12.7,9.4,OFF
2026-03-08T15:27:37.000Z,55.5,12.6,9.4,OFF
2026-03-08T15:28:37.000Z,55.5,12.7,9.4,OFF
2026-03-08T15:29:37.000Z,55.5,12.9,9.4,OFF
2026-03-08T15:30:37.000Z,55.6,13.2,9.4,OFF
2026-03-08T15:31:37.000Z,55.5,12.8,9.4,OFF
2026-03-08T15:32:37.000Z,55.5,13.1,9.4,OFF
2026-03-08T15:33:37.000Z,55.6,12.8,9.4,OFF
2026-03-08T15:34:37.000Z,55.5,12.6,9.4,OFF
2026-03-08T15:35:37.000Z,55.6,12.7,9.4,OFF
2026-03-08T15:36:37.000Z,55.6,13,9.4,OFF
2026-03-08T15:37:37.000Z,55.6,12.7,9.4,OFF
2026-03-08T15:38:37.000Z,55.5,12.8,9.4,OFF
2026-03-08T15:39:37.000Z,55.6,12.6,9.4,OFF
2026-03-08T15:40:37.000Z,55.6,12.8,9.4,OFF
2026-03-08T15:41:37.000Z,55.5,12.5,9.4,OFF
2026-03-08T15:42:37.000Z,55.6,13.2,9.4,OFF
2026-03-08T15:43:37.000Z,55.6,12.7,9.4,OFF
2026-03-08T15:44:37.000Z,55.5,12,9.4,OFF
2026-03-08T15:45:37.000Z,55.6,12.5,9.4,OFF
2026-03-08T15:46:37.000Z,55.5,12.1,9.4,OFF
2026-03-08T15:47:37.000Z,55.5,12.4,9.4,OFF
2026-03-08T15:48:37.000Z,55.6,12.4,9.4,OFF
2026-03-08T15:49:37.000Z,55.6,12.6,9.4,OFF
2026-03-08T15:50:37.000Z,55.5,11.9,9.4,OFF
2026-03-08T15:51:37.000Z,55.6,12.2,9.4,OFF
2026-03-08T15:52:37.000Z,55.6,12.3,9.4,OFF
2026-03-08T15:53:37.000Z,55.5,12.3,9.4,OFF
2026-03-08T15:54:37.000Z,55.6,12.4,9.4,OFF
2026-03-08T15:55:37.000Z,55.6,12.6,9.4,OFF
2026-03-08T15:56:37.000Z,55.6,12.6,9.4,OFF
2026-03-08T15:57:37.000Z,55.6,13,9.4,OFF
2026-03-08T15:58:37.000Z,55.6,12.6,9.4,OFF
2026-03-08T15:59:37.000Z,55.6,12.4,9.4,OFF
2026-03-08T16:00:37.000Z,55.6,12.4,9.4,OFF
2026-03-08T16:01:37.000Z,55.6,12.1,9.4,OFF
2026-03-08T16:02:37.000Z,55.6,11.9,9.4,OFF
2026-03-08T16:03:37.000Z,55.6,12,9.4,OFF
2026-03-08T16:04:37.000Z,55.6,12.1,9.4,OFF
2026-03-08T16:05:37.000Z,55.6,12,9.4,OFF
2026-03-08T16:06:37.000Z,55.6,12.2,9.4,OFF
2026-03-08T16:07:37.000Z,55.6,12.2,9.4,OFF
2026-03-08T16:08:37.000Z,55.6,12,9.4,OFF
2026-03-08T16:09:37.000Z,55.6,11.8,9.4,OFF
2026-03-08T16:10:37.000Z,55.6,12.3,9.4,OFF
2026-03-08T16:11:37.000Z,55.6,12.5,9.4,OFF
2026-03-08T16:12:37.000Z,55.6,12.4,9.4,OFF
2026-03-08T16:13:37.000Z,55.6,12.1,9.4,OFF
2026-03-08T16:14:37.000Z,55.6,12.3,9.4,OFF
2026-03-08T16:15:37.000Z,55.6,12,9.4,OFF
2026-03-08T16:16:37.000Z,55.6,12.3,9.4,OFF
2026-03-08T16:17:37.000Z,55.6,11.9,9.4,OFF
2026-03-08T16:18:37.000Z,55.6,12,9.4,OFF
2026-03-08T16:19:37.000Z,55.6,12.3,9.4,OFF
2026-03-08T16:20:37.000Z,55.6,12.1,9.4,OFF
2026-03-08T16:21:37.000Z,55.7,12,9.4,OFF
2026-03-08T16:22:37.000Z,55.7,12,9.4,OFF
2026-03-08T16:23:37.000Z,55.6,12.2,9.4,OFF
2026-03-08T16:24:37.000Z,55.6,11.8,9.4,OFF
2026-03-08T16:25:37.000Z,55.6,12,9.4,OFF
2026-03-08T16:26:37.000Z,55.6,12.1,9.4,OFF
2026-03-08T16:27:37.000Z,55.6,12.2,9.4,OFF
2026-03-08T16:28:37.000Z,55.6,12.2,9.4,OFF
2026-03-08T16:29:37.000Z,55.7,12.1,9.4,OFF
2026-03-08T16:30:37.000Z,55.6,12.1,9.4,OFF
2026-03-08T16:31:37.000Z,55.6,12,9.4,OFF
2026-03-08T16:32:37.000Z,55.6,11.9,9.4,OFF
2026-03-08T16:33:37.000Z,55.6,11.9,9.4,OFF
2026-03-08T16:34:37.000Z,55.6,12.3,9.4,OFF
2026-03-08T16:35:37.000Z,55.6,11.9,9.4,OFF
2026-03-08T16:36:37.000Z,55.6,12,9.4,OFF
2026-03-08T16:37:37.000Z,55.6,11.8,9.4,OFF
2026-03-08T16:38:37.000Z,55.6,11.9,9.4,OFF
2026-03-08T16:39:37.000Z,55.6,11.9,9.4,OFF
2026-03-08T16:40:37.000Z,55.6,12.2,9.4,OFF
2026-03-08T16:41:37.000Z,55.5,12.2,9.4,OFF
2026-03-08T16:42:37.000Z,55.5,12.4,9.4,OFF
2026-03-08T16:43:37.000Z,55.6,12,9.4,OFF
2026-03-08T16:44:37.000Z,55.6,11.5,9.4,OFF
2026-03-08T16:45:37.000Z,55.6,11.9,9.4,OFF
2026-03-08T16:46:37.000Z,55.6,11.9,9.4,OFF
2026-03-08T16:47:37.000Z,55.6,11.6,9.4,OFF
2026-03-08T16:48:37.000Z,55.6,12.6,9.4,OFF
2026-03-08T16:49:37.000Z,55.6,12.2,9.4,OFF
2026-03-08T16:50:37.000Z,55.6,12.8,9.4,OFF
2026-03-08T16:51:37.000Z,55.6,12.8,9.4,OFF
2026-03-08T16:52:37.000Z,55.6,11.8,9.4,OFF
2026-03-08T16:53:37.000Z,55.6,12.3,9.4,OFF
2026-03-08T16:54:37.000Z,55.6,12,9,OFF
2026-03-08T16:55:37.000Z,55.6,12.1,9,OFF
2026-03-08T16:56:37.000Z,55.6,12,9,OFF
2026-03-08T16:57:37.000Z,55.6,12.2,9,OFF
2026-03-08T16:58:37.000Z,55.6,12.1,9,OFF
2026-03-08T16:59:37.000Z,55.6,11.6,9,OFF
2026-03-08T17:00:37.000Z,55.6,11.7,9,OFF
2026-03-08T17:01:37.000Z,55.6,11.8,9,OFF
2026-03-08T17:02:37.000Z,55.6,11.6,9,OFF
2026-03-08T17:03:37.000Z,55.6,12,9,OFF
2026-03-08T17:04:37.000Z,55.6,11.8,9,OFF
2026-03-08T17:05:37.000Z,55.7,12.4,9,OFF
2026-03-08T17:06:37.000Z,55.7,12.2,9,OFF
2026-03-08T17:07:37.000Z,55.7,12.4,9,OFF
2026-03-08T17:08:37.000Z,55.7,11.9,9,OFF
2026-03-08T17:09:37.000Z,55.6,12,9,OFF
2026-03-08T17:10:37.000Z,55.6,12.4,9,OFF
2026-03-08T17:11:37.000Z,55.6,12.7,9,OFF
2026-03-08T17:12:37.000Z,55.6,12.1,9,OFF
2026-03-08T17:13:37.000Z,55.6,12.1,9,OFF
2026-03-08T17:14:37.000Z,55.6,12.2,9,OFF
2026-03-08T17:15:37.000Z,55.6,11.7,9,OFF
2026-03-08T17:16:37.000Z,55.6,12.1,9,OFF
2026-03-08T17:17:37.000Z,55.6,12,9,OFF
2026-03-08T17:18:37.000Z,55.6,12.1,9,OFF
2026-03-08T17:19:37.000Z,55.6,12.3,9,OFF
2026-03-08T17:20:37.000Z,55.7,12.4,9,OFF
2026-03-08T17:21:37.000Z,55.7,11.9,9,OFF
2026-03-08T17:22:37.000Z,55.6,11.8,9,OFF
2026-03-08T17:23:37.000Z,55.6,12,9,OFF
2026-03-08T17:24:37.000Z,55.6,12,9,OFF
2026-03-08T17:25:37.000Z,55.6,12.1,9,OFF
2026-03-08T17:26:37.000Z,55.7,12.4,9,OFF
2026-03-08T17:27:37.000Z,55.6,12,9,OFF
2026-03-08T17:28:37.000Z,55.6,11.9,9,OFF
2026-03-08T17:29:37.000Z,55.7,12,9,OFF
2026-03-08T17:30:37.000Z,55.6,11.7,9,OFF
2026-03-08T17:31:37.000Z,55.6,11.4,9,OFF
2026-03-08T17:32:37.000Z,55.7,11.9,9,OFF
2026-03-08T17:33:37.000Z,55.7,11.9,9,OFF
2026-03-08T17:34:37.000Z,55.7,11.7,9,OFF
2026-03-08T17:35:37.000Z,55.7,12,9,OFF
2026-03-08T17:36:37.000Z,55.7,12,9,OFF
2026-03-08T17:37:37.000Z,55.7,12.2,9,OFF
2026-03-08T17:38:37.000Z,55.6,11.5,9,OFF
2026-03-08T17:39:37.000Z,55.6,11.9,9,OFF
2026-03-08T17:40:37.000Z,55.6,11.8,8.8,OFF
2026-03-08T17:41:37.000Z,55.6,12,8.8,OFF
2026-03-08T17:42:37.000Z,55.6,11.7,8.8,OFF
2026-03-08T17:43:37.000Z,55.6,12.2,8.8,OFF
2026-03-08T17:44:37.000Z,55.6,11.5,8.8,OFF
2026-03-08T17:45:37.000Z,55.7,12.4,8.8,OFF
2026-03-08T17:46:37.000Z,55.6,12.2,8.8,OFF
2026-03-08T17:47:37.000Z,55.6,12.1,8.8,OFF
2026-03-08T17:48:37.000Z,55.6,12,8.8,OFF
2026-03-08T17:49:37.000Z,55.6,11.7,8.8,OFF
2026-03-08T17:50:37.000Z,55.7,12.3,8.8,OFF
2026-03-08T17:51:37.000Z,55.6,11.7,8.8,OFF
2026-03-08T17:52:37.000Z,55.6,11.9,8.8,OFF
2026-03-08T17:53:37.000Z,55.6,12,8.8,OFF
2026-03-08T17:54:37.000Z,55.7,12.2,8.8,OFF
2026-03-08T17:55:37.000Z,55.7,12,8.8,OFF
2026-03-08T17:56:37.000Z,55.6,11.4,8.8,OFF
2026-03-08T17:57:37.000Z,55.7,11.9,8.8,OFF
2026-03-08T17:58:37.000Z,55.6,11.7,8.8,OFF
2026-03-08T17:59:37.000Z,55.6,11.4,8.8,OFF
2026-03-08T18:00:37.000Z,55.7,11.9,8.8,OFF
2026-03-08T18:01:37.000Z,55.6,11.6,8.8,OFF
2026-03-08T18:02:37.000Z,55.6,11.9,8.8,OFF
2026-03-08T18:03:37.000Z,55.7,11.7,8.8,OFF
2026-03-08T18:04:37.000Z,55.6,11.8,8.8,OFF
2026-03-08T18:05:37.000Z,55.7,11.7,8.8,OFF
2026-03-08T18:06:37.000Z,55.7,11.8,8.8,OFF
2026-03-08T18:07:37.000Z,55.7,11.9,8.8,OFF
2026-03-08T18:08:37.000Z,55.7,11.5,8.8,OFF
2026-03-08T18:09:37.000Z,55.7,11.5,8.8,OFF
2026-03-08T18:10:37.000Z,55.7,11.5,8.8,OFF
2026-03-08T18:11:37.000Z,55.7,11.1,8.8,OFF
2026-03-08T18:12:37.000Z,55.7,11.3,8.7,OFF
2026-03-08T18:13:37.000Z,55.7,11.4,8.7,OFF
2026-03-08T18:14:37.000Z,55.7,11.4,8.7,OFF
2026-03-08T18:15:37.000Z,55.7,11.6,8.7,OFF
2026-03-08T18:16:37.000Z,55.7,11.6,8.7,OFF
2026-03-08T18:17:37.000Z,55.6,11.5,8.7,OFF
2026-03-08T18:18:37.000Z,55.6,11.5,8.7,OFF
2026-03-08T18:19:37.000Z,55.7,11.6,8.7,OFF
2026-03-08T18:20:37.000Z,55.7,11.7,8.7,OFF
2026-03-08T18:21:37.000Z,55.7,11.5,8.7,OFF
2026-03-08T18:22:37.000Z,55.7,11.2,8.7,OFF
2026-03-08T18:23:37.000Z,55.7,11.5,8.7,OFF
2026-03-08T18:24:37.000Z,55.7,11.2,8.7,OFF
2026-03-08T18:25:37.000Z,55.7,11.9,8.7,OFF
2026-03-08T18:26:37.000Z,55.7,11.5,8.7,OFF
2026-03-08T18:27:37.000Z,55.7,11.4,8.7,OFF
2026-03-08T18:28:37.000Z,55.7,11.4,8.7,OFF
2026-03-08T18:29:37.000Z,55.7,11.4,8.7,OFF
2026-03-08T18:30:37.000Z,55.6,11.3,8.7,OFF
2026-03-08T18:31:37.000Z,55.6,11.4,8.7,OFF
2026-03-08T18:32:37.000Z,55.6,11.7,8.7,OFF
2026-03-08T18:33:37.000Z,55.7,11.9,8.7,OFF
2026-03-08T18:34:37.000Z,55.7,11.7,8.7,OFF
2026-03-08T18:35:37.000Z,55.6,11.6,8.7,OFF
2026-03-08T18:36:37.000Z,55.6,11.3,8.7,OFF
2026-03-08T18:37:37.000Z,55.6,11.8,8.7,OFF
2026-03-08T18:38:37.000Z,55.6,11.6,8.7,OFF
2026-03-08T18:39:37.000Z,55.6,11.5,8.7,OFF
2026-03-08T18:40:37.000Z,55.7,11.4,8.7,OFF
2026-03-08T18:41:37.000Z,55.6,11.4,8.7,OFF
2026-03-08T18:42:37.000Z,55.7,11,8.7,OFF
2026-03-08T18:43:37.000Z,55.7,11.2,8.7,OFF
2026-03-08T18:44:37.000Z,55.7,11.5,8.7,OFF
2026-03-08T18:45:37.000Z,55.7,11.6,8.7,OFF
2026-03-08T18:46:37.000Z,55.7,11.4,8.7,OFF
2026-03-08T18:47:37.000Z,55.7,11.3,8.7,OFF
2026-03-08T18:48:37.000Z,55.7,11.3,8.7,OFF
2026-03-08T18:49:37.000Z,55.7,11.7,8.7,OFF
2026-03-08T18:50:37.000Z,55.7,12,8.7,OFF
2026-03-08T18:51:37.000Z,55.7,12.1,8.7,OFF
2026-03-08T18:52:37.000Z,55.7,12.1,8.7,OFF
2026-03-08T18:53:37.000Z,55.7,11.6,8.7,OFF
2026-03-08T18:54:37.000Z,55.7,11.6,8.7,OFF
2026-03-08T18:55:37.000Z,55.6,11.5,8.7,OFF
2026-03-08T18:56:37.000Z,55.7,12,8.7,OFF
2026-03-08T18:57:37.000Z,55.6,11.9,8.7,OFF
2026-03-08T18:58:37.000Z,55.6,11.5,8.7,OFF
2026-03-08T18:59:37.000Z,55.7,11.1,8.7,OFF
2026-03-08T19:00:37.000Z,55.7,11.1,8.7,OFF
2026-03-08T19:01:37.000Z,55.7,11.2,8.7,OFF
2026-03-08T19:02:37.000Z,55.7,11.1,8.7,OFF
2026-03-08T19:03:37.000Z,55.7,11.4,8.7,OFF
2026-03-08T19:04:37.000Z,55.7,11.2,8.7,OFF
2026-03-08T19:05:37.000Z,55.6,11.5,8.7,OFF
2026-03-08T19:06:37.000Z,55.7,11.5,8.7,OFF
2026-03-08T19:07:37.000Z,55.7,11.5,8.7,OFF
2026-03-08T19:08:37.000Z,55.7,11.2,8.7,OFF
2026-03-08T19:09:37.000Z,55.7,11.9,8.7,OFF
2026-03-08T19:10:37.000Z,55.6,11.4,8.7,OFF
2026-03-08T19:11:37.000Z,55.6,11,8.7,OFF
2026-03-08T19:12:37.000Z,55.7,11.7,8.7,OFF
2026-03-08T19:13:37.000Z,55.7,11.5,8.7,OFF
2026-03-08T19:14:37.000Z,55.7,11.4,8.7,OFF
2026-03-08T19:15:37.000Z,55.7,11.3,8.7,OFF
2026-03-08T19:16:37.000Z,55.7,11.3,8.7,OFF
2026-03-08T19:17:37.000Z,55.7,11.4,8.7,OFF
2026-03-08T19:18:37.000Z,55.7,11,8.7,OFF
2026-03-08T19:19:37.000Z,55.7,11.4,8.7,OFF
2026-03-08T19:20:37.000Z,55.7,11.5,8.7,OFF
2026-03-08T19:21:37.000Z,55.7,11.3,8.7,OFF
2026-03-08T19:22:37.000Z,55.7,11.3,8.7,OFF
2026-03-08T19:23:37.000Z,55.7,11.6,8.7,OFF
2026-03-08T19:24:37.000Z,55.7,11.7,8.7,OFF
2026-03-08T19:25:37.000Z,55.7,11.4,8.7,OFF
2026-03-08T19:26:37.000Z,55.7,11.3,8.7,OFF
2026-03-08T19:27:37.000Z,55.7,11.6,8.7,OFF
2026-03-08T19:28:37.000Z,55.7,11.2,8.7,OFF
2026-03-08T19:29:37.000Z,55.7,11.4,8.7,OFF
2026-03-08T19:30:37.000Z,55.7,11.7,8.7,OFF
2026-03-08T19:31:37.000Z,55.7,11.5,8.7,OFF
2026-03-08T19:32:37.000Z,55.7,11.2,8.7,OFF
2026-03-08T19:33:37.000Z,55.7,11.2,8.7,OFF
2026-03-08T19:34:37.000Z,55.7,11.1,8.7,OFF
2026-03-08T19:35:37.000Z,55.7,11.4,8.7,OFF
2026-03-08T19:36:37.000Z,55.7,11,8.7,OFF
2026-03-08T19:37:37.000Z,55.7,11.2,8.7,OFF
2026-03-08T19:38:37.000Z,55.7,11.2,8.7,OFF
2026-03-08T19:39:37.000Z,55.7,11.5,8.7,OFF
2026-03-08T19:40:37.000Z,55.8,11.6,8.7,OFF
2026-03-08T19:41:37.000Z,55.8,11.6,8.7,OFF
2026-03-08T19:42:37.000Z,55.7,11.4,8.7,OFF
2026-03-08T19:43:37.000Z,55.6,11.1,8.7,OFF
2026-03-08T19:44:37.000Z,55.7,11,8.7,OFF
2026-03-08T19:45:37.000Z,55.7,11,8.7,OFF
2026-03-08T19:46:37.000Z,55.6,11.3,8.7,OFF
2026-03-08T19:47:37.000Z,55.7,11.1,8.7,OFF
2026-03-08T19:48:37.000Z,55.7,11.1,8.7,OFF
2026-03-08T19:49:37.000Z,55.7,11.2,8.7,OFF
2026-03-08T19:50:37.000Z,55.7,11,8.7,OFF
2026-03-08T19:51:37.000Z,55.7,11.5,8.7,OFF
2026-03-08T19:52:37.000Z,55.7,11.2,8.7,OFF
2026-03-08T19:53:37.000Z,55.7,10.9,8.7,OFF
2026-03-08T19:54:37.000Z,55.6,11.2,8.7,OFF
2026-03-08T19:55:37.000Z,55.7,11.2,8.7,OFF
2026-03-08T19:56:37.000Z,55.7,11.5,8.7,OFF
2026-03-08T19:57:37.000Z,55.7,11,8.7,OFF
2026-03-08T19:58:37.000Z,55.7,11.2,8.7,OFF
2026-03-08T19:59:37.000Z,55.7,10.9,8.7,OFF
2026-03-08T20:00:37.000Z,55.6,11.3,8.7,OFF
2026-03-08T20:01:37.000Z,55.6,10.9,8.7,OFF
2026-03-08T20:02:37.000Z,55.7,11.4,8.7,OFF
2026-03-08T20:03:37.000Z,55.7,11.4,8.7,OFF
2026-03-08T20:04:37.000Z,55.7,11.5,8.7,OFF
2026-03-08T20:05:37.000Z,55.6,11.3,8.7,OFF
2026-03-08T20:06:37.000Z,55.7,10.9,8.7,OFF
2026-03-08T20:07:37.000Z,55.7,11.4,8.7,OFF
2026-03-08T20:08:37.000Z,55.7,10.5,8.7,OFF
2026-03-08T20:09:37.000Z,55.6,11,8.7,OFF
2026-03-08T20:10:37.000Z,55.7,11.2,8.7,OFF
2026-03-08T20:11:37.000Z,55.7,11.3,8.7,OFF
2026-03-08T20:12:37.000Z,55.7,10.9,8.7,OFF
2026-03-08T20:13:37.000Z,55.7,11.5,8.7,OFF
2026-03-08T20:14:37.000Z,55.7,11.6,8.7,OFF
2026-03-08T20:15:37.000Z,55.7,10.9,8.7,OFF
2026-03-08T20:16:37.000Z,55.7,11.2,8.7,OFF
2026-03-08T20:17:37.000Z,55.7,11,8.7,OFF
2026-03-08T20:18:37.000Z,55.7,11,8.7,OFF
2026-03-08T20:19:37.000Z,55.7,11.3,8.7,OFF
2026-03-08T20:20:37.000Z,55.7,11.1,8.7,OFF
2026-03-08T20:21:37.000Z,55.7,11,8.7,OFF
2026-03-08T20:22:37.000Z,55.7,11.3,8.7,OFF
2026-03-08T20:23:37.000Z,55.6,11.5,8.7,OFF
2026-03-08T20:24:37.000Z,55.7,11.5,8.7,OFF
2026-03-08T20:25:37.000Z,55.7,11.3,8.7,OFF
2026-03-08T20:26:37.000Z,55.7,11.2,8.7,OFF
2026-03-08T20:27:37.000Z,55.7,11.2,8.7,OFF
2026-03-08T20:28:37.000Z,55.7,11.3,8.7,OFF
2026-03-08T20:29:37.000Z,55.7,11.2,8.7,OFF
2026-03-08T20:30:37.000Z,55.7,11.3,8.7,OFF
2026-03-08T20:31:37.000Z,55.7,11.3,8.7,OFF
2026-03-08T20:32:37.000Z,55.7,11.2,8.7,OFF
2026-03-08T20:33:37.000Z,55.7,11.2,8.7,OFF
2026-03-08T20:34:37.000Z,55.7,10.8,8.7,OFF
2026-03-08T20:35:37.000Z,55.7,11,8.7,OFF
2026-03-08T20:36:37.000Z,55.7,11,8.7,OFF
2026-03-08T20:37:37.000Z,55.7,11.2,8.7,OFF
2026-03-08T20:38:37.000Z,55.7,11.3,8.7,OFF
2026-03-08T20:39:37.000Z,55.7,11.1,8.7,OFF
2026-03-08T20:40:37.000Z,55.7,11,8.7,OFF
2026-03-08T20:41:37.000Z,55.7,11.2,8.7,OFF
2026-03-08T20:42:37.000Z,55.7,11.2,8.7,OFF
2026-03-08T20:43:37.000Z,55.7,11.1,8.7,OFF
2026-03-08T20:44:37.000Z,55.7,10.9,8.7,OFF
2026-03-08T20:45:37.000Z,55.7,11.1,8.7,OFF
2026-03-08T20:46:37.000Z,55.7,11.1,8.7,OFF
2026-03-08T20:47:37.000Z,55.7,10.6,8.7,OFF
2026-03-08T20:48:37.000Z,55.7,10.6,8.7,OFF
2026-03-08T20:49:37.000Z,55.7,11.1,8.7,OFF
2026-03-08T20:50:37.000Z,55.7,11.1,8.7,OFF
2026-03-08T20:51:37.000Z,55.7,11.1,8.7,OFF
2026-03-08T20:52:37.000Z,55.6,10.8,8.7,OFF
2026-03-08T20:53:37.000Z,55.7,10.6,8.7,OFF
2026-03-08T20:54:37.000Z,55.7,10.8,8.7,OFF
2026-03-08T20:55:37.000Z,55.7,11,8.7,OFF
2026-03-08T20:56:37.000Z,55.6,11.2,8.7,OFF
2026-03-08T20:57:37.000Z,55.6,11.2,8.7,OFF
2026-03-08T20:58:37.000Z,55.6,11.3,8.7,OFF
2026-03-08T20:59:37.000Z,55.7,11.7,8.7,OFF
2026-03-08T21:00:37.000Z,55.7,11.8,8.7,OFF
2026-03-08T21:01:37.000Z,55.6,11.1,8.7,OFF
2026-03-08T21:02:37.000Z,55.6,11.2,8.7,OFF
2026-03-08T21:03:37.000Z,55.7,11.2,8.7,OFF
2026-03-08T21:04:37.000Z,55.6,11.3,8.7,OFF
2026-03-08T21:05:37.000Z,55.7,11.3,8.7,OFF
2026-03-08T21:06:37.000Z,55.7,11.3,8.7,OFF
2026-03-08T21:07:37.000Z,55.6,11.1,8.7,OFF
2026-03-08T21:08:37.000Z,55.7,10.9,8.7,OFF
2026-03-08T21:09:37.000Z,55.6,10.9,8.7,OFF
2026-03-08T21:10:37.000Z,55.7,11.3,8.7,OFF
2026-03-08T21:11:37.000Z,55.6,11.2,8.7,OFF
2026-03-08T21:12:37.000Z,55.7,11.5,8.5,OFF
2026-03-08T21:13:37.000Z,55.7,11.5,8.5,OFF
2026-03-08T21:14:37.000Z,55.7,11.4,8.5,OFF
2026-03-08T21:15:37.000Z,55.6,11.4,8.5,OFF
2026-03-08T21:16:37.000Z,55.6,11.3,8.5,OFF
2026-03-08T21:17:37.000Z,55.6,11.6,8.5,OFF
2026-03-08T21:18:37.000Z,55.7,11.5,8.5,OFF
2026-03-08T21:19:37.000Z,55.7,11.5,8.5,OFF
2026-03-08T21:20:37.000Z,55.7,11.5,8.5,OFF
2026-03-08T21:21:37.000Z,55.7,11.4,8.5,OFF
2026-03-08T21:22:37.000Z,55.6,10.9,8.5,OFF
2026-03-08T21:23:37.000Z,55.6,11.1,8.4,OFF
2026-03-08T21:24:37.000Z,55.6,11.6,8.4,OFF
2026-03-08T21:25:37.000Z,55.6,12.3,8.4,OFF
2026-03-08T21:26:37.000Z,55.5,12.4,8.4,OFF
2026-03-08T21:27:37.000Z,55.5,12.5,8.4,OFF
2026-03-08T21:28:37.000Z,55.5,12.7,8.4,OFF
2026-03-08T21:29:37.000Z,55.5,12.9,8.4,OFF
2026-03-08T21:30:37.000Z,55.4,13.1,8.4,OFF
2026-03-08T21:31:37.000Z,55.4,13.2,8.4,OFF
2026-03-08T21:32:37.000Z,55.4,13.4,8.4,OFF
2026-03-08T21:33:37.000Z,55.4,13.5,8.4,OFF
2026-03-08T21:34:37.000Z,55.3,13.5,8.4,OFF
2026-03-08T21:35:37.000Z,55.3,13.6,8.4,OFF
2026-03-08T21:36:37.000Z,55.3,13.7,8.4,OFF
2026-03-08T21:37:37.000Z,55.3,13.9,8.4,OFF
2026-03-08T21:38:37.000Z,55.3,14,8.4,OFF
2026-03-08T21:39:37.000Z,55.3,13.9,8.4,OFF
2026-03-08T21:40:37.000Z,55.2,14.1,8.4,OFF
2026-03-08T21:41:37.000Z,55.2,13.9,8.4,OFF
2026-03-08T21:42:37.000Z,55.2,14,8.4,OFF
2026-03-08T21:43:37.000Z,55.2,14.1,8.4,OFF
2026-03-08T21:44:37.000Z,55.2,14.2,8.4,OFF
2026-03-08T21:45:37.000Z,55.2,14.1,8.4,OFF
2026-03-08T21:46:37.000Z,55.2,14.3,8.4,OFF
2026-03-08T21:47:37.000Z,55.2,14.3,8.4,OFF
2026-03-08T21:48:37.000Z,55.2,14.3,8.4,OFF
2026-03-08T21:49:37.000Z,55.2,14.4,8.4,OFF
2026-03-08T21:50:37.000Z,55.2,14.6,8.4,OFF
2026-03-08T21:51:37.000Z,55.2,14.5,8.4,OFF
2026-03-08T21:52:37.000Z,55.2,14.5,8.4,OFF
2026-03-08T21:53:37.000Z,55.1,14.4,8.4,OFF
2026-03-08T21:54:37.000Z,55.1,14.6,8.4,OFF
2026-03-08T21:55:37.000Z,55.1,14.5,8.4,OFF
2026-03-08T21:56:37.000Z,55.1,14.7,8.4,OFF
2026-03-08T21:57:37.000Z,55.1,14.7,8.4,OFF
2026-03-08T21:58:37.000Z,55.1,14.6,8.4,OFF
2026-03-08T21:59:37.000Z,55.1,14.7,8.4,OFF
2026-03-08T22:00:37.000Z,55.1,14.7,8.4,OFF
2026-03-08T22:01:37.000Z,55.1,14.7,8.4,OFF
2026-03-08T22:02:37.000Z,55.1,14.8,8.4,OFF
2026-03-08T22:03:37.000Z,55.1,14.9,8.4,OFF
2026-03-08T22:04:37.000Z,55,14.9,8.4,OFF
2026-03-08T22:05:37.000Z,55.1,14.9,8.4,OFF
2026-03-08T22:06:37.000Z,55.1,15,8.4,OFF
2026-03-08T22:07:37.000Z,55,15,8.4,OFF
2026-03-08T22:08:37.000Z,55,15.1,8.4,OFF
2026-03-08T22:09:37.000Z,55,15.2,8.4,OFF
2026-03-08T22:10:37.000Z,55,15.1,8.4,OFF
2026-03-08T22:11:37.000Z,55,15.2,8.4,OFF
2026-03-08T22:12:37.000Z,55,15.1,8.4,OFF
2026-03-08T22:13:37.000Z,54.9,15,8.4,OFF
2026-03-08T22:14:37.000Z,54.9,15.2,8.4,OFF
2026-03-08T22:15:37.000Z,55,15.2,8.4,OFF
2026-03-08T22:16:37.000Z,55,15.3,8.4,OFF
2026-03-08T22:17:37.000Z,55,15.4,8.4,OFF
2026-03-08T22:18:37.000Z,54.9,15.4,8.4,OFF
2026-03-08T22:19:37.000Z,54.9,15.4,8.4,OFF
2026-03-08T22:20:37.000Z,54.9,15.4,8.4,OFF
2026-03-08T22:21:37.000Z,54.9,15.4,8.4,OFF
2026-03-08T22:22:37.000Z,54.9,15.5,8.4,OFF
2026-03-08T22:23:37.000Z,54.9,15.4,8.4,OFF
2026-03-08T22:24:37.000Z,55,15.8,8.4,OFF
2026-03-08T22:25:37.000Z,54.9,15.4,8.4,OFF
2026-03-08T22:26:37.000Z,54.9,15.4,8.4,OFF
2026-03-08T22:27:37.000Z,54.9,15.5,8.4,OFF
2026-03-08T22:28:37.000Z,54.9,15.4,8.4,OFF
2026-03-08T22:29:37.000Z,54.9,15.4,8.4,OFF
2026-03-08T22:30:37.000Z,54.8,15.4,8.4,OFF
2026-03-08T22:31:37.000Z,54.9,15.5,8.4,OFF
2026-03-08T22:32:37.000Z,54.9,15.6,8.4,OFF
2026-03-08T22:33:37.000Z,54.9,15.6,8.4,OFF
2026-03-08T22:34:37.000Z,54.8,15.7,8.4,OFF
2026-03-08T22:35:37.000Z,54.8,15.8,8.4,OFF
2026-03-08T22:36:37.000Z,54.8,15.8,8.4,OFF
2026-03-08T22:37:37.000Z,54.8,16.2,8.4,OFF
2026-03-08T22:38:37.000Z,54.8,15.8,8.4,OFF
2026-03-08T22:39:37.000Z,54.8,15.8,8.4,OFF
2026-03-08T22:40:37.000Z,54.8,15.8,8.4,OFF
2026-03-08T22:41:37.000Z,54.8,15.8,8.4,OFF
2026-03-08T22:42:37.000Z,54.8,15.9,8.4,OFF
2026-03-08T22:43:37.000Z,54.8,15.8,8.4,OFF
2026-03-08T22:44:37.000Z,54.8,15.9,8.4,OFF
2026-03-08T22:45:37.000Z,54.8,15.8,8.4,OFF
2026-03-08T22:46:37.000Z,54.8,15.9,8.4,OFF
2026-03-08T22:47:37.000Z,54.8,15.8,8.4,OFF
2026-03-08T22:48:37.000Z,54.8,15.9,8.4,OFF
2026-03-08T22:49:37.000Z,54.8,16,8.4,OFF
2026-03-08T22:50:37.000Z,54.8,16,8.4,OFF
2026-03-08T22:51:37.000Z,54.8,16,8.4,OFF
2026-03-08T22:52:37.000Z,54.8,16.4,8.4,OFF
2026-03-08T22:53:37.000Z,54.8,16.1,8.4,OFF
2026-03-08T22:54:37.000Z,54.8,16.1,8.4,OFF
2026-03-08T22:55:37.000Z,54.8,16.1,8.4,OFF
2026-03-08T22:56:37.000Z,54.8,16.2,8.4,OFF
2026-03-08T22:57:37.000Z,54.8,16.1,8.4,OFF
2026-03-08T22:58:37.000Z,54.8,16.1,8.4,OFF
2026-03-08T22:59:37.000Z,54.8,16.1,8.4,OFF
2026-03-08T23:00:37.000Z,54.8,16.4,8.4,OFF
2026-03-08T23:01:37.000Z,54.8,16,8.4,OFF
2026-03-08T23:02:37.000Z,54.8,16.1,8.4,OFF
2026-03-08T23:03:37.000Z,54.8,16.1,8.4,OFF
2026-03-08T23:04:37.000Z,54.8,16.1,8.4,OFF
2026-03-08T23:05:37.000Z,54.8,16.5,8.4,OFF
2026-03-08T23:06:37.000Z,54.8,16.5,8.4,OFF
2026-03-08T23:07:37.000Z,54.7,16.2,8.4,OFF
2026-03-08T23:08:37.000Z,54.8,16.2,8.4,OFF
2026-03-08T23:09:37.000Z,54.8,16.3,8.4,OFF
2026-03-08T23:10:37.000Z,54.8,16.7,8.4,OFF
2026-03-08T23:11:37.000Z,54.8,16.3,8.4,OFF
2026-03-08T23:12:37.000Z,54.8,16.3,8.4,OFF
2026-03-08T23:13:37.000Z,54.7,16.4,8.4,OFF
2026-03-08T23:14:37.000Z,54.8,16.3,8.4,OFF
2026-03-08T23:15:37.000Z,54.7,16.2,8.4,OFF
2026-03-08T23:16:37.000Z,54.7,16.4,8.4,OFF
2026-03-08T23:17:37.000Z,54.7,16.3,8.4,OFF
2026-03-08T23:18:37.000Z,54.8,16.3,8.4,OFF
2026-03-08T23:19:37.000Z,54.7,16.4,8.3,OFF
2026-03-08T23:20:37.000Z,54.8,16.5,8.3,OFF
2026-03-08T23:21:37.000Z,54.7,16.5,8.3,OFF
2026-03-08T23:22:37.000Z,54.7,16.5,8.3,OFF
2026-03-08T23:23:37.000Z,54.8,16.9,8.3,OFF
2026-03-08T23:24:37.000Z,54.7,17,8.3,OFF
2026-03-08T23:25:37.000Z,54.7,16.5,8.3,OFF
2026-03-08T23:26:37.000Z,54.7,16.6,8.3,OFF
2026-03-08T23:27:37.000Z,54.7,17,8.3,OFF
2026-03-08T23:28:37.000Z,54.7,16.5,8.3,OFF
2026-03-08T23:29:37.000Z,54.7,16.5,8.3,OFF
2026-03-08T23:30:37.000Z,54.7,16.5,8.3,OFF
2026-03-08T23:31:37.000Z,54.7,16.5,8.3,OFF
2026-03-08T23:32:37.000Z,54.7,16.5,8.3,OFF
2026-03-08T23:33:37.000Z,54.7,16.5,8.3,OFF
2026-03-08T23:34:37.000Z,54.7,16.4,8.3,OFF
2026-03-08T23:35:37.000Z,54.7,16.6,8.3,OFF
2026-03-08T23:36:37.000Z,54.7,16.7,8.3,OFF
2026-03-08T23:37:37.000Z,54.7,16.8,8.3,OFF
2026-03-08T23:38:37.000Z,54.7,16.9,8.3,OFF
2026-03-08T23:39:37.000Z,54.7,16.8,8.3,OFF
2026-03-08T23:40:37.000Z,54.7,16.8,8.3,OFF
2026-03-08T23:41:37.000Z,54.7,16.6,8.3,OFF
2026-03-08T23:42:37.000Z,54.7,16.9,8.3,OFF
2026-03-08T23:43:37.000Z,54.7,16.6,8.3,OFF
2026-03-08T23:44:37.000Z,54.7,16.6,8.3,OFF
2026-03-08T23:45:37.000Z,54.7,16.6,8.3,OFF
2026-03-08T23:46:37.000Z,54.7,16.5,8.3,OFF
2026-03-08T23:47:37.000Z,54.7,17,8.3,OFF
2026-03-08T23:48:37.000Z,54.8,17,8.3,OFF
2026-03-08T23:49:37.000Z,54.7,16.6,8.3,OFF
2026-03-08T23:50:37.000Z,54.7,16.6,8.3,OFF
2026-03-08T23:51:37.000Z,54.7,16.5,8.3,OFF
2026-03-08T23:52:37.000Z,54.7,16.6,8.3,OFF
2026-03-08T23:53:37.000Z,54.7,16.7,8.3,OFF
2026-03-08T23:54:37.000Z,54.8,16.7,8.3,OFF
2026-03-08T23:55:37.000Z,54.7,16.5,8.3,OFF
2026-03-08T23:56:37.000Z,54.7,16.6,8.3,OFF
2026-03-08T23:57:37.000Z,54.8,17.1,8.3,OFF
2026-03-08T23:58:37.000Z,54.7,16.6,8.3,OFF
2026-03-08T23:59:37.000Z,54.7,16.6,8.3,OFF
2026-03-09T00:00:37.000Z,54.8,17,8.3,OFF
2026-03-09T00:01:37.000Z,54.8,17.1,8.3,OFF
2026-03-09T00:02:37.000Z,54.8,16.6,8.3,OFF
2026-03-09T00:03:37.000Z,54.7,16.7,8.3,OFF
2026-03-09T00:04:37.000Z,54.7,16.7,8.3,OFF
2026-03-09T00:05:37.000Z,54.8,16.6,8.3,OFF
2026-03-09T00:06:37.000Z,54.7,16.7,8.3,OFF
2026-03-09T00:07:37.000Z,54.8,16.7,8.3,OFF
2026-03-09T00:08:37.000Z,54.7,16.7,8.3,OFF
2026-03-09T00:09:37.000Z,54.8,16.9,8.3,OFF
2026-03-09T00:10:37.000Z,54.7,16.7,8.3,OFF
2026-03-09T00:11:37.000Z,54.7,16.5,8.3,OFF
2026-03-09T00:12:37.000Z,54.8,16.6,8.3,OFF
2026-03-09T00:13:37.000Z,54.8,16.7,8.3,OFF
2026-03-09T00:14:37.000Z,54.7,16.7,8.3,OFF
2026-03-09T00:15:37.000Z,54.7,16.8,8.3,OFF
2026-03-09T00:16:37.000Z,54.7,16.9,8.3,OFF
2026-03-09T00:17:37.000Z,54.7,16.8,8.3,OFF
2026-03-09T00:18:37.000Z,54.7,16.9,8.3,OFF
2026-03-09T00:19:37.000Z,54.7,16.9,8.3,OFF
2026-03-09T00:20:37.000Z,54.7,16.6,8.3,OFF
2026-03-09T00:21:37.000Z,54.7,16.8,8.3,OFF
2026-03-09T00:22:37.000Z,54.7,17,8.3,OFF
2026-03-09T00:23:37.000Z,54.7,16.8,8.3,OFF
2026-03-09T00:24:37.000Z,54.7,17.4,8.3,OFF
2026-03-09T00:25:37.000Z,54.7,17.4,8.3,OFF
2026-03-09T00:26:37.000Z,54.7,17,8.3,OFF
2026-03-09T00:27:37.000Z,54.7,16.9,8.3,OFF
2026-03-09T00:28:37.000Z,54.7,16.9,8.3,OFF
2026-03-09T00:29:37.000Z,54.7,16.9,8.3,OFF
2026-03-09T00:30:37.000Z,54.7,17,8.3,OFF
2026-03-09T00:31:37.000Z,54.7,17.1,8.3,OFF
2026-03-09T00:32:37.000Z,54.7,17,8.3,OFF
2026-03-09T00:33:37.000Z,54.7,17,8.3,OFF
2026-03-09T00:34:37.000Z,54.7,17.1,8.3,OFF
2026-03-09T00:35:37.000Z,54.7,17,8.3,OFF
2026-03-09T00:36:37.000Z,54.7,17,8.3,OFF
2026-03-09T00:37:37.000Z,54.7,16.8,8.3,OFF
2026-03-09T00:38:37.000Z,54.7,16.8,8.3,OFF
2026-03-09T00:39:37.000Z,54.7,16.8,8.3,OFF
2026-03-09T00:42:17.000Z,54.7,17.3,8.2,OFF
2026-03-09T00:43:17.000Z,54.7,16.9,8.2,OFF
2026-03-09T00:44:17.000Z,54.6,16.3,8.2,OFF
2026-03-09T00:45:17.000Z,54.7,16,8.2,OFF
2026-03-09T00:46:17.000Z,54.7,15.8,8.2,OFF
2026-03-09T00:47:17.000Z,54.7,15.6,8.2,OFF
2026-03-09T00:48:17.000Z,54.7,15.6,8.2,OFF
2026-03-09T00:49:17.000Z,54.8,15.4,8.2,OFF
2026-03-09T00:50:17.000Z,54.8,15.4,8.2,OFF
2026-03-09T00:51:17.000Z,54.8,15.7,8.2,OFF
2026-03-09T00:52:17.000Z,54.8,15.6,8.2,OFF
2026-03-09T00:53:17.000Z,54.8,15.2,8.2,OFF
2026-03-09T00:54:17.000Z,54.8,15.2,8.2,OFF
2026-03-09T00:55:17.000Z,54.8,15.3,8.2,OFF
2026-03-09T00:56:17.000Z,54.8,15.2,8.2,OFF
2026-03-09T00:57:17.000Z,54.8,15.2,8.2,OFF
2026-03-09T00:58:17.000Z,54.8,15.3,8.2,OFF
2026-03-09T00:59:17.000Z,54.8,15.1,8.2,OFF
2026-03-09T01:00:17.000Z,54.8,15.1,8.2,OFF
2026-03-09T01:01:17.000Z,54.8,15.1,8.2,OFF
2026-03-09T01:02:17.000Z,54.9,15.3,8.2,OFF
2026-03-09T01:03:17.000Z,54.8,15.1,8.2,OFF
2026-03-09T01:04:17.000Z,54.8,14.9,8.2,OFF
2026-03-09T01:05:17.000Z,54.8,14.9,8.2,OFF
2026-03-09T01:06:17.000Z,54.8,14.9,8.2,OFF
2026-03-09T01:07:17.000Z,54.8,14.9,8.2,OFF
2026-03-09T01:08:17.000Z,54.9,14.9,8.2,OFF
2026-03-09T01:09:17.000Z,54.9,14.9,8.2,OFF
2026-03-09T01:10:17.000Z,54.9,14.9,8.2,OFF
2026-03-09T01:11:17.000Z,54.9,15.1,8.2,OFF
2026-03-09T01:12:17.000Z,54.9,15,8.2,OFF
2026-03-09T01:13:17.000Z,54.9,15.1,8.2,OFF
2026-03-09T01:14:17.000Z,54.9,15,8.2,OFF
2026-03-09T01:15:17.000Z,54.9,14.9,8.2,OFF
2026-03-09T01:16:17.000Z,54.9,14.8,8.2,OFF
2026-03-09T01:17:17.000Z,54.9,14.8,8.2,OFF
2026-03-09T01:18:17.000Z,54.9,14.9,8.1,OFF
2026-03-09T01:19:17.000Z,54.9,15.4,8.1,OFF
2026-03-09T01:20:17.000Z,54.9,14.7,8.1,OFF
2026-03-09T01:21:17.000Z,54.9,14.9,8.1,OFF
2026-03-09T01:22:17.000Z,54.9,14.9,8.1,OFF
2026-03-09T01:23:17.000Z,54.9,14.9,8.1,OFF
2026-03-09T01:24:17.000Z,54.9,14.8,8.1,OFF
2026-03-09T01:25:17.000Z,54.9,14.8,8.1,OFF
2026-03-09T01:26:17.000Z,54.9,14.7,8.1,OFF
2026-03-09T01:27:17.000Z,54.9,14.9,8.1,OFF
2026-03-09T01:28:17.000Z,54.9,14.8,8.2,OFF
2026-03-09T01:29:17.000Z,54.9,14.8,8.2,OFF
2026-03-09T01:30:17.000Z,54.9,14.9,8.2,OFF
2026-03-09T01:31:17.000Z,54.9,15.3,8.2,OFF
2026-03-09T01:32:17.000Z,54.9,14.8,8.2,OFF
2026-03-09T01:33:17.000Z,54.9,14.7,8.2,OFF
2026-03-09T01:34:17.000Z,54.9,14.8,8.2,OFF
2026-03-09T01:35:17.000Z,54.9,14.8,8.2,OFF
2026-03-09T01:36:17.000Z,54.9,14.8,8.2,OFF
2026-03-09T01:37:17.000Z,54.9,14.9,8.2,OFF
2026-03-09T01:38:17.000Z,54.9,14.9,8.2,OFF
2026-03-09T01:39:17.000Z,54.9,14.8,8.2,OFF
2026-03-09T01:40:17.000Z,54.9,14.7,8.2,OFF
2026-03-09T01:41:17.000Z,54.9,14.8,8.2,OFF
2026-03-09T01:42:17.000Z,54.9,14.9,8.2,OFF
2026-03-09T01:43:17.000Z,54.9,14.9,8.2,OFF
2026-03-09T01:44:17.000Z,54.9,14.8,8.2,OFF
2026-03-09T01:45:17.000Z,54.9,14.8,8.2,OFF
2026-03-09T01:46:17.000Z,54.9,14.7,8.2,OFF
2026-03-09T01:47:17.000Z,54.9,14.8,8.2,OFF
2026-03-09T01:48:17.000Z,54.9,14.8,8.2,OFF
2026-03-09T01:49:17.000Z,54.9,14.8,8.2,OFF
2026-03-09T01:50:17.000Z,54.9,14.8,8.2,OFF
2026-03-09T01:51:17.000Z,54.9,14.8,8.2,OFF
2026-03-09T01:52:17.000Z,54.9,15.3,8.2,OFF
2026-03-09T01:53:17.000Z,54.9,14.9,8.2,OFF
2026-03-09T01:54:17.000Z,54.9,14.8,8.2,OFF
2026-03-09T01:55:17.000Z,54.9,14.8,8.2,OFF
2026-03-09T01:56:17.000Z,54.9,14.8,8.2,OFF
2026-03-09T01:57:17.000Z,54.9,14.8,8.2,OFF
2026-03-09T01:58:17.000Z,54.9,14.8,8.2,OFF
2026-03-09T01:59:17.000Z,54.9,14.9,8.1,OFF
2026-03-09T02:00:17.000Z,54.9,14.8,8.1,OFF
2026-03-09T02:01:17.000Z,54.9,14.9,8.1,OFF
2026-03-09T02:02:17.000Z,54.9,14.9,8.1,OFF
2026-03-09T02:03:17.000Z,54.8,14.8,8.1,OFF
2026-03-09T02:04:17.000Z,54.9,14.8,8.1,OFF
2026-03-09T02:05:17.000Z,54.9,14.8,8.1,OFF
2026-03-09T02:06:17.000Z,54.9,14.8,8.1,OFF
2026-03-09T02:07:17.000Z,54.9,14.8,8.1,OFF
2026-03-09T02:08:17.000Z,54.9,14.9,8.1,OFF
2026-03-09T02:09:17.000Z,54.9,14.8,8.1,OFF
2026-03-09T02:10:17.000Z,54.9,14.8,8.1,OFF
2026-03-09T02:11:17.000Z,54.9,14.8,8.1,OFF
2026-03-09T02:12:17.000Z,54.9,14.8,8.1,OFF
2026-03-09T02:13:17.000Z,54.9,14.8,8.1,OFF
2026-03-09T02:14:17.000Z,54.9,14.7,8.1,OFF
2026-03-09T02:15:17.000Z,54.9,14.8,8.1,OFF
2026-03-09T02:16:17.000Z,54.9,14.9,8.1,OFF
2026-03-09T02:17:17.000Z,55,14.7,8.1,OFF
2026-03-09T02:18:17.000Z,54.9,15,8.1,OFF
2026-03-09T02:19:17.000Z,54.9,14.9,8.1,OFF
2026-03-09T02:20:17.000Z,55,14.9,8.1,OFF
2026-03-09T02:21:17.000Z,55,15.2,8.1,OFF
2026-03-09T02:22:17.000Z,54.9,14.9,8.1,OFF
2026-03-09T02:23:17.000Z,54.9,14.8,8.1,OFF
2026-03-09T02:24:17.000Z,54.9,14.8,8.1,OFF
2026-03-09T02:25:17.000Z,54.9,14.8,8.1,OFF
2026-03-09T02:26:17.000Z,54.9,14.9,8.1,OFF
2026-03-09T02:27:17.000Z,54.9,14.8,8.1,OFF
2026-03-09T02:28:17.000Z,54.9,14.8,8.1,OFF
2026-03-09T02:29:17.000Z,54.9,14.8,8.1,OFF
2026-03-09T02:30:17.000Z,54.9,14.8,8.1,OFF
2026-03-09T02:31:17.000Z,54.9,14.9,8.1,OFF
2026-03-09T02:32:17.000Z,55,15.1,8.1,OFF
2026-03-09T02:33:17.000Z,54.9,14.8,8.1,OFF
2026-03-09T02:34:17.000Z,54.9,14.9,8.1,OFF
2026-03-09T02:35:17.000Z,54.9,14.8,8.1,OFF
2026-03-09T02:36:17.000Z,54.9,14.7,8.1,OFF
2026-03-09T02:37:17.000Z,54.9,14.7,8.1,OFF
2026-03-09T02:38:17.000Z,54.9,14.8,8.1,OFF
2026-03-09T02:39:17.000Z,54.9,14.9,8.1,OFF
2026-03-09T02:40:17.000Z,54.9,14.9,8.1,OFF
2026-03-09T02:41:17.000Z,54.9,14.9,8.1,OFF
2026-03-09T02:42:17.000Z,54.9,15,8.1,OFF
2026-03-09T02:43:17.000Z,54.9,14.8,8.1,OFF
2026-03-09T02:44:17.000Z,54.9,15,8.1,OFF
2026-03-09T02:45:17.000Z,54.9,14.8,7.9,OFF
2026-03-09T02:46:17.000Z,54.9,14.8,7.9,OFF
2026-03-09T02:47:17.000Z,54.9,14.8,7.9,OFF
2026-03-09T02:48:17.000Z,54.9,14.8,7.9,OFF
2026-03-09T02:49:17.000Z,54.9,14.9,7.9,OFF
2026-03-09T02:50:17.000Z,54.9,14.8,7.9,OFF
2026-03-09T02:51:17.000Z,54.9,14.9,7.9,OFF
2026-03-09T02:52:17.000Z,54.9,15,7.9,OFF
2026-03-09T02:53:17.000Z,54.9,15.1,7.9,OFF
2026-03-09T02:54:17.000Z,54.9,14.9,7.9,OFF
2026-03-09T02:55:17.000Z,55,14.9,7.9,OFF
2026-03-09T02:56:17.000Z,54.9,14.9,7.9,OFF
2026-03-09T02:57:17.000Z,54.9,14.8,7.9,OFF
2026-03-09T02:58:17.000Z,54.9,14.8,7.9,OFF
2026-03-09T02:59:17.000Z,54.9,14.8,7.9,OFF
2026-03-09T03:00:17.000Z,55,14.8,7.9,OFF
2026-03-09T03:01:17.000Z,55,14.9,7.9,OFF
2026-03-09T03:02:17.000Z,54.9,14.9,7.9,OFF
2026-03-09T03:03:17.000Z,54.9,14.9,7.9,OFF
2026-03-09T03:04:17.000Z,55,15,7.9,OFF
2026-03-09T03:05:17.000Z,55,14.8,7.9,OFF
2026-03-09T03:06:17.000Z,54.9,14.7,7.9,OFF
2026-03-09T03:07:17.000Z,54.9,14.9,7.9,OFF
2026-03-09T03:08:17.000Z,54.9,14.8,7.9,OFF
2026-03-09T03:09:17.000Z,55,14.8,7.9,OFF
2026-03-09T03:10:17.000Z,55,14.8,7.9,OFF
2026-03-09T03:11:17.000Z,55,14.8,7.9,OFF
2026-03-09T03:12:17.000Z,54.9,14.9,7.9,OFF
2026-03-09T03:13:17.000Z,54.9,14.8,7.9,OFF
2026-03-09T03:14:17.000Z,55,14.9,7.9,OFF
2026-03-09T03:15:17.000Z,55,14.9,7.9,OFF
2026-03-09T03:16:17.000Z,54.9,14.8,7.9,OFF
2026-03-09T03:17:17.000Z,55,15,7.9,OFF
2026-03-09T03:18:17.000Z,55,14.8,7.9,OFF
2026-03-09T03:19:17.000Z,55,14.9,7.9,OFF
2026-03-09T03:20:17.000Z,55,14.7,7.9,OFF
2026-03-09T03:21:17.000Z,54.9,14.7,7.9,OFF
2026-03-09T03:22:17.000Z,55,14.7,7.9,OFF
2026-03-09T03:23:17.000Z,54.9,14.9,7.9,OFF
2026-03-09T03:24:17.000Z,55,14.9,7.9,OFF
2026-03-09T03:25:17.000Z,55,14.9,7.9,OFF
2026-03-09T03:26:17.000Z,55,15,7.9,OFF
2026-03-09T03:27:17.000Z,55,15,7.9,OFF
2026-03-09T03:28:17.000Z,55,14.7,7.9,OFF
2026-03-09T03:29:17.000Z,55,14.9,7.9,OFF
2026-03-09T03:30:17.000Z,55,14.8,7.9,OFF
2026-03-09T03:31:17.000Z,55,14.6,7.9,OFF
2026-03-09T03:32:17.000Z,55,14.8,7.9,OFF
2026-03-09T03:33:17.000Z,54.9,14.8,7.9,OFF
2026-03-09T03:34:17.000Z,55,14.8,7.9,OFF
2026-03-09T03:35:17.000Z,55,14.8,7.9,OFF
2026-03-09T03:36:17.000Z,55,14.9,7.9,OFF
2026-03-09T03:37:17.000Z,54.9,14.8,7.9,OFF
2026-03-09T03:38:17.000Z,55,15.2,7.6,OFF
2026-03-09T03:39:17.000Z,55,14.9,7.6,OFF
2026-03-09T03:40:17.000Z,55,14.7,7.6,OFF
2026-03-09T03:41:17.000Z,55,14.8,7.6,OFF
2026-03-09T03:42:17.000Z,55,14.7,7.6,OFF
2026-03-09T03:43:17.000Z,55,14.8,7.6,OFF
2026-03-09T03:44:17.000Z,55,14.9,7.6,OFF
2026-03-09T03:45:17.000Z,55,14.8,7.6,OFF
2026-03-09T03:46:17.000Z,54.9,14.8,7.6,OFF
2026-03-09T03:47:17.000Z,55,14.9,7.6,OFF
2026-03-09T03:48:17.000Z,55,14.9,7.6,OFF
2026-03-09T03:49:17.000Z,55,14.8,7.6,OFF
2026-03-09T03:50:17.000Z,54.9,14.7,7.6,OFF
2026-03-09T03:51:17.000Z,55,14.7,7.6,OFF
2026-03-09T03:52:17.000Z,55,14.8,7.6,OFF
2026-03-09T03:53:17.000Z,55,14.6,7.6,OFF
2026-03-09T03:54:17.000Z,55,14.7,7.6,OFF
2026-03-09T03:55:17.000Z,55,14.8,7.6,OFF
2026-03-09T03:56:17.000Z,55,14.8,7.6,OFF
2026-03-09T03:57:17.000Z,55,14.7,7.6,OFF
2026-03-09T03:58:17.000Z,55,14.8,7.6,OFF
2026-03-09T03:59:17.000Z,55,14.8,7.6,OFF
2026-03-09T04:00:17.000Z,55,14.8,7.6,OFF
2026-03-09T04:01:17.000Z,55,14.5,7.6,OFF
2026-03-09T04:02:17.000Z,55,14.6,7.6,OFF
2026-03-09T04:03:17.000Z,54.9,14.6,7.6,OFF
2026-03-09T04:04:17.000Z,55,14.6,7.6,OFF
2026-03-09T04:05:17.000Z,55,14.7,7.6,OFF
2026-03-09T04:06:17.000Z,55,14.7,7.6,OFF
2026-03-09T04:07:17.000Z,55,14.5,7.6,OFF
2026-03-09T04:08:17.000Z,55,14.7,7.6,OFF
2026-03-09T04:09:17.000Z,55,14.7,7.6,OFF
2026-03-09T04:10:17.000Z,55,14.7,7.6,OFF
2026-03-09T04:11:17.000Z,55,14.7,7.6,OFF
2026-03-09T04:12:17.000Z,55,14.7,7.6,OFF
2026-03-09T04:13:17.000Z,55,14.7,7.6,OFF
2026-03-09T04:14:17.000Z,54.9,14.7,7.6,OFF
2026-03-09T04:15:17.000Z,55,14.7,7.6,OFF
2026-03-09T04:16:17.000Z,55,14.7,7.6,OFF
2026-03-09T04:17:17.000Z,55,14.7,7.6,OFF
2026-03-09T04:18:17.000Z,55,14.9,7.6,OFF
2026-03-09T04:19:17.000Z,55,14.6,7.6,OFF
2026-03-09T04:20:17.000Z,55,14.7,7.6,OFF
2026-03-09T04:21:17.000Z,55,14.6,7.6,OFF
2026-03-09T04:22:17.000Z,55,14.6,7.6,OFF
2026-03-09T04:23:17.000Z,55,14.6,7.6,OFF
2026-03-09T04:24:17.000Z,55,14.6,7.6,OFF
2026-03-09T04:25:17.000Z,55,14.5,7.6,OFF
2026-03-09T04:26:17.000Z,55,14.7,7.6,OFF
2026-03-09T04:27:17.000Z,55,14.5,7.6,OFF
2026-03-09T04:28:17.000Z,55,14.5,7.6,OFF
2026-03-09T04:29:17.000Z,55,14.7,7.6,OFF
2026-03-09T04:30:17.000Z,55,14.7,7.6,OFF
2026-03-09T04:31:17.000Z,55.1,14.7,7.6,OFF
2026-03-09T04:32:17.000Z,55,14.5,7.6,OFF
2026-03-09T04:33:17.000Z,55,14.7,7.6,OFF
2026-03-09T04:34:17.000Z,55,14.7,7.6,OFF
2026-03-09T04:35:17.000Z,55,14.7,7.6,OFF
2026-03-09T04:36:17.000Z,55,14.6,7.5,OFF
2026-03-09T04:37:17.000Z,55,14.7,7.5,OFF
2026-03-09T04:38:17.000Z,55,14.6,7.5,OFF
2026-03-09T04:39:17.000Z,55,14.7,7.5,OFF
2026-03-09T04:40:17.000Z,55,14.7,7.5,OFF
2026-03-09T04:41:17.000Z,55,14.6,7.5,OFF
2026-03-09T04:42:17.000Z,54.9,14.6,7.5,OFF
2026-03-09T04:43:17.000Z,55,14.6,7.5,OFF
2026-03-09T04:44:17.000Z,55,14.6,7.5,OFF
2026-03-09T04:45:17.000Z,55,14.5,7.5,OFF
2026-03-09T04:46:17.000Z,55,14.5,7.5,OFF
2026-03-09T04:47:17.000Z,55,14.7,7.5,OFF
2026-03-09T04:48:17.000Z,55,14.6,7.5,OFF
2026-03-09T04:49:17.000Z,55,14.4,7.5,OFF
2026-03-09T04:50:17.000Z,55.1,14.6,7.5,OFF
2026-03-09T04:51:17.000Z,55,14.6,7.5,OFF
2026-03-09T04:52:17.000Z,55,14.6,7.5,OFF
2026-03-09T04:53:17.000Z,55,14.6,7.5,OFF
2026-03-09T04:54:17.000Z,55,14.6,7.5,OFF
2026-03-09T04:55:17.000Z,55.1,14.6,7.5,OFF
2026-03-09T04:56:17.000Z,55.1,14.6,7.5,OFF
2026-03-09T04:57:17.000Z,55.1,14.6,7.5,OFF
2026-03-09T04:58:17.000Z,55.1,14.7,7.5,OFF
2026-03-09T04:59:17.000Z,55,14.6,7.5,OFF
2026-03-09T05:00:17.000Z,55,14.6,7.5,OFF
2026-03-09T05:01:17.000Z,55,14.6,7.5,OFF
2026-03-09T05:02:17.000Z,55,14.6,7.5,OFF
2026-03-09T05:03:17.000Z,55,14.5,7.5,OFF
2026-03-09T05:04:17.000Z,55,14.5,7.5,OFF
2026-03-09T05:05:17.000Z,55,14.5,7.5,OFF
2026-03-09T05:06:17.000Z,55.1,14.6,7.5,OFF
2026-03-09T05:07:17.000Z,55.1,14.5,7.5,OFF
2026-03-09T05:08:17.000Z,55,14.5,7.5,OFF
2026-03-09T05:09:17.000Z,55.1,14.6,7.5,OFF
2026-03-09T05:10:17.000Z,55,14.5,7.5,OFF
2026-03-09T05:11:17.000Z,55,14.6,7.5,OFF
2026-03-09T05:12:17.000Z,55.1,14.5,7.5,OFF
2026-03-09T05:13:17.000Z,55.1,14.4,7.5,OFF
2026-03-09T05:14:17.000Z,55,14.5,7.5,OFF
2026-03-09T05:15:17.000Z,55,14.4,7.5,OFF
2026-03-09T05:16:17.000Z,55,14.5,7.5,OFF
2026-03-09T05:17:17.000Z,55,14.7,7.5,OFF
2026-03-09T05:18:17.000Z,55,14.4,7.5,OFF
2026-03-09T05:19:17.000Z,55,14.6,7.5,OFF
2026-03-09T05:20:17.000Z,55,14.5,7.5,OFF
2026-03-09T05:21:17.000Z,55,14.6,7.5,OFF
2026-03-09T05:22:17.000Z,55,14.4,7.5,OFF
2026-03-09T05:23:17.000Z,55.1,14.6,7.5,OFF
2026-03-09T05:24:17.000Z,55.1,14.5,7.5,OFF
2026-03-09T05:25:17.000Z,55.1,14.6,7.5,OFF
2026-03-09T05:26:17.000Z,55.1,14.5,7.5,OFF
2026-03-09T05:27:17.000Z,55.1,14.6,7.5,OFF
2026-03-09T05:28:17.000Z,55.1,14.3,7.5,OFF
2026-03-09T05:29:17.000Z,55.1,14.6,7.5,OFF
2026-03-09T05:30:17.000Z,55.1,14.4,7.5,OFF
2026-03-09T05:31:17.000Z,55.1,14.6,7.5,OFF
2026-03-09T05:32:17.000Z,55.1,14.6,7.5,OFF
2026-03-09T05:33:17.000Z,55,14.5,7.5,OFF
2026-03-09T05:34:17.000Z,55,14.4,7.5,OFF
2026-03-09T05:35:17.000Z,55.1,14.4,7.5,OFF
2026-03-09T05:36:17.000Z,55.1,14.5,7.5,OFF
2026-03-09T05:37:17.000Z,55.1,14.4,7.5,OFF
2026-03-09T05:38:17.000Z,55.1,14.3,7.5,OFF
2026-03-09T05:39:17.000Z,55,14.5,7.5,OFF
2026-03-09T05:40:17.000Z,55.1,14.3,7.5,OFF
2026-03-09T05:41:17.000Z,55.1,14.3,7.5,OFF
2026-03-09T05:42:17.000Z,55,14.1,7.5,OFF
2026-03-09T05:43:17.000Z,55,14.3,7.5,OFF
2026-03-09T05:44:17.000Z,55.1,14.4,7.5,OFF
2026-03-09T05:45:17.000Z,55,14.3,7.5,OFF
2026-03-09T05:46:17.000Z,55,14.4,7.5,OFF
2026-03-09T05:47:17.000Z,55.1,14.5,7.5,OFF
2026-03-09T05:48:17.000Z,55.1,14.5,7.5,OFF
2026-03-09T05:49:17.000Z,55,14.4,7.5,OFF
2026-03-09T05:50:17.000Z,55.1,14.5,7.5,OFF
2026-03-09T05:51:17.000Z,55,14.4,7.5,OFF
2026-03-09T05:52:17.000Z,55.1,14.5,7.5,OFF
2026-03-09T05:53:17.000Z,55,14.5,7.5,OFF
2026-03-09T05:54:17.000Z,55,14.5,7.5,OFF
2026-03-09T05:55:17.000Z,55.1,14.5,7.5,OFF
2026-03-09T05:56:17.000Z,55.1,14.5,7.5,OFF
2026-03-09T05:57:17.000Z,55,14.5,7.5,OFF
2026-03-09T05:58:17.000Z,55.1,14.4,7.5,OFF
2026-03-09T05:59:17.000Z,55.1,14.5,7.5,OFF
2026-03-09T06:00:17.000Z,55,14.2,7.5,OFF
2026-03-09T06:01:17.000Z,55.1,14.3,7.5,OFF
2026-03-09T06:02:17.000Z,55,14.3,7.5,OFF
2026-03-09T06:03:17.000Z,55,14.4,7.5,OFF
2026-03-09T06:04:17.000Z,55.1,14.4,7.5,OFF
2026-03-09T06:05:17.000Z,55.1,14.3,7.5,OFF
2026-03-09T06:06:17.000Z,55.1,14.3,7.5,OFF
2026-03-09T06:07:17.000Z,55.1,14.3,7.5,OFF
2026-03-09T06:08:17.000Z,55,14.3,7.5,OFF
2026-03-09T06:09:17.000Z,55.1,14.4,7.5,OFF
2026-03-09T06:10:17.000Z,55.1,14.4,7.5,OFF
2026-03-09T06:11:17.000Z,55.1,14.5,7.5,OFF
2026-03-09T06:12:17.000Z,55.1,14.4,7.5,OFF
2026-03-09T06:13:17.000Z,55.1,14.4,7.5,OFF
2026-03-09T06:14:17.000Z,55,14.3,7.5,OFF
2026-03-09T06:15:17.000Z,55.1,14.4,7.5,OFF
2026-03-09T06:16:17.000Z,55,14.3,7.5,OFF
2026-03-09T06:17:17.000Z,55.1,14.3,7.5,OFF
2026-03-09T06:18:17.000Z,55.1,14.5,7.5,OFF
2026-03-09T06:19:17.000Z,55,14.3,7.5,OFF
2026-03-09T06:20:17.000Z,55,14.5,7.5,OFF
2026-03-09T06:21:17.000Z,55.1,14.4,7.2,OFF
2026-03-09T06:22:17.000Z,55,14.4,7.2,OFF
2026-03-09T06:23:17.000Z,55,14.3,7.2,OFF
2026-03-09T06:24:17.000Z,55,14.3,7.2,OFF
2026-03-09T06:25:17.000Z,55.1,14.3,7.2,OFF
2026-03-09T06:26:17.000Z,55.1,14.3,7.2,OFF
2026-03-09T06:27:17.000Z,55.1,14.3,7.2,OFF
2026-03-09T06:28:17.000Z,55.1,14.3,7.2,OFF
2026-03-09T06:29:17.000Z,55.1,14.3,7.2,OFF
2026-03-09T06:30:17.000Z,55.1,14.3,7.2,OFF
2026-03-09T06:31:17.000Z,55.1,14.3,7.2,OFF
2026-03-09T06:32:17.000Z,55.1,14.3,7.2,OFF
2026-03-09T06:33:17.000Z,55.1,14.3,7.2,OFF
2026-03-09T06:34:17.000Z,55.1,14.3,7.2,OFF
2026-03-09T06:35:17.000Z,55.1,14.3,7.2,OFF
2026-03-09T06:36:17.000Z,55.1,14.3,7.2,OFF
2026-03-09T06:37:17.000Z,55.1,14.2,7.2,OFF
2026-03-09T06:38:17.000Z,55.1,14.3,7.2,OFF
2026-03-09T06:39:17.000Z,55.1,14.4,7.2,OFF
2026-03-09T06:40:17.000Z,55.1,14.1,7.2,OFF
2026-03-09T06:41:17.000Z,55.1,14.3,7.2,OFF
2026-03-09T06:42:17.000Z,55.1,14.3,7.2,OFF
2026-03-09T06:43:17.000Z,55.1,14.2,7.2,OFF
2026-03-09T06:44:17.000Z,55.1,14.3,7.2,OFF
2026-03-09T06:45:17.000Z,55.1,14.3,7.2,OFF
2026-03-09T06:46:17.000Z,55.1,14.3,7.2,OFF
2026-03-09T06:47:17.000Z,55.1,14.4,7.2,OFF
2026-03-09T06:48:17.000Z,55.1,14.3,7.1,OFF
2026-03-09T06:49:17.000Z,55,14.3,7.1,OFF
2026-03-09T06:50:17.000Z,55.1,14.4,7.1,OFF
2026-03-09T06:51:17.000Z,55.1,14.3,7.1,OFF
2026-03-09T06:52:17.000Z,55.1,14.4,7.1,OFF
2026-03-09T06:53:17.000Z,55.1,14.3,7.1,OFF
2026-03-09T06:54:17.000Z,55.1,14.4,7.1,OFF
2026-03-09T06:55:17.000Z,55.1,14.5,7.1,OFF
2026-03-09T06:56:17.000Z,55.1,14.3,7.1,OFF
2026-03-09T06:57:17.000Z,55.1,14.3,7.1,OFF
2026-03-09T06:58:17.000Z,55,14.3,7.1,OFF
2026-03-09T06:59:17.000Z,55.1,14.2,7.1,OFF
2026-03-09T07:00:17.000Z,55.1,14.4,7.1,OFF
2026-03-09T07:01:17.000Z,55.1,14.1,7.1,OFF
2026-03-09T07:02:17.000Z,55.1,14.2,7.1,OFF
2026-03-09T07:03:17.000Z,55,14.2,7.1,OFF
2026-03-09T07:04:17.000Z,55.1,14.3,7.1,OFF
2026-03-09T07:05:17.000Z,55.1,14.4,7.1,OFF
2026-03-09T07:06:17.000Z,55.1,14.3,7.1,OFF
2026-03-09T07:07:17.000Z,55.1,14.3,7.1,OFF
2026-03-09T07:08:17.000Z,55,14.2,7.1,OFF
2026-03-09T07:09:17.000Z,55.1,14.3,7.1,OFF
2026-03-09T07:10:17.000Z,55,14.3,7.1,OFF
2026-03-09T07:11:17.000Z,55.1,14.4,7.1,OFF
2026-03-09T07:12:17.000Z,55,14.4,7.1,OFF
2026-03-09T07:13:17.000Z,55.1,14.4,7.1,OFF
2026-03-09T07:14:17.000Z,55,14.3,7.1,OFF
2026-03-09T07:15:17.000Z,55.1,14.3,7.1,OFF
2026-03-09T07:16:17.000Z,55.1,14.3,7.1,OFF
2026-03-09T07:17:17.000Z,55.1,14.3,7.1,OFF
2026-03-09T07:18:17.000Z,55.1,14.3,7.1,OFF
2026-03-09T07:19:17.000Z,55.1,14.2,7.1,OFF
2026-03-09T07:20:17.000Z,55.1,14.3,7.1,OFF
2026-03-09T07:21:17.000Z,55.1,14.3,7.1,OFF
2026-03-09T07:22:17.000Z,55.1,14.3,7.1,OFF
2026-03-09T07:23:17.000Z,55.1,14.3,7.1,OFF
2026-03-09T07:24:17.000Z,55,14.3,7.1,OFF
2026-03-09T07:25:17.000Z,55.1,14.3,7.1,OFF
2026-03-09T07:26:17.000Z,55.1,14.3,7.1,OFF
2026-03-09T07:27:17.000Z,55.1,14.3,7.1,OFF
2026-03-09T07:28:17.000Z,55.1,14.4,7.1,OFF
2026-03-09T07:29:17.000Z,55.1,14.4,7.1,OFF
2026-03-09T07:30:17.000Z,55.1,14.4,7.1,OFF
2026-03-09T07:31:17.000Z,55.1,14.4,7.1,OFF
2026-03-09T07:32:17.000Z,55.1,14.3,7.1,OFF
2026-03-09T07:33:17.000Z,55.1,14.5,7.1,OFF
2026-03-09T07:34:17.000Z,55.1,14.3,7.1,OFF
2026-03-09T07:35:17.000Z,55.1,14.2,7.1,OFF
2026-03-09T07:36:17.000Z,55.1,14.4,7.1,OFF
2026-03-09T07:37:17.000Z,55.1,14.2,7.2,OFF
2026-03-09T07:38:17.000Z,55,14.2,7.2,OFF
2026-03-09T07:39:17.000Z,55.1,14.4,7.3,OFF
2026-03-09T07:40:17.000Z,55.1,14.3,7.3,OFF
2026-03-09T07:41:17.000Z,55.2,14.3,7.3,OFF
2026-03-09T07:42:17.000Z,55.1,14.3,7.3,OFF
2026-03-09T07:43:17.000Z,55.1,14.3,7.3,OFF
2026-03-09T07:44:17.000Z,55.1,14.3,7.3,OFF
2026-03-09T07:45:17.000Z,55.1,14.3,7.3,OFF
2026-03-09T07:46:17.000Z,55.1,14.3,7.3,OFF
2026-03-09T07:47:17.000Z,55.1,14.3,7.3,OFF
2026-03-09T07:48:17.000Z,55,14.4,7.3,OFF
2026-03-09T07:49:17.000Z,55.1,14.4,7.3,OFF
2026-03-09T07:50:17.000Z,55.1,14.3,7.3,OFF
2026-03-09T07:51:17.000Z,55.1,14.5,7.3,OFF
2026-03-09T07:52:17.000Z,55,14.5,7.3,OFF
2026-03-09T07:53:17.000Z,55.1,14.3,7.3,OFF
2026-03-09T07:54:17.000Z,55,14.3,7.3,OFF
2026-03-09T07:55:17.000Z,55,14.3,7.3,OFF
2026-03-09T07:56:17.000Z,55.1,14.3,7.3,OFF
2026-03-09T07:57:17.000Z,54.9,14.2,7.3,OFF
2026-03-09T07:58:17.000Z,55,14.3,7.3,OFF
2026-03-09T07:59:17.000Z,55.1,14.4,7.3,OFF
2026-03-09T08:00:17.000Z,55,14.4,7.3,OFF
2026-03-09T08:01:17.000Z,55.1,14.3,7.3,OFF
2026-03-09T08:02:17.000Z,55.1,14.3,7.3,OFF
2026-03-09T08:03:17.000Z,55.1,14.4,7.3,OFF
2026-03-09T08:04:17.000Z,55.1,14.4,7.3,OFF
2026-03-09T08:05:17.000Z,55.1,14.3,7.3,OFF
2026-03-09T08:06:17.000Z,55.1,14.5,7.4,OFF
2026-03-09T08:07:17.000Z,55.1,14.4,7.4,OFF
2026-03-09T08:08:17.000Z,55,14.4,7.4,OFF
2026-03-09T08:09:17.000Z,55,14.4,7.4,OFF
2026-03-09T08:10:17.000Z,55,14.5,7.4,OFF
2026-03-09T08:11:17.000Z,55.1,14.3,7.4,OFF
2026-03-09T08:12:17.000Z,55.1,14.5,7.4,OFF
2026-03-09T08:13:17.000Z,55.1,14.5,7.4,OFF
2026-03-09T08:14:17.000Z,55.1,14.3,7.4,OFF
2026-03-09T08:15:17.000Z,55,14.3,7.4,OFF
2026-03-09T08:16:17.000Z,55.1,14.3,7.4,OFF
2026-03-09T08:17:17.000Z,55,14.2,7.4,OFF
2026-03-09T08:18:17.000Z,55,14.3,7.4,OFF
2026-03-09T08:19:17.000Z,55.1,14.2,7.4,OFF
2026-03-09T08:20:17.000Z,55.1,14.3,7.4,OFF
2026-03-09T08:21:17.000Z,55.1,14.3,7.4,OFF
2026-03-09T08:22:17.000Z,55.1,14.2,7.4,OFF
2026-03-09T08:23:17.000Z,55.1,14.3,7.4,OFF
2026-03-09T08:24:17.000Z,55.1,14.4,7.4,OFF
2026-03-09T08:25:17.000Z,55.1,14.5,7.4,OFF
2026-03-09T08:26:17.000Z,55,14.4,7.4,OFF
2026-03-09T08:27:17.000Z,55,14.5,7.5,OFF
2026-03-09T08:28:17.000Z,55.1,14.4,7.5,OFF
2026-03-09T08:29:17.000Z,55.1,14.4,7.5,OFF
2026-03-09T08:30:17.000Z,55,14.5,7.5,OFF
2026-03-09T08:31:17.000Z,55.1,14.4,7.5,OFF
2026-03-09T08:32:17.000Z,55.1,14.3,7.5,OFF
2026-03-09T08:33:17.000Z,55.1,14.4,7.5,OFF
2026-03-09T08:34:17.000Z,55.1,14.3,7.5,OFF
2026-03-09T08:35:17.000Z,55,14.4,7.5,OFF
2026-03-09T08:36:17.000Z,55,14.4,7.5,OFF
2026-03-09T08:37:17.000Z,55,14.3,7.5,OFF
2026-03-09T08:38:17.000Z,55.1,14.3,7.5,OFF
2026-03-09T08:39:17.000Z,55.1,14.5,7.5,OFF
2026-03-09T08:40:17.000Z,55,14.3,7.5,OFF
2026-03-09T08:41:17.000Z,55,14.3,7.5,OFF
2026-03-09T08:42:17.000Z,55,14.3,7.5,OFF
2026-03-09T08:43:17.000Z,55.1,14.4,7.5,OFF
2026-03-09T08:44:17.000Z,55,14.4,7.6,OFF
2026-03-09T08:45:17.000Z,55,14.4,7.6,OFF
2026-03-09T08:46:17.000Z,55,14.3,7.6,OFF
2026-03-09T08:47:17.000Z,55.1,14.4,7.6,OFF
2026-03-09T08:48:17.000Z,55,14.5,7.6,OFF
2026-03-09T08:49:17.000Z,55.1,14.5,7.6,OFF
2026-03-09T08:50:17.000Z,55,14.5,7.6,OFF
2026-03-09T08:51:17.000Z,55.1,14.3,7.6,OFF
2026-03-09T08:52:17.000Z,55.1,14.4,7.6,OFF
2026-03-09T08:53:17.000Z,55,14.3,7.6,OFF
2026-03-09T08:54:17.000Z,55.1,14.5,7.6,OFF
2026-03-09T08:55:17.000Z,55,14.4,7.6,OFF
2026-03-09T08:56:17.000Z,55,14.3,7.6,OFF
2026-03-09T08:57:17.000Z,55.1,14.5,7.6,OFF
2026-03-09T08:58:17.000Z,55.1,14.3,7.6,OFF
2026-03-09T08:59:17.000Z,55,14.4,7.6,OFF
2026-03-09T09:00:17.000Z,55,14.4,7.6,OFF
2026-03-09T09:01:17.000Z,55,14.4,7.6,OFF
2026-03-09T09:02:17.000Z,55,14.5,7.6,OFF
2026-03-09T09:03:17.000Z,55,14.3,7.6,OFF
2026-03-09T09:04:17.000Z,55,14.5,7.6,OFF
2026-03-09T09:05:17.000Z,55,14.5,7.6,OFF
2026-03-09T09:06:17.000Z,55,14.5,7.6,OFF
2026-03-09T09:07:17.000Z,55,14.5,7.6,OFF
2026-03-09T09:08:17.000Z,55,14.5,7.6,OFF
2026-03-09T09:09:17.000Z,55,14.5,7.6,OFF
2026-03-09T09:10:17.000Z,55,14.5,7.6,OFF
2026-03-09T09:11:17.000Z,55,14.5,7.6,OFF
2026-03-09T09:12:17.000Z,55.1,14.6,7.6,OFF
2026-03-09T09:13:17.000Z,55,14.4,7.6,OFF
2026-03-09T09:14:17.000Z,55.1,14.6,7.6,OFF
2026-03-09T09:15:17.000Z,55.1,14.4,7.6,OFF
2026-03-09T09:16:17.000Z,55,14.5,7.6,OFF
2026-03-09T09:17:17.000Z,55,14.3,7.6,OFF
2026-03-09T09:18:17.000Z,55,14.3,7.6,OFF
2026-03-09T09:19:17.000Z,55,14.4,7.6,OFF
2026-03-09T09:20:17.000Z,55,14.4,7.6,OFF
2026-03-09T09:21:17.000Z,55,14.4,7.6,OFF
2026-03-09T09:22:17.000Z,55,14.4,7.6,OFF
2026-03-09T09:23:17.000Z,55,14.4,8,OFF
2026-03-09T09:24:17.000Z,55,14.4,8,OFF
2026-03-09T09:25:17.000Z,55.1,14.4,8,OFF
2026-03-09T09:26:17.000Z,55,14.5,8,OFF
2026-03-09T09:27:17.000Z,55,14.5,8,OFF
2026-03-09T09:28:17.000Z,55,14.5,8,OFF
2026-03-09T09:29:17.000Z,55,14.6,8,OFF
2026-03-09T09:30:17.000Z,55,14.4,8,OFF
2026-03-09T09:31:17.000Z,55,14.6,8,OFF
2026-03-09T09:32:17.000Z,55,14.4,8,OFF
2026-03-09T09:33:17.000Z,55,14.6,8,OFF
2026-03-09T09:34:17.000Z,55,14.4,8,OFF
2026-03-09T09:35:17.000Z,55,14.5,8,OFF
2026-03-09T09:36:17.000Z,55,14.4,8,OFF
2026-03-09T09:37:17.000Z,55,14.5,8,OFF
2026-03-09T09:38:17.000Z,55,14.6,8,OFF
2026-03-09T09:39:17.000Z,55,14.4,8,OFF
2026-03-09T09:40:17.000Z,55,14.6,8,OFF
2026-03-09T09:41:17.000Z,55,14.5,8,OFF
2026-03-09T09:42:17.000Z,55,14.6,8.4,OFF
2026-03-09T09:43:17.000Z,55,14.6,8.4,OFF
2026-03-09T09:44:17.000Z,55,14.6,8.4,OFF
2026-03-09T09:45:17.000Z,55,14.6,8.4,OFF
2026-03-09T09:46:17.000Z,55,14.7,8.4,OFF
2026-03-09T09:47:17.000Z,55,14.6,8.4,OFF
2026-03-09T09:48:17.000Z,54.9,14.7,8.4,OFF
2026-03-09T09:49:17.000Z,55,14.7,8.4,OFF
2026-03-09T09:50:17.000Z,55,14.7,8.4,OFF
2026-03-09T09:51:17.000Z,55,14.5,8.4,OFF
2026-03-09T09:52:17.000Z,55,14.5,8.4,OFF
2026-03-09T09:53:17.000Z,55,14.7,8.4,OFF
2026-03-09T09:54:17.000Z,55,14.5,8.4,OFF
2026-03-09T09:55:17.000Z,55,14.5,8.4,OFF
2026-03-09T09:56:17.000Z,55,14.5,8.4,OFF
2026-03-09T09:57:17.000Z,55,14.6,8.4,OFF
2026-03-09T09:58:17.000Z,55,14.6,8.4,OFF
2026-03-09T09:59:17.000Z,55,14.6,8.4,OFF
2026-03-09T10:00:17.000Z,55,14.6,8.4,OFF
2026-03-09T10:01:17.000Z,55,14.7,8.4,OFF
2026-03-09T10:02:17.000Z,55,14.7,8.4,OFF
2026-03-09T10:03:17.000Z,55,14.6,8.4,OFF
2026-03-09T10:04:17.000Z,55,14.6,8.4,OFF
2026-03-09T10:05:17.000Z,55,14.6,8.4,OFF
2026-03-09T10:06:17.000Z,55,14.6,8.8,OFF
2026-03-09T10:07:17.000Z,55,14.4,8.8,OFF
2026-03-09T10:08:17.000Z,55,14.4,8.8,OFF
2026-03-09T10:09:17.000Z,55,14.5,8.8,OFF
2026-03-09T10:10:17.000Z,55,14.5,8.8,OFF
2026-03-09T10:11:17.000Z,55,14.5,8.8,OFF
2026-03-09T10:12:17.000Z,55,14.6,8.8,OFF
2026-03-09T10:13:17.000Z,55,14.6,8.8,OFF
2026-03-09T10:14:17.000Z,55,14.6,8.8,OFF
2026-03-09T10:15:17.000Z,55,14.7,8.8,OFF
2026-03-09T10:16:17.000Z,55,14.7,8.8,OFF
2026-03-09T10:17:17.000Z,55,14.7,8.8,OFF
2026-03-09T10:18:17.000Z,55,14.6,9,OFF
2026-03-09T10:19:17.000Z,55,14.7,9,OFF
2026-03-09T10:20:17.000Z,55,14.5,9,OFF
2026-03-09T10:21:17.000Z,55,14.5,9,OFF
2026-03-09T10:22:17.000Z,55,14.6,9,OFF
2026-03-09T10:23:17.000Z,55,14.6,9,OFF
2026-03-09T10:24:17.000Z,55,14.5,9,OFF
2026-03-09T10:25:17.000Z,55,14.6,9,OFF
2026-03-09T10:26:17.000Z,55,14.7,9,OFF
2026-03-09T10:27:17.000Z,55,14.6,9,OFF
2026-03-09T10:28:17.000Z,55,14.7,9,OFF
2026-03-09T10:29:17.000Z,55,14.7,9,OFF
2026-03-09T10:30:17.000Z,55,14.7,9,OFF
2026-03-09T10:31:17.000Z,55,14.6,9,OFF
2026-03-09T10:32:17.000Z,55,14.7,9,OFF
2026-03-09T10:33:17.000Z,55.1,14.7,9,OFF
2026-03-09T10:34:17.000Z,55,14.6,9,OFF
2026-03-09T10:35:17.000Z,55,14.5,9,OFF
2026-03-09T10:36:17.000Z,55,14.6,9,OFF
2026-03-09T10:37:17.000Z,55,14.7,9,OFF
2026-03-09T10:38:17.000Z,55,14.5,9,OFF
2026-03-09T10:39:17.000Z,55,14.5,9,OFF
2026-03-09T10:40:17.000Z,55,14.6,9,OFF
2026-03-09T10:41:17.000Z,55,14.7,8.3,OFF
2026-03-09T10:42:17.000Z,55,14.7,8.3,OFF
2026-03-09T10:43:17.000Z,55,14.7,8.3,OFF
2026-03-09T10:44:17.000Z,55,14.7,8.3,OFF
2026-03-09T10:45:17.000Z,55,14.7,7.9,OFF
2026-03-09T10:46:17.000Z,55,14.9,7.9,OFF
2026-03-09T10:47:17.000Z,55,14.7,7.9,OFF
2026-03-09T10:48:17.000Z,55,14.7,7.9,OFF
2026-03-09T10:49:17.000Z,55,14.7,7.9,OFF
2026-03-09T10:50:17.000Z,55,14.6,7.9,OFF
2026-03-09T10:51:17.000Z,55,14.7,7.9,OFF
2026-03-09T10:52:17.000Z,55,14.7,7.9,OFF
2026-03-09T10:53:17.000Z,55,14.7,7.9,OFF
2026-03-09T10:54:17.000Z,55,14.7,7.9,OFF
2026-03-09T10:55:17.000Z,55,14.8,7.9,OFF
2026-03-09T10:56:17.000Z,55,14.7,7.9,OFF
2026-03-09T10:57:17.000Z,55,14.8,7.9,OFF
2026-03-09T10:58:17.000Z,55,14.8,7.9,OFF
2026-03-09T10:59:17.000Z,55,14.8,7.9,OFF
2026-03-09T11:00:17.000Z,55,14.9,7.9,OFF
2026-03-09T11:01:17.000Z,55,14.9,7.9,OFF
2026-03-09T11:02:17.000Z,55,14.7,7.9,OFF
2026-03-09T11:03:17.000Z,55,14.9,8.9,OFF
2026-03-09T11:04:17.000Z,55,14.7,8.9,OFF
2026-03-09T11:05:17.000Z,54.9,14.8,8.9,OFF
2026-03-09T11:06:17.000Z,55,14.9,8.9,OFF
2026-03-09T11:07:17.000Z,54.9,15,8.9,OFF
2026-03-09T11:08:17.000Z,54.9,14.9,8.9,OFF
2026-03-09T11:09:17.000Z,55,14.9,9.5,OFF
2026-03-09T11:10:17.000Z,54.9,15,9.5,OFF
2026-03-09T11:11:17.000Z,55,15,9.5,OFF
2026-03-09T11:12:17.000Z,55,15,9.5,OFF
2026-03-09T11:13:17.000Z,54.9,15.1,9.5,OFF
2026-03-09T11:14:17.000Z,54.9,15.1,9.5,OFF
2026-03-09T11:15:17.000Z,54.9,15.1,9.5,OFF
2026-03-09T11:16:17.000Z,55,15.2,9.5,OFF
2026-03-09T11:17:17.000Z,54.9,15.3,9.5,OFF
2026-03-09T11:18:17.000Z,54.9,15.3,9.5,OFF
2026-03-09T11:19:17.000Z,54.9,15.3,9.5,OFF
2026-03-09T11:20:17.000Z,54.9,15.3,9.5,OFF
2026-03-09T11:21:17.000Z,54.9,15.2,9.5,OFF
2026-03-09T11:22:17.000Z,54.9,15.1,9.5,OFF
2026-03-09T11:23:17.000Z,54.9,15.2,9.5,OFF
2026-03-09T11:24:17.000Z,54.9,15,9.5,OFF
2026-03-09T11:25:17.000Z,54.9,15.1,9.5,OFF
2026-03-09T11:26:17.000Z,54.9,15.1,10.4,OFF
2026-03-09T11:27:17.000Z,54.9,15.1,10.4,OFF
2026-03-09T11:28:17.000Z,54.9,15.1,10.4,OFF
2026-03-09T11:29:17.000Z,54.9,15.2,10.4,OFF
2026-03-09T11:30:17.000Z,54.9,15.2,10.4,OFF
2026-03-09T11:31:17.000Z,54.9,15.2,10.4,OFF
2026-03-09T11:32:17.000Z,54.9,15.3,10.4,OFF
2026-03-09T11:33:17.000Z,54.9,15.3,10.4,OFF
2026-03-09T11:34:17.000Z,55,15.2,10.4,OFF
2026-03-09T11:35:17.000Z,54.9,15.3,10.4,OFF
2026-03-09T11:36:17.000Z,54.9,15.2,10.4,OFF
2026-03-09T11:37:17.000Z,54.9,15.3,10.4,OFF
2026-03-09T11:38:17.000Z,54.9,15,10.4,OFF
2026-03-09T11:39:17.000Z,54.9,15.2,10.4,OFF
2026-03-09T11:40:17.000Z,54.9,15.2,10.4,OFF
2026-03-09T11:41:17.000Z,54.9,15.2,10.4,OFF
2026-03-09T11:42:17.000Z,54.9,15.2,10.4,OFF
2026-03-09T11:43:17.000Z,54.9,15.4,10.4,OFF
2026-03-09T11:44:17.000Z,54.9,15.5,10.4,OFF
2026-03-09T11:45:17.000Z,54.9,15.6,10.8,OFF
2026-03-09T11:46:17.000Z,54.8,15.6,10.8,OFF
2026-03-09T11:47:17.000Z,54.8,15.7,10.8,OFF
2026-03-09T11:48:17.000Z,54.8,15.7,10.8,OFF
2026-03-09T11:49:17.000Z,54.8,15.4,10.8,OFF
2026-03-09T11:50:17.000Z,54.8,15.4,10.8,OFF
2026-03-09T11:51:17.000Z,54.8,15.4,10.8,OFF
2026-03-09T11:52:17.000Z,54.9,15.5,10.8,OFF
2026-03-09T11:53:17.000Z,54.9,15.5,10.8,OFF
2026-03-09T11:54:17.000Z,54.9,15.3,10.8,OFF
2026-03-09T11:55:17.000Z,54.9,15.4,10.8,OFF
2026-03-09T11:56:17.000Z,54.9,15.3,11.6,OFF
2026-03-09T11:57:17.000Z,54.9,15.4,11.6,OFF
2026-03-09T11:58:17.000Z,54.9,15.4,11.6,OFF
2026-03-09T11:59:17.000Z,54.9,15.4,11.6,OFF
2026-03-09T12:00:17.000Z,54.9,15.4,11.6,OFF
2026-03-09T12:01:17.000Z,54.9,15.4,11.6,OFF
2026-03-09T12:02:17.000Z,54.9,15.4,11.6,OFF
2026-03-09T12:03:17.000Z,54.9,15.6,11.6,OFF
2026-03-09T12:04:17.000Z,54.9,15.5,11.6,OFF
2026-03-09T12:05:17.000Z,54.9,15.6,11.6,OFF
2026-03-09T12:06:17.000Z,54.9,15.3,12,OFF
2026-03-09T12:07:17.000Z,54.9,15.7,12,OFF
2026-03-09T12:08:17.000Z,54.8,15.5,12,OFF
2026-03-09T12:09:17.000Z,54.8,15.6,12,OFF
2026-03-09T12:10:17.000Z,54.9,15.5,12,OFF
2026-03-09T12:11:17.000Z,54.9,15.4,12,OFF
2026-03-09T12:12:17.000Z,54.9,15.5,12.1,OFF
2026-03-09T12:13:17.000Z,54.9,15.5,12.1,OFF
2026-03-09T12:14:17.000Z,54.8,15.5,12.1,OFF
2026-03-09T12:15:17.000Z,54.9,15.5,12.1,OFF
2026-03-09T12:16:17.000Z,54.9,15.5,12.1,OFF
2026-03-09T12:17:17.000Z,54.9,15.5,12.1,OFF
2026-03-09T12:18:17.000Z,54.9,15.5,12.1,OFF
2026-03-09T12:19:17.000Z,54.8,15.4,12.1,OFF
2026-03-09T12:20:17.000Z,54.8,15.4,12.1,OFF
2026-03-09T12:21:17.000Z,54.9,15.3,12.1,OFF
2026-03-09T12:22:17.000Z,54.9,15.4,12.1,OFF
2026-03-09T12:23:17.000Z,54.9,15.4,12.1,OFF
2026-03-09T12:24:17.000Z,54.8,15.4,12.1,OFF
2026-03-09T12:25:17.000Z,54.9,15.4,12.1,OFF
2026-03-09T12:26:17.000Z,54.9,15.4,12.1,OFF
2026-03-09T12:27:17.000Z,54.9,15.5,12.1,OFF
2026-03-09T12:28:17.000Z,54.9,15.5,12.1,OFF
2026-03-09T12:29:17.000Z,54.9,15.4,12.1,OFF
2026-03-09T12:30:17.000Z,54.9,15.5,12.1,OFF
2026-03-09T12:31:17.000Z,54.9,15.5,12.1,OFF
2026-03-09T12:32:17.000Z,54.8,15.4,12.1,OFF
2026-03-09T12:33:17.000Z,54.9,15.6,12.1,OFF
2026-03-09T12:34:17.000Z,54.8,15.4,12,OFF
2026-03-09T12:35:17.000Z,54.9,15.5,12,OFF
2026-03-09T12:36:17.000Z,54.8,15.5,12,OFF
2026-03-09T12:37:17.000Z,54.9,15.6,12,OFF
2026-03-09T12:38:17.000Z,54.8,15.6,12.5,OFF
2026-03-09T12:39:17.000Z,54.8,15.5,12.5,OFF
2026-03-09T12:40:17.000Z,54.8,15.6,12.5,OFF
2026-03-09T12:41:17.000Z,54.8,15.6,12.5,OFF
2026-03-09T12:42:17.000Z,54.9,15.6,12.5,OFF
2026-03-09T12:43:17.000Z,54.9,15.6,12.5,OFF
2026-03-09T12:44:17.000Z,54.9,15.6,12.5,OFF
2026-03-09T12:45:17.000Z,54.9,15.5,12.5,OFF
2026-03-09T12:46:17.000Z,54.9,15.6,12.5,OFF
2026-03-09T12:47:17.000Z,54.9,15.6,12.5,OFF
2026-03-09T12:48:17.000Z,54.8,15.6,12.5,OFF
2026-03-09T12:49:17.000Z,54.9,15.5,12.4,OFF
2026-03-09T12:50:17.000Z,54.8,15.4,12.4,OFF
2026-03-09T12:51:17.000Z,54.8,15.4,12.4,OFF
2026-03-09T12:52:17.000Z,54.8,15.5,12.4,OFF
2026-03-09T12:53:17.000Z,54.8,15.5,12.4,OFF
2026-03-09T12:54:17.000Z,54.9,16,12.4,OFF
2026-03-09T12:55:17.000Z,54.9,15.6,12.4,OFF
2026-03-09T12:56:17.000Z,54.8,15.6,12.4,OFF
2026-03-09T12:57:17.000Z,54.8,15.7,12.4,OFF
2026-03-09T12:58:17.000Z,54.8,15.6,12.4,OFF
2026-03-09T12:59:17.000Z,54.8,15.6,12.4,OFF
2026-03-09T13:00:17.000Z,54.9,15.7,12.6,OFF
2026-03-09T13:01:17.000Z,54.8,15.8,12.6,OFF
2026-03-09T13:02:17.000Z,54.8,15.6,12.6,OFF
2026-03-09T13:03:17.000Z,54.9,15.6,12.6,OFF
2026-03-09T13:04:17.000Z,54.9,15.6,12.6,OFF
2026-03-09T13:05:17.000Z,54.9,15.4,12.6,OFF
2026-03-09T13:06:17.000Z,54.9,15.9,12.6,OFF
2026-03-09T13:07:17.000Z,54.8,15.5,12.6,OFF
2026-03-09T13:08:17.000Z,54.9,15.6,12.6,OFF
2026-03-09T13:09:17.000Z,54.8,15.5,12.6,OFF
2026-03-09T13:10:17.000Z,54.8,15.6,12.6,OFF
2026-03-09T13:11:17.000Z,54.9,15.6,12.6,OFF
2026-03-09T13:12:17.000Z,54.8,15.4,12.6,OFF
2026-03-09T13:13:17.000Z,54.9,15.6,12.6,OFF
2026-03-09T13:14:17.000Z,54.8,15.6,12.6,OFF
2026-03-09T13:15:17.000Z,54.8,15.6,12.6,OFF
2026-03-09T13:16:17.000Z,54.9,16,12.6,OFF
2026-03-09T13:17:17.000Z,54.8,15.5,12.6,OFF
2026-03-09T13:18:17.000Z,54.8,15.9,12.6,OFF
2026-03-09T13:19:17.000Z,54.8,15.6,12.6,OFF
2026-03-09T13:20:17.000Z,54.8,15.7,12.6,OFF
2026-03-09T13:21:17.000Z,54.8,15.6,12.6,OFF
2026-03-09T13:22:17.000Z,54.9,16,12.9,OFF
2026-03-09T13:23:17.000Z,54.8,15.6,12.9,OFF
2026-03-09T13:24:17.000Z,54.8,15.6,12.9,OFF
2026-03-09T13:25:17.000Z,54.8,15.7,12.9,OFF
2026-03-09T13:26:17.000Z,54.8,15.7,12.9,OFF
2026-03-09T13:27:17.000Z,54.8,15.7,12.9,OFF
2026-03-09T13:28:17.000Z,54.8,15.7,12.9,OFF
2026-03-09T13:29:17.000Z,54.8,15.7,12.9,OFF
2026-03-09T13:30:17.000Z,54.8,15.6,12.9,OFF
2026-03-09T13:31:17.000Z,54.8,15.7,12.9,OFF
2026-03-09T13:32:17.000Z,54.8,15.7,12.9,OFF
2026-03-09T13:33:17.000Z,54.8,15.7,12.9,OFF
2026-03-09T13:34:17.000Z,54.8,15.6,12.9,OFF
2026-03-09T13:35:17.000Z,54.8,15.7,12.9,OFF
2026-03-09T13:36:17.000Z,54.8,15.6,12.9,OFF
2026-03-09T13:37:17.000Z,54.8,15.6,12.9,OFF
2026-03-09T13:38:17.000Z,54.8,16.2,12.9,OFF
2026-03-09T13:39:17.000Z,54.8,15.8,13.1,OFF
2026-03-09T13:40:17.000Z,54.8,15.8,13.1,OFF
2026-03-09T13:41:17.000Z,54.8,15.8,13.1,OFF
2026-03-09T13:42:17.000Z,54.8,15.9,13.1,OFF
2026-03-09T13:43:17.000Z,54.8,15.7,13.1,OFF
2026-03-09T13:44:17.000Z,54.9,15.8,13.1,OFF
2026-03-09T13:45:17.000Z,54.8,15.7,13.1,OFF
2026-03-09T13:46:17.000Z,54.9,16,13.1,OFF
2026-03-09T13:47:17.000Z,54.8,15.7,13.1,OFF
2026-03-09T13:48:17.000Z,54.8,15.5,13.1,OFF
2026-03-09T13:49:17.000Z,54.8,15.6,13.1,OFF
2026-03-09T13:50:17.000Z,54.8,15.6,13,OFF
2026-03-09T13:51:17.000Z,54.8,15.7,13,OFF
2026-03-09T13:52:17.000Z,54.8,15.7,13,OFF
2026-03-09T13:53:17.000Z,54.8,15.7,13,OFF
2026-03-09T13:54:17.000Z,54.8,15.7,13,OFF
2026-03-09T13:55:17.000Z,54.8,15.8,13,OFF
2026-03-09T13:56:17.000Z,54.7,15.8,13,OFF
2026-03-09T13:57:17.000Z,54.8,15.8,13,OFF
2026-03-09T13:58:17.000Z,54.8,15.9,13,OFF
2026-03-09T13:59:17.000Z,54.8,15.9,13,OFF
2026-03-09T14:00:17.000Z,54.8,15.8,13,OFF
2026-03-09T14:01:17.000Z,54.8,15.8,13,OFF
2026-03-09T14:02:17.000Z,54.8,15.7,13,OFF
2026-03-09T14:03:17.000Z,54.9,16,13,OFF
2026-03-09T14:04:17.000Z,54.8,15.7,13,OFF
2026-03-09T14:05:17.000Z,54.8,15.7,13,OFF
2026-03-09T14:06:17.000Z,54.8,15.7,13,OFF
2026-03-09T14:07:17.000Z,54.8,15.7,13,OFF
2026-03-09T14:08:17.000Z,54.8,15.7,13,OFF
2026-03-09T14:09:17.000Z,54.8,15.7,13,OFF
2026-03-09T14:10:17.000Z,54.9,16.2,13,OFF
2026-03-09T14:11:17.000Z,54.8,15.8,13,OFF
2026-03-09T14:12:17.000Z,54.8,16.1,13,OFF
2026-03-09T14:13:17.000Z,54.8,15.9,13,OFF
2026-03-09T14:14:17.000Z,54.8,15.8,13,OFF
2026-03-09T14:15:17.000Z,54.8,15.8,13,OFF
2026-03-09T14:16:17.000Z,54.8,15.8,13,OFF
2026-03-09T14:17:17.000Z,54.8,15.8,13,OFF
2026-03-09T14:18:17.000Z,54.8,15.8,13,OFF
2026-03-09T14:19:17.000Z,54.8,16.3,13,OFF
2026-03-09T14:20:17.000Z,54.7,15.8,13,OFF
2026-03-09T14:21:17.000Z,54.8,15.8,13,OFF
2026-03-09T14:22:17.000Z,54.8,16.1,13,OFF
2026-03-09T14:23:17.000Z,54.8,16,13,OFF
2026-03-09T14:24:17.000Z,54.8,16,13,OFF
2026-03-09T14:25:17.000Z,54.8,15.9,13,OFF
2026-03-09T14:26:17.000Z,54.8,15.8,13,OFF
2026-03-09T14:27:17.000Z,54.8,15.7,13,OFF
2026-03-09T14:28:17.000Z,54.8,15.6,13,OFF
2026-03-09T14:29:17.000Z,54.8,15.6,13,OFF
2026-03-09T14:30:17.000Z,54.8,15.6,13,OFF
2026-03-09T14:31:17.000Z,54.8,15.8,13,OFF
2026-03-09T14:32:17.000Z,54.8,15.6,13.6,OFF
2026-03-09T14:33:17.000Z,54.8,15.4,13.5,OFF
2026-03-09T14:34:17.000Z,54.9,15.2,13.5,OFF
2026-03-09T14:35:17.000Z,54.9,14.7,13.5,OFF
2026-03-09T14:36:17.000Z,55,14.5,13.5,OFF
2026-03-09T14:37:17.000Z,55,14.3,13.5,OFF
2026-03-09T14:38:17.000Z,55,14.6,13.5,OFF
2026-03-09T14:39:17.000Z,55,14.4,13.5,OFF
2026-03-09T14:40:17.000Z,55,14.6,13.5,OFF
2026-03-09T14:41:17.000Z,55,14.3,13.5,OFF
2026-03-09T14:42:17.000Z,55,14.2,13.5,OFF
2026-03-09T14:43:17.000Z,55,14,13.5,OFF
2026-03-09T14:44:17.000Z,55,13.9,13.6,OFF
2026-03-09T14:45:17.000Z,55,13.8,13.6,OFF
2026-03-09T14:46:17.000Z,55,13.5,13.6,OFF
2026-03-09T14:47:17.000Z,55.1,13.3,13.6,OFF
2026-03-09T14:48:17.000Z,55.1,13.2,13.6,OFF
2026-03-09T14:49:17.000Z,55.1,13.5,13.6,OFF
2026-03-09T14:50:17.000Z,55.1,13.9,13.6,OFF
2026-03-09T14:51:17.000Z,55.1,13.8,13.6,OFF
2026-03-09T14:52:17.000Z,55.1,13.7,13.6,OFF
2026-03-09T14:53:17.000Z,55.2,13.7,13.6,OFF
2026-03-09T14:54:17.000Z,55.1,13.9,13.6,OFF
2026-03-09T14:55:17.000Z,55.2,13.8,13.9,OFF
2026-03-09T14:56:17.000Z,55.2,13.8,13.9,OFF
2026-03-09T14:57:17.000Z,55.1,14,13.9,OFF
2026-03-09T14:58:17.000Z,55.1,14.1,13.9,OFF
2026-03-09T14:59:17.000Z,55.2,14,13.9,OFF
2026-03-09T15:00:17.000Z,55.2,13.6,13.9,OFF
2026-03-09T15:01:17.000Z,55.1,13.8,13.9,OFF
2026-03-09T15:02:17.000Z,55.2,13.7,13.9,OFF
2026-03-09T15:03:17.000Z,55.1,13.5,13.9,OFF
2026-03-09T15:04:17.000Z,55.2,13.8,13.9,OFF
2026-03-09T15:05:17.000Z,55.1,13.6,13.9,OFF
2026-03-09T15:06:17.000Z,55.1,13.6,13.9,OFF
2026-03-09T15:07:17.000Z,55.1,13.7,13.9,OFF
2026-03-09T15:08:17.000Z,55.2,14,13.9,OFF
2026-03-09T15:09:17.000Z,55.1,14,13.9,OFF
2026-03-09T15:10:17.000Z,55.2,13.8,13.9,OFF
2026-03-09T15:11:17.000Z,55.2,13.8,13.9,OFF
2026-03-09T15:12:17.000Z,55.2,14.1,13.9,OFF
2026-03-09T15:13:17.000Z,55.1,14,13.9,OFF
2026-03-09T15:14:17.000Z,55.2,14,13.9,OFF
2026-03-09T15:15:17.000Z,55.1,14.1,13.9,OFF
2026-03-09T15:16:17.000Z,55.2,14,13.9,OFF
2026-03-09T15:17:17.000Z,55.2,13.9,13.9,OFF
2026-03-09T15:18:17.000Z,55.1,13.9,13.9,OFF
2026-03-09T15:19:17.000Z,55.1,13.8,13.9,OFF
2026-03-09T15:20:17.000Z,55.2,13.7,13.9,OFF
2026-03-09T15:21:17.000Z,55.2,13.8,13.9,OFF
2026-03-09T15:22:17.000Z,55.2,13.7,13.9,OFF
2026-03-09T15:23:17.000Z,55.2,13.8,13.9,OFF
2026-03-09T15:24:17.000Z,55.2,13.8,13.9,OFF
2026-03-09T15:25:17.000Z,55.2,13.8,13.9,OFF
2026-03-09T15:26:17.000Z,55.2,13.7,13.9,OFF
2026-03-09T15:27:17.000Z,55.2,13.8,13.9,OFF
2026-03-09T15:28:17.000Z,55.2,13.8,13.9,OFF
2026-03-09T15:29:17.000Z,55.2,13.6,13.9,OFF
2026-03-09T15:30:17.000Z,55.2,13.5,13.9,OFF
2026-03-09T15:31:17.000Z,55.2,13.8,13.9,OFF
2026-03-09T15:32:17.000Z,55.2,13.7,13.8,OFF
2026-03-09T15:33:17.000Z,55.2,13.5,13.8,OFF
2026-03-09T15:34:17.000Z,55.2,13.3,13.8,OFF
2026-03-09T15:35:17.000Z,55.2,13.4,13.8,OFF
2026-03-09T15:36:17.000Z,55.2,13.1,13.8,OFF
2026-03-09T15:37:17.000Z,55.2,13.5,13.8,OFF
2026-03-09T15:38:17.000Z,55.2,13.3,13.8,OFF
2026-03-09T15:39:17.000Z,55.2,13.3,13.8,OFF
2026-03-09T15:40:17.000Z,55.2,13.3,13.8,OFF
2026-03-09T15:41:17.000Z,55.2,13.1,13.8,OFF
2026-03-09T15:42:17.000Z,55.2,13.3,13.9,OFF
2026-03-09T15:43:17.000Z,55.2,13.4,13.9,OFF
2026-03-09T15:44:17.000Z,55.2,13.4,13.9,OFF
2026-03-09T15:45:17.000Z,55.2,13.6,13.9,OFF
2026-03-09T15:46:17.000Z,55.2,13.5,13.9,OFF
2026-03-09T15:47:17.000Z,55.2,13.4,13.9,OFF
2026-03-09T15:48:17.000Z,55.2,13.2,13.9,OFF
2026-03-09T15:49:17.000Z,55.2,13.5,13.9,OFF
2026-03-09T15:50:17.000Z,55.2,13.5,13.9,OFF
2026-03-09T15:51:17.000Z,55.2,13,13.9,OFF
2026-03-09T15:52:17.000Z,55.2,13.3,13.9,OFF
2026-03-09T15:53:17.000Z,55.2,13.2,13.8,OFF
2026-03-09T15:54:17.000Z,55.2,13,13.8,OFF
2026-03-09T15:55:17.000Z,55.2,13.1,13.8,OFF
2026-03-09T15:56:17.000Z,55.2,13.2,13.8,OFF
2026-03-09T15:57:17.000Z,55.2,13.2,13.8,OFF
2026-03-09T15:58:17.000Z,55.2,13.2,13.8,OFF
2026-03-09T15:59:17.000Z,55.2,12.8,13.8,OFF
2026-03-09T16:00:17.000Z,55.2,13.2,13.8,OFF
2026-03-09T16:01:17.000Z,55.2,13.2,13.8,OFF
2026-03-09T16:02:17.000Z,55.2,13.3,13.7,OFF
2026-03-09T16:03:17.000Z,55.2,13.2,13.7,OFF
2026-03-09T16:04:17.000Z,55.2,13.3,13.7,OFF
2026-03-09T16:05:17.000Z,55.2,13.4,13.7,OFF
2026-03-09T16:06:17.000Z,55.2,13.5,13.7,OFF
2026-03-09T16:07:17.000Z,55.2,13.4,13.7,OFF
2026-03-09T16:08:17.000Z,55.2,13.3,13.7,OFF
2026-03-09T16:09:17.000Z,55.2,13.4,13.7,OFF
2026-03-09T16:10:17.000Z,55.2,13.6,13.7,OFF
2026-03-09T16:11:17.000Z,55.2,13.6,13.7,OFF
2026-03-09T16:12:17.000Z,55.2,13.4,13.7,OFF
2026-03-09T16:13:17.000Z,55.2,12.7,13.5,OFF
2026-03-09T16:14:17.000Z,55.2,12.9,13.5,OFF
2026-03-09T16:15:17.000Z,55.2,12.8,13.5,OFF
2026-03-09T16:16:17.000Z,55.2,13.1,13.5,OFF
2026-03-09T16:17:17.000Z,55.2,13.2,13.5,OFF
2026-03-09T16:18:17.000Z,55.2,13.2,13.5,OFF
2026-03-09T16:19:17.000Z,55.2,13.3,13.5,OFF
2026-03-09T16:20:17.000Z,55.2,13.6,13.5,OFF
2026-03-09T16:21:17.000Z,55.2,13.4,13.5,OFF
2026-03-09T16:22:17.000Z,55.2,13.6,13.5,OFF
2026-03-09T16:23:17.000Z,55.2,13.5,13.5,OFF
2026-03-09T16:24:17.000Z,55.2,13.6,13.5,OFF
2026-03-09T16:25:17.000Z,55.2,13.2,13.5,OFF
2026-03-09T16:26:17.000Z,55.1,13.1,13.5,OFF
2026-03-09T16:27:17.000Z,55.2,13,13.5,OFF
2026-03-09T16:28:17.000Z,55.2,13.1,13.5,OFF
2026-03-09T16:29:17.000Z,55.2,13.1,13.5,OFF
2026-03-09T16:30:17.000Z,55.2,13.1,13.5,OFF
2026-03-09T16:31:17.000Z,55.2,13,13.5,OFF
2026-03-09T16:32:17.000Z,55.2,13.1,13.5,OFF
2026-03-09T16:33:17.000Z,55.2,13,13.5,OFF
2026-03-09T16:34:17.000Z,55.1,13.1,13.5,OFF
2026-03-09T16:35:17.000Z,55.2,13.3,13.5,OFF
2026-03-09T16:36:17.000Z,55.2,13.3,13.5,OFF
2026-03-09T16:37:17.000Z,55.2,13.3,13.5,OFF
2026-03-09T16:38:17.000Z,55.2,13.1,13.5,OFF
2026-03-09T16:39:17.000Z,55.2,13.1,13.5,OFF
2026-03-09T16:40:17.000Z,55.2,13.3,13.5,OFF
2026-03-09T16:41:17.000Z,55.2,12.7,13.5,OFF
2026-03-09T16:42:17.000Z,55.2,13.1,13.5,OFF
2026-03-09T16:43:17.000Z,55.2,12.9,13.5,OFF
2026-03-09T16:44:17.000Z,55.2,12.8,13.5,OFF
2026-03-09T16:45:17.000Z,55.3,13.3,13.5,OFF
2026-03-09T16:46:17.000Z,55.2,12.9,13.4,OFF
2026-03-09T16:47:17.000Z,55.2,12.8,13.4,OFF
2026-03-09T16:48:17.000Z,55.1,13,13.4,OFF
2026-03-09T16:49:17.000Z,55.2,13.1,13.4,OFF
2026-03-09T16:50:17.000Z,55.2,13.1,13.4,OFF
2026-03-09T16:51:17.000Z,55.2,13.2,13.4,OFF
2026-03-09T16:52:17.000Z,55.2,13,13.4,OFF
2026-03-09T16:53:17.000Z,55.2,13.1,13.4,OFF
2026-03-09T16:54:17.000Z,55.2,13.1,13.4,OFF
2026-03-09T16:55:17.000Z,55.2,13.1,13.4,OFF
2026-03-09T16:56:17.000Z,55.2,13.1,13.4,OFF
2026-03-09T16:57:17.000Z,55.1,13.3,13.4,OFF
2026-03-09T16:58:17.000Z,55.2,13,13.4,OFF
2026-03-09T16:59:17.000Z,55.2,12.8,13.4,OFF
2026-03-09T17:00:17.000Z,55.1,12.8,13.4,OFF
2026-03-09T17:01:17.000Z,55.2,13,13.4,OFF
2026-03-09T17:02:17.000Z,55.1,13,13.4,OFF
2026-03-09T17:03:17.000Z,55.2,12.8,13.4,OFF
2026-03-09T17:04:17.000Z,55.2,12.8,13.4,OFF
2026-03-09T17:05:17.000Z,55.2,12.9,13.4,OFF
2026-03-09T17:06:17.000Z,55.2,12.9,13.4,OFF
2026-03-09T17:07:17.000Z,55.2,13.1,13.4,OFF
2026-03-09T17:08:17.000Z,55.1,12.9,13.4,OFF
2026-03-09T17:09:17.000Z,55.2,12.9,13.4,OFF
2026-03-09T17:10:17.000Z,55.2,13.1,13.4,OFF
2026-03-09T17:11:17.000Z,55.2,13,13.4,OFF
2026-03-09T17:12:17.000Z,55.2,12.9,13.4,OFF
2026-03-09T17:13:17.000Z,55.2,13,13.4,OFF
2026-03-09T17:14:17.000Z,55.1,12.7,13.4,OFF
2026-03-09T17:15:17.000Z,55.2,12.7,13.4,OFF
2026-03-09T17:16:17.000Z,55.2,12.8,13.4,OFF
2026-03-09T17:17:17.000Z,55.2,12.8,13.4,OFF
2026-03-09T17:18:17.000Z,55.2,12.8,13.4,OFF
2026-03-09T17:19:17.000Z,55.2,12.6,13.4,OFF
2026-03-09T17:20:17.000Z,55.2,12.8,13.4,OFF
2026-03-09T17:21:17.000Z,55.2,12.8,13.4,OFF
2026-03-09T17:22:17.000Z,55.2,12.8,13.4,OFF
2026-03-09T17:23:17.000Z,55.1,12.6,13.4,OFF
2026-03-09T17:24:17.000Z,55.2,12.8,13.4,OFF
2026-03-09T17:25:17.000Z,55.2,12.8,13.4,OFF
2026-03-09T17:26:17.000Z,55.2,13,13.4,OFF
2026-03-09T17:27:17.000Z,55.2,12.9,13.4,OFF
2026-03-09T17:28:17.000Z,55.2,12.8,13.4,OFF
2026-03-09T17:29:17.000Z,55.2,12.9,13.4,OFF
2026-03-09T17:30:17.000Z,55.2,12.7,13.4,OFF
2026-03-09T17:31:17.000Z,55.2,12.7,13.4,OFF
2026-03-09T17:32:17.000Z,55.2,12.9,13.4,OFF
2026-03-09T17:33:17.000Z,55.2,12.7,13.4,OFF
2026-03-09T17:34:17.000Z,55.2,12.6,13.4,OFF
2026-03-09T17:35:17.000Z,55.2,12.5,13.4,OFF
2026-03-09T17:36:17.000Z,55.2,12.8,13.4,OFF
2026-03-09T17:37:17.000Z,55.2,12.7,13.4,OFF
2026-03-09T17:38:17.000Z,55.2,12.8,13.4,OFF
2026-03-09T17:39:17.000Z,55.2,13,13.4,OFF
2026-03-09T17:40:17.000Z,55.2,12.8,13.4,OFF
2026-03-09T17:41:17.000Z,55.2,12.8,13.4,OFF
2026-03-09T17:42:17.000Z,55.2,12.8,13.4,OFF
2026-03-09T17:43:17.000Z,55.2,12.8,13.4,OFF
2026-03-09T17:44:17.000Z,55.2,12.7,13.4,OFF
2026-03-09T17:45:17.000Z,55.2,12.9,13.4,OFF
2026-03-09T17:46:17.000Z,55.2,12.6,13.4,OFF
2026-03-09T17:47:17.000Z,55.2,12.7,13.4,OFF
2026-03-09T17:48:17.000Z,55.2,12.4,13.4,OFF
2026-03-09T17:49:17.000Z,55.2,12.4,13.4,OFF
2026-03-09T17:50:17.000Z,55.2,12.5,13.4,OFF
2026-03-09T17:51:17.000Z,55.2,12.2,13.4,OFF
2026-03-09T17:52:17.000Z,55.2,12.2,13.4,OFF
2026-03-09T17:53:17.000Z,55.2,12.3,13.4,OFF
2026-03-09T17:54:17.000Z,55.2,12.1,13.4,OFF
2026-03-09T17:55:17.000Z,55.2,12.4,13.4,OFF
2026-03-09T17:56:17.000Z,55.2,12.4,13.4,OFF
2026-03-09T17:57:17.000Z,55.2,12.5,13.4,OFF
2026-03-09T17:58:17.000Z,55.2,12.4,13.4,OFF
2026-03-09T17:59:17.000Z,55.2,12.5,13.4,OFF
2026-03-09T18:00:17.000Z,55.2,12.6,13.4,OFF
2026-03-09T18:01:17.000Z,55.2,12.6,13.4,OFF
2026-03-09T18:02:17.000Z,55.2,12.4,13.4,OFF
2026-03-09T18:03:17.000Z,55.2,12.3,13.4,OFF
2026-03-09T18:04:17.000Z,55.2,12,13.4,OFF
2026-03-09T18:05:17.000Z,55.2,12.4,13.4,OFF
2026-03-09T18:06:17.000Z,55.2,12.1,13.4,OFF
2026-03-09T18:07:17.000Z,55.2,12.2,13.4,OFF
2026-03-09T18:08:17.000Z,55.2,12.2,13.4,OFF
2026-03-09T18:09:17.000Z,55.2,12.2,13.4,OFF
2026-03-09T18:10:17.000Z,55.2,12.1,13.4,OFF
2026-03-09T18:11:17.000Z,55.2,12.1,13.4,OFF
2026-03-09T18:12:17.000Z,55.2,12.1,13.4,OFF
2026-03-09T18:13:17.000Z,55.2,11.9,13.4,OFF
2026-03-09T18:14:17.000Z,55.2,12.2,13.4,OFF
2026-03-09T18:15:17.000Z,55.2,12.3,13.4,OFF
2026-03-09T18:16:17.000Z,55.2,12.2,13.4,OFF
2026-03-09T18:17:17.000Z,55.2,12.4,13.4,OFF
2026-03-09T18:18:17.000Z,55.2,12.3,13.4,OFF
2026-03-09T18:19:17.000Z,55.2,12.5,13.4,OFF
2026-03-09T18:20:17.000Z,55.2,12.2,13.4,OFF
2026-03-09T18:21:17.000Z,55.2,12.4,13.4,OFF
2026-03-09T18:22:17.000Z,55.2,12.3,13.4,OFF
2026-03-09T18:23:17.000Z,55.2,12.3,13.4,OFF
2026-03-09T18:24:17.000Z,55.2,12.3,13.4,OFF
2026-03-09T18:25:17.000Z,55.2,12.1,13.4,OFF
2026-03-09T18:26:17.000Z,55.2,12.3,13.4,OFF
2026-03-09T18:27:17.000Z,55.3,12.2,13.4,OFF
2026-03-09T18:28:17.000Z,55.2,12.2,13.4,OFF
2026-03-09T18:29:17.000Z,55.2,12.2,13.4,OFF
2026-03-09T18:30:17.000Z,55.2,12.3,13.4,OFF
2026-03-09T18:31:17.000Z,55.2,12.4,13.4,OFF
2026-03-09T18:32:17.000Z,55.3,12.3,13.4,OFF
2026-03-09T18:33:17.000Z,55.2,12.1,13.4,OFF
2026-03-09T18:34:17.000Z,55.2,12.2,13.4,OFF
2026-03-09T18:35:17.000Z,55.2,12.2,13.4,OFF
2026-03-09T18:36:17.000Z,55.2,12.3,13.4,OFF
2026-03-09T18:37:17.000Z,55.2,12.5,13.4,OFF
2026-03-09T18:38:17.000Z,55.2,12.5,13.4,OFF
2026-03-09T18:39:17.000Z,55.3,12.2,13.4,OFF
2026-03-09T18:40:17.000Z,55.2,12.2,13.4,OFF
2026-03-09T18:41:17.000Z,55.2,12.1,13.4,OFF
2026-03-09T18:42:17.000Z,55.2,12.1,13.4,OFF
2026-03-09T18:43:17.000Z,55.3,12.2,13.4,OFF
2026-03-09T18:44:17.000Z,55.2,12.3,13.4,OFF
2026-03-09T18:45:17.000Z,55.2,12.1,13.4,OFF
2026-03-09T18:46:17.000Z,55.2,12,13.4,OFF
2026-03-09T18:47:17.000Z,55.2,12.2,13.4,OFF
2026-03-09T18:48:17.000Z,55.2,12.2,13.4,OFF
2026-03-09T18:49:17.000Z,55.2,12.2,13.4,OFF
2026-03-09T18:50:17.000Z,55.3,12.1,13.4,OFF
2026-03-09T18:51:17.000Z,55.2,12.2,13.4,OFF
2026-03-09T18:52:17.000Z,55.3,12.2,13.4,OFF
2026-03-09T18:53:17.000Z,55.2,12.2,13.4,OFF
2026-03-09T18:54:17.000Z,55.2,12.1,13.4,OFF
2026-03-09T18:55:17.000Z,55.3,12.1,13.4,OFF
2026-03-09T18:56:17.000Z,55.3,12.1,13.4,OFF
2026-03-09T18:57:17.000Z,55.3,12.2,13.4,OFF
2026-03-09T18:58:17.000Z,55.3,12.2,13.4,OFF
2026-03-09T18:59:17.000Z,55.3,12,13.4,OFF
2026-03-09T19:00:17.000Z,55.3,12.1,13.4,OFF
2026-03-09T19:01:17.000Z,55.3,11.8,13.4,OFF
2026-03-09T19:02:17.000Z,55.3,12.1,13.4,OFF
2026-03-09T19:03:17.000Z,55.3,11.9,13.4,OFF
2026-03-09T19:04:17.000Z,55.3,11.9,13.4,OFF
2026-03-09T19:05:17.000Z,55.3,11.9,13.4,OFF
2026-03-09T19:06:17.000Z,55.3,12.1,13.4,OFF
2026-03-09T19:07:17.000Z,55.3,12.1,13.4,OFF
2026-03-09T19:08:17.000Z,55.3,12.1,13.4,OFF
2026-03-09T19:09:17.000Z,55.3,12.1,13.4,OFF
2026-03-09T19:10:17.000Z,55.3,12.1,13.4,OFF
2026-03-09T19:11:17.000Z,55.2,12.1,13.4,OFF
2026-03-09T19:12:17.000Z,55.2,12.1,13.4,OFF
2026-03-09T19:13:17.000Z,55.3,12,13.4,OFF
2026-03-09T19:14:17.000Z,55.3,12,13.4,OFF
2026-03-09T19:15:17.000Z,55.2,12.3,13.4,OFF
2026-03-09T19:16:17.000Z,55.2,12,13.4,OFF
2026-03-09T19:17:17.000Z,55.2,12,13.4,OFF
2026-03-09T19:18:17.000Z,55.2,12.1,13.4,OFF
2026-03-09T19:19:17.000Z,55.2,12.1,13.4,OFF
2026-03-09T19:20:17.000Z,55.2,11.9,13.4,OFF
2026-03-09T19:21:17.000Z,55.3,12,13.4,OFF
2026-03-09T19:22:17.000Z,55.3,11.9,13.4,OFF
2026-03-09T19:23:17.000Z,55.3,11.9,13.4,OFF
2026-03-09T19:24:17.000Z,55.3,12,13.4,OFF
2026-03-09T19:25:17.000Z,55.3,12,13.4,OFF
2026-03-09T19:26:17.000Z,55.2,12.1,13.4,OFF
2026-03-09T19:27:17.000Z,55.3,12,13.4,OFF
2026-03-09T19:28:17.000Z,55.2,12,13.4,OFF
2026-03-09T19:29:17.000Z,55.2,12.1,13.4,OFF
2026-03-09T19:30:17.000Z,55.3,12.1,13.4,OFF
2026-03-09T19:31:17.000Z,55.3,11.9,13.4,OFF
2026-03-09T19:32:17.000Z,55.3,11.9,13.4,OFF
2026-03-09T19:33:17.000Z,55.3,11.9,13.4,OFF
2026-03-09T19:34:17.000Z,55.3,11.9,13.4,OFF
2026-03-09T19:35:17.000Z,55.3,11.8,13.4,OFF
2026-03-09T19:36:17.000Z,55.3,11.7,13.4,OFF
2026-03-09T19:37:17.000Z,55.3,11.9,13.4,OFF
2026-03-09T19:38:17.000Z,55.3,12.1,13.4,OFF
2026-03-09T19:39:17.000Z,55.2,12,13.4,OFF
2026-03-09T19:40:17.000Z,55.3,12.2,13.4,OFF
2026-03-09T19:41:17.000Z,55.2,12.1,11,OFF
2026-03-09T19:42:17.000Z,55.2,12.1,11,OFF
2026-03-09T19:43:17.000Z,55.2,12.1,11,OFF
2026-03-09T19:44:17.000Z,55.3,12,11,OFF
2026-03-09T19:45:17.000Z,55.3,12,11,OFF
2026-03-09T19:46:17.000Z,55.3,11.9,11,OFF
2026-03-09T19:47:17.000Z,55.2,12,11,OFF
2026-03-09T19:48:17.000Z,55.3,11.8,11,OFF
2026-03-09T19:49:17.000Z,55.3,12,11,OFF
2026-03-09T19:50:17.000Z,55.3,11.9,11,OFF
2026-03-09T19:51:17.000Z,55.3,12.1,11,OFF
2026-03-09T19:52:17.000Z,55.3,12,10.8,OFF
2026-03-09T19:53:17.000Z,55.3,11.8,10.8,OFF
2026-03-09T19:54:17.000Z,55.3,12,10.8,OFF
2026-03-09T19:55:17.000Z,55.3,11.9,10.8,OFF
2026-03-09T19:56:17.000Z,55.3,12,10.8,OFF
2026-03-09T19:57:17.000Z,55.3,11.9,10.8,OFF
2026-03-09T19:58:17.000Z,55.3,12,10.8,OFF
2026-03-09T19:59:17.000Z,55.3,11.9,10.8,OFF
2026-03-09T20:00:17.000Z,55.3,11.7,10.8,OFF
2026-03-09T20:01:17.000Z,55.3,11.8,10.8,OFF
2026-03-09T20:02:17.000Z,55.3,12.1,10.8,OFF
2026-03-09T20:03:17.000Z,55.3,11.8,10.8,OFF
2026-03-09T20:04:17.000Z,55.2,11.8,10.8,OFF
2026-03-09T20:05:17.000Z,55.3,11.8,10.8,OFF
2026-03-09T20:06:17.000Z,55.3,11.9,10.8,OFF
2026-03-09T20:07:17.000Z,55.3,11.9,10.5,OFF
2026-03-09T20:08:17.000Z,55.2,11.8,10.5,OFF
2026-03-09T20:09:17.000Z,55.2,11.9,10.5,OFF
2026-03-09T20:10:17.000Z,55.2,11.9,10.5,OFF
2026-03-09T20:11:17.000Z,55.3,11.9,10.5,OFF
2026-03-09T20:12:17.000Z,55.2,12,10.5,OFF
2026-03-09T20:13:17.000Z,55.2,11.7,10.5,OFF
2026-03-09T20:14:17.000Z,55.3,11.9,10.5,OFF
2026-03-09T20:15:17.000Z,55.3,11.9,10.5,OFF
2026-03-09T20:16:17.000Z,55.3,11.9,10.5,OFF
2026-03-09T20:17:17.000Z,55.2,11.9,10.5,OFF
2026-03-09T20:18:17.000Z,55.2,11.8,10.5,OFF
2026-03-09T20:19:17.000Z,55.3,11.7,10.5,OFF
2026-03-09T20:20:17.000Z,55.3,11.8,10.5,OFF
2026-03-09T20:21:17.000Z,55.3,11.8,10.5,OFF
2026-03-09T20:22:17.000Z,55.3,11.6,10.5,OFF
2026-03-09T20:23:17.000Z,55.3,11.5,10.5,OFF
2026-03-09T20:24:17.000Z,55.3,11.7,10.4,OFF
2026-03-09T20:25:17.000Z,55.3,11.7,10.4,OFF
2026-03-09T20:26:17.000Z,55.3,11.7,10.4,OFF
2026-03-09T20:27:17.000Z,55.2,11.7,10.4,OFF
2026-03-09T20:28:17.000Z,55.3,11.6,10.4,OFF
2026-03-09T20:29:17.000Z,55.3,11.9,10.4,OFF
2026-03-09T20:30:17.000Z,55.3,11.6,10.4,OFF
2026-03-09T20:31:17.000Z,55.3,11.7,10.4,OFF
2026-03-09T20:32:17.000Z,55.3,11.7,10.4,OFF
2026-03-09T20:33:17.000Z,55.3,11.7,10.4,OFF
2026-03-09T20:34:17.000Z,55.3,11.6,10.4,OFF
2026-03-09T20:35:17.000Z,55.3,11.8,10.4,OFF
2026-03-09T20:36:17.000Z,55.3,11.6,10.5,OFF
2026-03-09T20:37:17.000Z,55.3,11.6,10.5,OFF
2026-03-09T20:38:17.000Z,55.2,11.7,10.5,OFF
2026-03-09T20:39:17.000Z,55.3,11.7,10.5,OFF
2026-03-09T20:40:17.000Z,55.3,11.5,10.5,OFF
2026-03-09T20:41:17.000Z,55.3,11.5,10.5,OFF
2026-03-09T20:42:17.000Z,55.3,11.5,10.6,OFF
2026-03-09T20:43:17.000Z,55.3,11.5,10.6,OFF
2026-03-09T20:44:17.000Z,55.3,11.4,10.6,OFF
2026-03-09T20:45:17.000Z,55.3,11.4,10.6,OFF
2026-03-09T20:46:17.000Z,55.3,11.6,10.6,OFF
2026-03-09T20:47:17.000Z,55.3,11.4,10.6,OFF
2026-03-09T20:48:17.000Z,55.3,11.5,10.6,OFF
2026-03-09T20:49:17.000Z,55.3,11.4,10.6,OFF
2026-03-09T20:50:17.000Z,55.3,11.6,10.6,OFF
2026-03-09T20:51:17.000Z,55.3,11.7,10.6,OFF
2026-03-09T20:52:17.000Z,55.3,11.4,10.6,OFF
2026-03-09T20:53:17.000Z,55.3,11.9,10.6,OFF
2026-03-09T20:54:17.000Z,55.3,11.5,10.6,OFF
2026-03-09T20:55:17.000Z,55.3,11.5,10.6,OFF
2026-03-09T20:56:17.000Z,55.3,11.6,10.6,OFF
2026-03-09T20:57:17.000Z,55.2,11.7,10.6,OFF
2026-03-09T20:58:17.000Z,55.3,11.5,10.6,OFF
2026-03-09T20:59:17.000Z,55.3,11.5,10.6,OFF
2026-03-09T21:00:17.000Z,55.3,11.6,10.6,OFF
2026-03-09T21:01:17.000Z,55.3,11.7,10.6,OFF
2026-03-09T21:02:17.000Z,55.3,11.7,10.6,OFF
2026-03-09T21:03:17.000Z,55.3,11.6,10.6,OFF
2026-03-09T21:04:17.000Z,55.3,11.8,10.7,OFF
2026-03-09T21:05:17.000Z,55.2,11.6,10.7,OFF
2026-03-09T21:06:17.000Z,55.3,11.8,10.7,OFF
2026-03-09T21:07:17.000Z,55.3,11.7,10.7,OFF
2026-03-09T21:08:17.000Z,55.3,11.8,10.7,OFF
2026-03-09T21:09:17.000Z,55.3,11.5,10.7,OFF
2026-03-09T21:10:17.000Z,55.3,11.4,10.7,OFF
2026-03-09T21:11:17.000Z,55.3,11.6,10.7,OFF
2026-03-09T21:12:17.000Z,55.3,11.5,10.8,OFF
2026-03-09T21:13:17.000Z,55.3,11.4,10.8,OFF
2026-03-09T21:14:17.000Z,55.3,11.5,10.8,OFF
2026-03-09T21:15:17.000Z,55.3,11.5,10.8,OFF
2026-03-09T21:16:17.000Z,55.3,11.5,10.8,OFF
2026-03-09T21:17:17.000Z,55.3,11.5,10.8,OFF
2026-03-09T21:18:17.000Z,55.3,11.5,10.8,OFF
2026-03-09T21:19:17.000Z,55.3,11.6,10.8,OFF
2026-03-09T21:20:17.000Z,55.3,11.6,10.8,OFF
2026-03-09T21:21:17.000Z,55.3,11.1,10.8,OFF
2026-03-09T21:22:17.000Z,55.3,11.2,10.8,OFF
2026-03-09T21:23:17.000Z,55.3,11.4,10.8,OFF
2026-03-09T21:24:17.000Z,55.3,11.4,10.8,OFF
2026-03-09T21:25:17.000Z,55.3,11.3,10.8,OFF
2026-03-09T21:26:17.000Z,55.3,11.3,10.8,OFF
2026-03-09T21:27:17.000Z,55.3,11.3,10.8,OFF
2026-03-09T21:28:17.000Z,55.3,11.3,10.8,OFF
2026-03-09T21:29:17.000Z,55.3,11.4,10.8,OFF
2026-03-09T21:30:17.000Z,55.3,11.3,10.8,OFF
2026-03-09T21:31:17.000Z,55.3,11.3,10.8,OFF
2026-03-09T21:32:17.000Z,55.3,11.4,10.8,OFF
2026-03-09T21:33:17.000Z,55.4,11.5,10.8,OFF
2026-03-09T21:34:17.000Z,55.3,11.2,10.8,OFF
2026-03-09T21:35:17.000Z,55.3,11.4,10.8,OFF
2026-03-09T21:36:17.000Z,55.2,11.4,10.8,OFF
2026-03-09T21:37:17.000Z,55.3,11.4,10.8,OFF
2026-03-09T21:38:17.000Z,55.3,11.5,10.8,OFF
2026-03-09T21:39:17.000Z,55.3,11.3,10.8,OFF
2026-03-09T21:40:17.000Z,55.3,11.5,10.8,OFF
2026-03-09T21:41:17.000Z,55.3,11.3,10.8,OFF
2026-03-09T21:42:17.000Z,55.3,11.4,10.8,OFF
2026-03-09T21:43:17.000Z,55.3,11.5,10.8,OFF
2026-03-09T21:44:17.000Z,55.3,11.1,10.8,OFF
2026-03-09T21:45:17.000Z,55.3,11.3,10.8,OFF
2026-03-09T21:46:17.000Z,55.3,11.3,10.8,OFF
2026-03-09T21:47:17.000Z,55.3,11.4,10.8,OFF
2026-03-09T21:48:17.000Z,55.3,11.2,10.8,OFF
2026-03-09T21:49:17.000Z,55.4,11.2,10.8,OFF
2026-03-09T21:50:17.000Z,55.3,11,10.8,OFF
2026-03-09T21:51:17.000Z,55.3,11.2,10.8,OFF
2026-03-09T21:52:17.000Z,55.4,11.2,10.8,OFF
2026-03-09T21:53:17.000Z,55.4,11.1,10.8,OFF
2026-03-09T21:54:17.000Z,55.3,10.9,10.8,OFF
2026-03-09T21:55:17.000Z,55.3,10.9,10.8,OFF
2026-03-09T21:56:17.000Z,55.3,11.3,10.8,OFF
2026-03-09T21:57:17.000Z,55.3,10.7,10.8,OFF
2026-03-09T21:58:17.000Z,55.4,10.7,10.8,OFF
2026-03-09T21:59:17.000Z,55.3,10.7,10.8,OFF
2026-03-09T22:00:17.000Z,55.3,10.8,10.8,OFF
2026-03-09T22:01:17.000Z,55.4,10.8,10.8,OFF
2026-03-09T22:02:17.000Z,55.3,10.6,10.8,OFF
2026-03-09T22:03:17.000Z,55.3,10.9,10.8,OFF
2026-03-09T22:04:17.000Z,55.4,10.9,10.8,OFF
2026-03-09T22:05:17.000Z,55.4,10.8,10.8,OFF
2026-03-09T22:06:17.000Z,55.4,10.7,10.8,OFF
2026-03-09T22:07:17.000Z,55.4,10.9,10.8,OFF
2026-03-09T22:08:17.000Z,55.3,11,10.8,OFF
2026-03-09T22:09:17.000Z,55.4,11.1,10.8,OFF
2026-03-09T22:10:17.000Z,55.4,10.9,10.8,OFF
2026-03-09T22:11:17.000Z,55.4,10.7,10.8,OFF
2026-03-09T22:12:17.000Z,55.4,10.9,10.8,OFF
2026-03-09T22:13:17.000Z,55.4,10.9,10.8,OFF
2026-03-09T22:14:17.000Z,55.4,10.9,10.8,OFF
2026-03-09T22:15:17.000Z,55.4,10.9,10.8,OFF
2026-03-09T22:16:17.000Z,55.4,10.9,10.8,OFF
2026-03-09T22:17:17.000Z,55.4,10.5,10.8,OFF
2026-03-09T22:18:17.000Z,55.4,10.6,10.8,OFF
2026-03-09T22:19:17.000Z,55.4,10.6,10.8,OFF
2026-03-09T22:20:17.000Z,55.4,10.8,10.8,OFF
2026-03-09T22:21:17.000Z,55.4,10.8,10.8,OFF
2026-03-09T22:22:17.000Z,55.4,10.7,10.8,OFF
2026-03-09T22:23:17.000Z,55.4,10.9,10.8,OFF
2026-03-09T22:24:17.000Z,55.4,10.8,10.8,OFF
2026-03-09T22:25:17.000Z,55.4,10.8,10.8,OFF
2026-03-09T22:26:17.000Z,55.4,10.6,10.8,OFF
2026-03-09T22:27:17.000Z,55.4,10.9,10.8,OFF
2026-03-09T22:28:17.000Z,55.4,10.9,10.8,OFF
2026-03-09T22:29:17.000Z,55.4,10.9,10.8,OFF
2026-03-09T22:30:17.000Z,55.4,10.7,10.8,OFF
2026-03-09T22:31:17.000Z,55.3,10.6,10.8,OFF
2026-03-09T22:32:17.000Z,55.4,10.5,10.8,OFF
2026-03-09T22:33:17.000Z,55.4,10.6,10.8,OFF
2026-03-09T22:34:17.000Z,55.4,10.6,10.8,OFF
2026-03-09T22:35:17.000Z,55.4,10.2,10.8,OFF
2026-03-09T22:36:17.000Z,55.3,10.9,10.8,OFF
2026-03-09T22:37:17.000Z,55.3,11.3,10.8,OFF
2026-03-09T22:38:17.000Z,55.3,11.6,10.8,OFF
2026-03-09T22:39:17.000Z,55.2,11.7,10.8,OFF
2026-03-09T22:40:17.000Z,55.3,11.8,10.8,OFF
2026-03-09T22:41:17.000Z,55.3,12.1,10.8,OFF
2026-03-09T22:42:17.000Z,55.2,12.1,10.8,OFF
2026-03-09T22:43:17.000Z,55.2,12.3,10.8,OFF
2026-03-09T22:44:17.000Z,55.2,12.4,10.8,OFF
2026-03-09T22:45:17.000Z,55.2,12.4,10.8,OFF
2026-03-09T22:46:17.000Z,55.2,12.4,10.8,OFF
2026-03-09T22:47:17.000Z,55.1,12.6,10.8,OFF
2026-03-09T22:48:17.000Z,55.2,12.7,10.8,OFF
2026-03-09T22:49:17.000Z,55.2,12.9,10.8,OFF
2026-03-09T22:50:17.000Z,55.2,12.9,10.8,OFF
2026-03-09T22:51:17.000Z,55.2,12.9,10.8,OFF
2026-03-09T22:52:17.000Z,55.1,13,10.8,OFF
2026-03-09T22:53:17.000Z,55.2,13,10.8,OFF
2026-03-09T22:54:17.000Z,55.1,12.9,10.8,OFF
2026-03-09T22:55:17.000Z,55.1,13,10.8,OFF
2026-03-09T22:56:17.000Z,55.1,13.1,10.8,OFF
2026-03-09T22:57:17.000Z,55.1,13,10.8,OFF
2026-03-09T22:58:17.000Z,55.1,13.1,10.8,OFF
2026-03-09T22:59:17.000Z,55,13.2,10.8,OFF
2026-03-09T23:00:17.000Z,55.1,13.2,10.8,OFF
2026-03-09T23:01:17.000Z,55.1,13.2,10.8,OFF
2026-03-09T23:02:17.000Z,55.1,13.3,10.8,OFF
2026-03-09T23:03:17.000Z,55.1,13.3,10.8,OFF
2026-03-09T23:04:17.000Z,55.1,13.3,10.8,OFF
2026-03-09T23:05:17.000Z,55,13.3,10.8,OFF
2026-03-09T23:06:17.000Z,55.1,13.4,10.8,OFF
2026-03-09T23:07:17.000Z,55,13.4,10.8,OFF
2026-03-09T23:08:17.000Z,55,13.5,10.8,OFF
2026-03-09T23:09:17.000Z,55,13.5,10.8,OFF
2026-03-09T23:10:17.000Z,55,13.5,10.8,OFF
2026-03-09T23:11:17.000Z,55,13.5,10.8,OFF
2026-03-09T23:12:17.000Z,55.1,13.4,10.8,OFF
2026-03-09T23:13:17.000Z,55,13.6,10.8,OFF
2026-03-09T23:14:17.000Z,55,13.6,10.8,OFF
2026-03-09T23:15:17.000Z,55,13.5,10.8,OFF
2026-03-09T23:16:17.000Z,55,13.8,10.8,OFF
2026-03-09T23:17:17.000Z,54.9,13.5,10.8,OFF
2026-03-09T23:18:17.000Z,54.9,13.5,10.8,OFF
2026-03-09T23:19:17.000Z,54.9,13.7,10.8,OFF
2026-03-09T23:20:17.000Z,54.9,13.6,10.8,OFF
2026-03-09T23:21:17.000Z,54.9,13.6,10.8,OFF
2026-03-09T23:22:17.000Z,54.9,13.7,10.8,OFF
2026-03-09T23:23:17.000Z,54.9,13.8,10.8,OFF
2026-03-09T23:24:17.000Z,54.9,13.8,10.8,OFF
2026-03-09T23:25:17.000Z,54.9,13.8,10.8,OFF
2026-03-09T23:26:17.000Z,54.9,13.9,10.8,OFF
2026-03-09T23:27:17.000Z,54.9,13.8,10.8,OFF
2026-03-09T23:28:17.000Z,54.9,13.9,10.8,OFF
2026-03-09T23:29:17.000Z,54.9,13.9,10.8,OFF
2026-03-09T23:30:17.000Z,54.9,13.9,10.8,OFF
2026-03-09T23:31:17.000Z,54.9,13.9,10.8,OFF
2026-03-09T23:32:17.000Z,54.9,14,10.8,OFF
2026-03-09T23:33:17.000Z,54.9,13.8,10.8,OFF
2026-03-09T23:34:17.000Z,54.9,14,10.8,OFF
2026-03-09T23:35:17.000Z,54.9,13.9,10.8,OFF
2026-03-09T23:36:17.000Z,54.9,14,10.8,OFF
2026-03-09T23:37:17.000Z,54.9,13.9,10.8,OFF
2026-03-09T23:38:17.000Z,54.9,14,10.8,OFF
2026-03-09T23:39:17.000Z,54.9,13.9,10.8,OFF
2026-03-09T23:40:17.000Z,54.9,14,10.8,OFF
2026-03-09T23:41:17.000Z,54.9,14,10.8,OFF
2026-03-09T23:42:17.000Z,54.9,14.1,9.2,OFF
2026-03-09T23:43:17.000Z,54.9,14.1,9.2,OFF
2026-03-09T23:44:17.000Z,54.9,14.2,9.2,OFF
2026-03-09T23:45:17.000Z,54.8,14.1,9.2,OFF
2026-03-09T23:46:17.000Z,54.9,14.3,9.2,OFF
2026-03-09T23:47:17.000Z,54.9,14.2,9.2,OFF
2026-03-09T23:48:17.000Z,54.9,14.3,9.2,OFF
2026-03-09T23:49:17.000Z,54.9,14.2,9.2,OFF
2026-03-09T23:50:17.000Z,54.8,14.2,9.2,OFF
2026-03-09T23:51:17.000Z,54.9,14.3,9.2,OFF
2026-03-09T23:52:17.000Z,54.8,14.2,9.2,OFF
2026-03-09T23:53:17.000Z,54.8,14,9.2,OFF
2026-03-09T23:54:17.000Z,54.9,14.1,9.2,OFF
2026-03-09T23:55:17.000Z,54.8,14.3,9.2,OFF
2026-03-09T23:56:17.000Z,54.8,14.4,9.2,OFF
2026-03-09T23:57:17.000Z,54.8,14.2,9.2,OFF
2026-03-09T23:58:17.000Z,54.9,14.3,9.2,OFF
2026-03-09T23:59:17.000Z,54.8,14.3,9.2,OFF
2026-03-10T00:00:17.000Z,54.8,14.4,9.2,OFF
2026-03-10T00:01:17.000Z,54.8,14.4,9.2,OFF
2026-03-10T00:02:17.000Z,54.8,14.4,9.2,OFF
2026-03-10T00:03:17.000Z,54.9,13.9,9.2,OFF
2026-03-10T00:04:17.000Z,54.9,12.5,9.2,OFF
2026-03-10T00:05:17.000Z,55,11.5,9.2,OFF
2026-03-10T00:06:17.000Z,55.1,11.9,9.2,OFF
2026-03-10T00:07:17.000Z,55.2,11.7,9.2,OFF
2026-03-10T00:08:17.000Z,55.2,11.2,9.2,OFF
2026-03-10T00:09:17.000Z,55.2,11.2,9.2,OFF
2026-03-10T00:10:17.000Z,55.2,11,9.2,OFF
2026-03-10T00:11:17.000Z,55.3,11,9.2,OFF
2026-03-10T00:12:17.000Z,55.3,11,9.2,OFF
2026-03-10T00:13:17.000Z,55.3,10.3,9.2,OFF
2026-03-10T00:14:17.000Z,55.3,10.4,9.2,OFF
2026-03-10T00:15:17.000Z,55.3,10.3,9.2,OFF
2026-03-10T00:16:17.000Z,55.4,10,9.2,OFF
2026-03-10T00:17:17.000Z,55.3,10.1,9.2,OFF
2026-03-10T00:18:17.000Z,55.4,10,9.2,OFF
2026-03-10T00:19:17.000Z,55.4,10.3,9.2,OFF
2026-03-10T00:20:17.000Z,55.4,10.2,9.2,OFF
2026-03-10T00:21:17.000Z,55.4,10.3,9.2,OFF
2026-03-10T00:22:17.000Z,55.4,10.2,9.2,OFF
2026-03-10T00:23:17.000Z,55.4,10,9.2,OFF
2026-03-10T00:24:17.000Z,55.4,9.9,9.2,OFF
2026-03-10T00:25:17.000Z,55.4,10.2,9.2,OFF
2026-03-10T00:26:17.000Z,55.4,10,9.2,OFF
2026-03-10T00:27:17.000Z,55.4,10.2,9.2,OFF
2026-03-10T00:28:17.000Z,55.5,9.9,9.2,OFF
2026-03-10T00:29:17.000Z,55.5,10,9.2,OFF
2026-03-10T00:30:17.000Z,55.5,9.7,9.2,OFF
2026-03-10T00:31:17.000Z,55.5,9.7,9.2,OFF
2026-03-10T00:32:17.000Z,55.5,9.8,9.2,OFF
2026-03-10T00:33:17.000Z,55.5,9.9,9.2,OFF
2026-03-10T00:34:17.000Z,55.5,9.8,9.2,OFF
2026-03-10T00:35:17.000Z,55.5,9.8,9.2,OFF
2026-03-10T00:36:17.000Z,55.5,9.5,9.2,OFF
2026-03-10T00:37:17.000Z,55.5,9.5,9.2,OFF
2026-03-10T00:38:17.000Z,55.5,9.6,9.2,OFF
2026-03-10T00:39:17.000Z,55.5,9.7,9.2,OFF
2026-03-10T00:40:17.000Z,55.5,10.1,9.2,OFF
2026-03-10T00:41:17.000Z,55.5,9.7,9.2,OFF
2026-03-10T00:42:17.000Z,55.5,9.8,9.2,OFF
2026-03-10T00:43:17.000Z,55.5,9.4,9.2,OFF
2026-03-10T00:44:17.000Z,55.5,9.6,9.2,OFF
2026-03-10T00:45:17.000Z,55.5,9.6,9.2,OFF
2026-03-10T00:46:17.000Z,55.5,9.5,9.2,OFF
2026-03-10T00:47:17.000Z,55.5,9.6,9.2,OFF
2026-03-10T00:48:17.000Z,55.5,9.5,9.2,OFF
2026-03-10T00:49:17.000Z,55.5,9.9,9.2,OFF
2026-03-10T00:50:17.000Z,55.5,9.6,9.2,OFF
2026-03-10T00:51:17.000Z,55.5,9.6,9.2,OFF
2026-03-10T00:52:17.000Z,55.5,9.5,9.2,OFF
2026-03-10T00:53:17.000Z,55.5,9.7,9.2,OFF
2026-03-10T00:54:17.000Z,55.6,9.7,9.2,OFF
2026-03-10T00:55:17.000Z,55.5,9.6,9.2,OFF
2026-03-10T00:56:17.000Z,55.6,9.4,9.2,OFF
2026-03-10T00:57:17.000Z,55.6,9.6,8.8,OFF
2026-03-10T00:58:17.000Z,55.5,9.7,8.8,OFF
2026-03-10T00:59:17.000Z,55.6,9.7,8.8,OFF
2026-03-10T01:00:17.000Z,55.5,9.5,8.8,OFF
2026-03-10T01:01:17.000Z,55.6,9.4,8.8,OFF
2026-03-10T01:02:17.000Z,55.6,9.5,8.8,OFF
2026-03-10T01:03:17.000Z,55.5,9.8,8.8,OFF
2026-03-10T01:04:17.000Z,55.5,10.3,8.8,OFF
2026-03-10T01:05:17.000Z,55.5,10.7,8.8,OFF
2026-03-10T01:06:17.000Z,55.4,11.1,8.8,OFF
2026-03-10T01:07:17.000Z,55.4,11.3,8.8,OFF
2026-03-10T01:08:17.000Z,55.3,11.5,8.8,OFF
2026-03-10T01:09:17.000Z,55.3,11.6,8.8,OFF
2026-03-10T01:10:17.000Z,55.3,11.8,8.8,OFF
2026-03-10T01:11:17.000Z,55.3,11.9,8.8,OFF
2026-03-10T01:12:17.000Z,55.3,12.1,8.8,OFF
2026-03-10T01:13:17.000Z,55.2,12.2,8.8,OFF
2026-03-10T01:14:17.000Z,55.2,12.2,8.8,OFF
2026-03-10T01:15:17.000Z,55.2,12.3,8.8,OFF
2026-03-10T01:16:17.000Z,55.2,12.4,8.8,OFF
2026-03-10T01:17:17.000Z,55.2,12.6,8.8,OFF
2026-03-10T01:18:17.000Z,55.1,12.6,8.8,OFF
2026-03-10T01:19:17.000Z,55.1,12.7,8.8,OFF
2026-03-10T01:20:17.000Z,55.1,12.6,8.8,OFF
2026-03-10T01:21:17.000Z,55.1,12.8,8.8,OFF
2026-03-10T01:22:17.000Z,55.1,12.8,8.8,OFF
2026-03-10T01:23:17.000Z,55.1,12.9,8.8,OFF
2026-03-10T01:24:17.000Z,55.1,12.9,8.8,OFF
2026-03-10T01:25:17.000Z,55.1,13,8.8,OFF
2026-03-10T01:26:17.000Z,55.1,13,8.8,OFF
2026-03-10T01:27:17.000Z,55.1,13.1,8.8,OFF
2026-03-10T01:28:17.000Z,55,13.1,8.8,OFF
2026-03-10T01:29:17.000Z,55,13.2,8.8,OFF
2026-03-10T01:30:17.000Z,55,13.2,8.8,OFF
2026-03-10T01:31:17.000Z,55,13.3,8.8,OFF
2026-03-10T01:32:17.000Z,55,13.3,8.8,OFF
2026-03-10T01:33:17.000Z,55,13.4,8.8,OFF
2026-03-10T01:34:17.000Z,55,13.5,8.8,OFF
2026-03-10T01:35:17.000Z,55,13.4,8.8,OFF
2026-03-10T01:36:17.000Z,55,13.5,8.8,OFF
2026-03-10T01:37:17.000Z,55,13.4,8.8,OFF
2026-03-10T01:38:17.000Z,55,13.4,8.9,OFF
2026-03-10T01:39:17.000Z,55,13.5,8.9,OFF
2026-03-10T01:40:17.000Z,55,13.4,8.9,OFF
2026-03-10T01:41:17.000Z,55,13.5,8.9,OFF
2026-03-10T01:42:17.000Z,55,13.6,8.9,OFF
2026-03-10T01:43:17.000Z,54.9,13.5,8.9,OFF
2026-03-10T01:44:17.000Z,55,13.6,8.9,OFF
2026-03-10T01:45:17.000Z,55,13.5,8.9,OFF
2026-03-10T01:46:17.000Z,55,13.7,8.9,OFF
2026-03-10T01:47:17.000Z,55,13.6,8.9,OFF
2026-03-10T01:48:17.000Z,55,13.7,8.9,OFF
2026-03-10T01:49:17.000Z,55,13.8,8.9,OFF
2026-03-10T01:50:17.000Z,54.9,13.8,8.9,OFF
2026-03-10T01:51:17.000Z,55,13.8,8.9,OFF
2026-03-10T01:52:17.000Z,55,13.9,8.9,OFF
2026-03-10T01:53:17.000Z,54.9,13.9,8.9,OFF
2026-03-10T01:54:17.000Z,54.9,13.8,8.9,OFF
2026-03-10T01:55:17.000Z,55,13.8,8.9,OFF
2026-03-10T01:56:17.000Z,55,13.7,8.9,OFF
2026-03-10T01:57:17.000Z,54.9,13.8,8.9,OFF
2026-03-10T01:58:17.000Z,54.9,13.9,8.9,OFF
2026-03-10T01:59:17.000Z,54.9,13.8,8.9,OFF
2026-03-10T02:00:17.000Z,54.9,13.8,8.9,OFF
2026-03-10T02:01:17.000Z,54.9,13.9,8.9,OFF
2026-03-10T02:02:17.000Z,54.9,14,8.9,OFF
2026-03-10T02:03:17.000Z,54.9,14,8.9,OFF
2026-03-10T02:04:17.000Z,54.9,14,8.9,OFF
2026-03-10T02:05:17.000Z,54.9,14.1,8.9,OFF
2026-03-10T02:06:17.000Z,54.9,14,8.9,OFF
2026-03-10T02:07:17.000Z,54.9,14.1,8.9,OFF
2026-03-10T02:08:17.000Z,54.9,14,8.9,OFF
2026-03-10T02:09:17.000Z,54.9,13.9,8.9,OFF
2026-03-10T02:10:17.000Z,54.9,14.1,8.9,OFF
2026-03-10T02:11:17.000Z,54.9,14.1,8.9,OFF
2026-03-10T02:12:17.000Z,54.9,14,8.9,OFF
2026-03-10T02:13:17.000Z,54.9,14,8.9,OFF
2026-03-10T02:14:17.000Z,54.9,14.1,8.9,OFF
2026-03-10T02:15:17.000Z,54.9,14.1,8.9,OFF
2026-03-10T02:16:17.000Z,54.9,14.1,8.9,OFF
2026-03-10T02:17:17.000Z,54.9,14.2,8.9,OFF
2026-03-10T02:18:17.000Z,54.9,14.2,8.9,OFF
2026-03-10T02:19:17.000Z,54.9,14.3,8.9,OFF
2026-03-10T02:20:17.000Z,54.9,14.2,8.9,OFF
2026-03-10T02:21:17.000Z,54.9,14.1,8.9,OFF
2026-03-10T02:22:17.000Z,54.9,14.1,8.9,OFF
2026-03-10T02:23:17.000Z,54.9,14.1,8.9,OFF
2026-03-10T02:24:17.000Z,54.9,14.1,8.9,OFF
2026-03-10T02:25:17.000Z,54.9,14.2,8.9,OFF
2026-03-10T02:26:17.000Z,54.8,14.2,8.9,OFF
2026-03-10T02:27:17.000Z,54.9,14.3,8.9,OFF
2026-03-10T02:28:17.000Z,54.9,14.2,8.9,OFF
2026-03-10T02:29:17.000Z,54.9,14.3,9,OFF
2026-03-10T02:30:17.000Z,54.9,14.3,9,OFF
2026-03-10T02:31:17.000Z,54.9,14.4,9,OFF
2026-03-10T02:32:17.000Z,54.8,14.2,9,OFF
2026-03-10T02:33:17.000Z,54.9,14.3,9,OFF
2026-03-10T02:34:17.000Z,54.9,14.3,9,OFF
2026-03-10T02:35:17.000Z,54.9,14.3,9,OFF
2026-03-10T02:36:17.000Z,54.9,14.4,9,OFF
2026-03-10T02:37:17.000Z,54.8,14.3,9,OFF
2026-03-10T02:38:17.000Z,54.8,14.4,9,OFF
2026-03-10T02:39:17.000Z,54.8,14.4,9,OFF
2026-03-10T02:40:17.000Z,54.9,14.4,9,OFF
2026-03-10T02:41:17.000Z,54.9,14.5,9,OFF
2026-03-10T02:42:17.000Z,54.8,14.5,9,OFF
2026-03-10T02:43:17.000Z,54.9,14.6,9,OFF
2026-03-10T02:44:17.000Z,54.8,14.6,9,OFF
2026-03-10T02:45:17.000Z,54.8,14.6,9,OFF
2026-03-10T02:46:17.000Z,54.8,14.5,9,OFF
2026-03-10T02:47:17.000Z,54.8,14.4,9,OFF
2026-03-10T02:48:17.000Z,54.8,14.7,9,OFF
2026-03-10T02:49:17.000Z,54.8,14.5,9,OFF
2026-03-10T02:50:17.000Z,54.8,14.3,9,OFF
2026-03-10T02:51:17.000Z,54.9,14.5,9,OFF
2026-03-10T02:52:17.000Z,54.8,14.5,9,OFF
2026-03-10T02:53:17.000Z,54.8,14.5,9,OFF
2026-03-10T02:54:17.000Z,54.9,14.6,9,OFF
2026-03-10T02:55:17.000Z,54.9,14.6,9,OFF
2026-03-10T02:56:17.000Z,54.9,14.6,9,OFF
2026-03-10T02:57:17.000Z,54.8,14.5,9,OFF
2026-03-10T02:58:17.000Z,54.8,14.5,9,OFF
2026-03-10T02:59:17.000Z,54.8,14.5,9,OFF
2026-03-10T03:00:17.000Z,54.9,14.6,9,OFF
2026-03-10T03:01:17.000Z,54.8,14.6,9,OFF
2026-03-10T03:02:17.000Z,54.8,14.6,9,OFF
2026-03-10T03:03:17.000Z,54.9,14.7,9,OFF
2026-03-10T03:04:17.000Z,54.8,14.7,9,OFF
2026-03-10T03:05:17.000Z,54.8,14.6,9,OFF
2026-03-10T03:06:17.000Z,54.8,14.4,9,OFF
2026-03-10T03:07:17.000Z,54.9,14.5,9,OFF
2026-03-10T03:08:17.000Z,54.8,14.5,9,OFF
2026-03-10T03:09:17.000Z,54.8,14.6,9,OFF
2026-03-10T03:10:17.000Z,54.9,14.6,9,OFF
2026-03-10T03:11:17.000Z,54.9,14.6,9,OFF
2026-03-10T03:12:17.000Z,54.9,14.6,9,OFF
2026-03-10T03:13:17.000Z,54.9,14.7,9,OFF
2026-03-10T03:14:17.000Z,54.9,14.7,9,OFF
2026-03-10T03:15:17.000Z,54.9,14.6,9,OFF
2026-03-10T03:16:17.000Z,54.8,14.6,9,OFF
2026-03-10T03:17:17.000Z,54.8,14.6,9,OFF
2026-03-10T03:18:17.000Z,54.8,14.5,9,OFF
2026-03-10T03:19:17.000Z,54.9,14.7,9,OFF
2026-03-10T03:20:17.000Z,54.9,14.7,9,OFF
2026-03-10T03:21:17.000Z,54.9,14.6,9,OFF
2026-03-10T03:22:17.000Z,54.8,14.6,9,OFF
2026-03-10T03:23:17.000Z,54.9,14.7,9.2,OFF
2026-03-10T03:24:17.000Z,54.8,14.8,9.2,OFF
2026-03-10T03:25:17.000Z,54.9,14.4,9.2,OFF
2026-03-10T03:26:17.000Z,54.9,14.5,9.2,OFF
2026-03-10T03:27:17.000Z,54.8,14.7,9.2,OFF
2026-03-10T03:28:17.000Z,54.8,14.7,9.2,OFF
2026-03-10T03:29:17.000Z,54.8,14.7,9.2,OFF
2026-03-10T03:30:17.000Z,54.9,14.6,9.2,OFF
2026-03-10T03:31:17.000Z,54.8,14.7,9.2,OFF
2026-03-10T03:32:17.000Z,54.8,14.8,9.2,OFF
2026-03-10T03:33:17.000Z,54.9,14.7,9.2,OFF
2026-03-10T03:34:17.000Z,54.9,14.8,9.2,OFF
2026-03-10T03:35:17.000Z,54.9,14.6,9.2,OFF
2026-03-10T03:36:17.000Z,54.9,14.5,9.2,OFF
2026-03-10T03:37:17.000Z,54.9,14.6,9.2,OFF
2026-03-10T03:38:17.000Z,54.8,14.6,9.2,OFF
2026-03-10T03:39:17.000Z,54.9,14.6,9.2,OFF
2026-03-10T03:40:17.000Z,54.9,14.7,9.2,OFF
2026-03-10T03:41:17.000Z,54.9,14.7,9.2,OFF
2026-03-10T03:42:16.000Z,54.8,14.7,9.2,OFF
2026-03-10T03:43:16.000Z,54.8,14.8,9.2,OFF
2026-03-10T03:44:16.000Z,54.8,14.8,9.2,OFF
2026-03-10T03:45:16.000Z,54.8,14.7,9.2,OFF
2026-03-10T03:46:16.000Z,54.9,14.7,9.2,OFF
2026-03-10T03:47:16.000Z,54.9,14.6,9.2,OFF
2026-03-10T03:48:16.000Z,54.8,14.6,9.2,OFF
2026-03-10T03:49:16.000Z,54.9,14.6,9.2,OFF
2026-03-10T03:50:16.000Z,54.8,14.7,9.2,OFF
2026-03-10T03:51:16.000Z,54.9,14.7,9.2,OFF
2026-03-10T03:52:16.000Z,54.9,14.7,9.2,OFF
2026-03-10T03:53:16.000Z,54.9,14.7,9.2,OFF
2026-03-10T03:54:16.000Z,54.9,14.8,9.2,OFF
2026-03-10T03:55:16.000Z,54.9,14.8,9.2,OFF
2026-03-10T03:56:16.000Z,54.8,14.7,9.2,OFF
2026-03-10T03:57:16.000Z,54.8,14.6,9.2,OFF
2026-03-10T03:58:16.000Z,54.9,14.4,9.2,OFF
2026-03-10T03:59:16.000Z,54.9,14.8,9.2,OFF
2026-03-10T04:00:16.000Z,54.9,14.6,9.2,OFF
2026-03-10T04:01:16.000Z,54.9,14.6,9.2,OFF
2026-03-10T04:02:16.000Z,54.9,14.7,9.2,OFF
2026-03-10T04:03:16.000Z,54.9,14.8,9.2,OFF
2026-03-10T04:04:16.000Z,54.9,14.7,9.2,OFF
2026-03-10T04:05:16.000Z,54.8,14.8,9.2,OFF
2026-03-10T04:06:16.000Z,54.9,14.8,9.2,OFF
2026-03-10T04:07:16.000Z,54.8,14.9,9.2,OFF
2026-03-10T04:08:16.000Z,54.8,14.7,9,OFF
2026-03-10T04:09:16.000Z,54.9,14.6,9,OFF
2026-03-10T04:10:16.000Z,54.9,14.6,9,OFF
2026-03-10T04:11:16.000Z,54.9,14.8,9,OFF
2026-03-10T04:12:16.000Z,54.8,14.7,9,OFF
2026-03-10T04:13:16.000Z,54.9,14.7,9,OFF
2026-03-10T04:14:16.000Z,54.9,14.7,9,OFF
2026-03-10T04:15:16.000Z,54.8,14.7,9,OFF
2026-03-10T04:16:16.000Z,54.9,14.8,9,OFF
2026-03-10T04:17:16.000Z,54.9,14.9,9,OFF
2026-03-10T04:18:16.000Z,54.9,14.8,9,OFF
2026-03-10T04:19:16.000Z,54.9,14.8,9,OFF
2026-03-10T04:20:16.000Z,54.9,14.8,9,OFF
2026-03-10T04:21:16.000Z,54.9,14.7,9,OFF
2026-03-10T04:22:16.000Z,54.8,14.6,9,OFF
2026-03-10T04:23:16.000Z,54.8,14.8,9,OFF
2026-03-10T04:24:16.000Z,54.8,14.8,9,OFF
2026-03-10T04:25:16.000Z,54.9,14.8,9,OFF
2026-03-10T04:26:16.000Z,54.9,14.8,9,OFF
2026-03-10T04:27:16.000Z,54.8,14.9,9,OFF
2026-03-10T04:28:16.000Z,54.8,14.8,9,OFF
2026-03-10T04:29:16.000Z,54.8,14.9,9,OFF
2026-03-10T04:30:16.000Z,54.8,14.7,9,OFF
2026-03-10T04:31:16.000Z,54.9,14.6,9,OFF
2026-03-10T04:32:16.000Z,54.8,14.8,9,OFF
2026-03-10T04:33:16.000Z,54.9,14.7,9,OFF
2026-03-10T04:34:16.000Z,54.9,14.8,9,OFF
2026-03-10T04:35:16.000Z,54.9,14.7,9,OFF
2026-03-10T04:36:16.000Z,54.8,14.7,9,OFF
2026-03-10T04:37:16.000Z,54.8,14.9,9,OFF
2026-03-10T04:38:16.000Z,54.8,14.9,9,OFF
2026-03-10T04:39:16.000Z,54.8,15,9,OFF
2026-03-10T04:40:16.000Z,54.8,14.6,9,OFF
2026-03-10T04:41:16.000Z,54.8,14.8,9,OFF
2026-03-10T04:42:16.000Z,54.9,14.8,9.1,OFF
2026-03-10T04:43:16.000Z,54.8,14.8,9.1,OFF
2026-03-10T04:44:16.000Z,54.9,14.8,9.1,OFF
2026-03-10T04:45:16.000Z,54.8,14.7,9.1,OFF
2026-03-10T04:46:16.000Z,54.9,14.8,9.1,OFF
2026-03-10T04:47:16.000Z,54.9,14.9,9.1,OFF
2026-03-10T04:48:16.000Z,54.9,14.8,9.1,OFF
2026-03-10T04:49:16.000Z,54.9,14.8,9.1,OFF
2026-03-10T04:50:16.000Z,54.9,14.7,9.1,OFF
2026-03-10T04:51:16.000Z,54.9,14.7,9.1,OFF
2026-03-10T04:52:16.000Z,54.9,14.7,9,OFF
2026-03-10T04:53:16.000Z,54.9,14.7,9,OFF
2026-03-10T04:54:16.000Z,54.8,14.8,9,OFF
2026-03-10T04:55:16.000Z,54.9,14.8,9,OFF
2026-03-10T04:56:16.000Z,54.9,14.7,9,OFF
2026-03-10T04:57:16.000Z,54.9,14.8,9,OFF
2026-03-10T04:58:16.000Z,54.9,15.3,9,OFF
2026-03-10T04:59:16.000Z,54.9,14.9,9,OFF
2026-03-10T05:00:16.000Z,54.8,14.8,9,OFF
2026-03-10T05:01:16.000Z,54.9,14.9,9,OFF
2026-03-10T05:02:16.000Z,54.8,14.9,9,OFF
2026-03-10T05:03:16.000Z,54.8,14.9,9,OFF
2026-03-10T05:04:16.000Z,54.8,14.9,9,OFF
2026-03-10T05:05:16.000Z,54.9,14.9,9,OFF
2026-03-10T05:06:16.000Z,54.8,14.8,9,OFF
2026-03-10T05:07:16.000Z,54.8,14.7,9,OFF
2026-03-10T05:08:16.000Z,54.9,15,9,OFF
2026-03-10T05:09:16.000Z,54.9,14.9,8.8,OFF
2026-03-10T05:10:16.000Z,54.9,14.9,8.8,OFF
2026-03-10T05:11:16.000Z,54.9,14.8,8.8,OFF
2026-03-10T05:12:16.000Z,54.8,14.8,8.8,OFF
2026-03-10T05:13:16.000Z,54.9,14.8,8.8,OFF
2026-03-10T05:14:16.000Z,54.8,14.8,8.8,OFF
2026-03-10T05:15:16.000Z,54.9,14.7,8.8,OFF
2026-03-10T05:16:16.000Z,54.8,14.7,8.8,OFF
2026-03-10T05:17:16.000Z,54.9,14.8,8.8,OFF
2026-03-10T05:18:16.000Z,54.9,14.9,8.8,OFF
2026-03-10T05:19:16.000Z,54.9,14.9,8.8,OFF
2026-03-10T05:20:16.000Z,54.9,14.8,8.8,OFF
2026-03-10T05:21:16.000Z,54.9,14.9,8.8,OFF
2026-03-10T05:22:16.000Z,54.8,14.6,8.8,OFF
2026-03-10T05:23:16.000Z,54.8,14.7,8.8,OFF
2026-03-10T05:24:16.000Z,54.9,14.7,8.8,OFF
2026-03-10T05:25:16.000Z,54.8,14.9,8.8,OFF
2026-03-10T05:26:16.000Z,54.8,14.8,8.8,OFF
2026-03-10T05:27:16.000Z,54.9,14.9,8.8,OFF
2026-03-10T05:28:16.000Z,54.9,14.9,8.8,OFF
2026-03-10T05:29:16.000Z,54.8,15,8.8,OFF
2026-03-10T05:30:16.000Z,54.8,14.7,8.8,OFF
2026-03-10T05:31:16.000Z,54.8,14.9,8.8,OFF
2026-03-10T05:32:16.000Z,54.9,14.8,8.8,OFF
2026-03-10T05:33:16.000Z,54.8,14.8,8.8,OFF
2026-03-10T05:34:16.000Z,54.8,14.7,8.8,OFF
2026-03-10T05:35:16.000Z,54.9,14.9,8.8,OFF
2026-03-10T05:36:16.000Z,54.9,14.9,8.8,OFF
2026-03-10T05:37:16.000Z,54.8,14.9,8.4,OFF
2026-03-10T05:38:16.000Z,54.9,14.8,8.4,OFF
2026-03-10T05:39:16.000Z,54.9,14.9,8.4,OFF
2026-03-10T05:40:16.000Z,54.9,15,8.4,OFF
2026-03-10T05:41:16.000Z,54.9,14.8,8.4,OFF
2026-03-10T05:42:16.000Z,54.9,14.8,8.4,OFF
2026-03-10T05:43:16.000Z,54.9,14.8,8.4,OFF
2026-03-10T05:44:16.000Z,54.9,14.9,8.4,OFF
2026-03-10T05:45:16.000Z,54.8,14.9,8.4,OFF
2026-03-10T05:46:16.000Z,54.9,14.9,8.4,OFF
2026-03-10T05:47:16.000Z,54.9,14.9,8.3,OFF
2026-03-10T05:48:16.000Z,54.9,14.9,8.3,OFF
2026-03-10T05:49:16.000Z,54.9,15,8.3,OFF
2026-03-10T05:50:16.000Z,54.9,15,8.3,OFF
2026-03-10T05:51:16.000Z,54.9,14.9,8.3,OFF
2026-03-10T05:52:16.000Z,54.9,14.9,8.3,OFF
2026-03-10T05:53:16.000Z,54.9,14.7,8.3,OFF
2026-03-10T05:54:16.000Z,54.9,14.8,8.3,OFF
2026-03-10T05:55:16.000Z,54.9,14.9,8.2,OFF
2026-03-10T05:56:16.000Z,54.9,14.8,8.2,OFF
2026-03-10T05:57:16.000Z,54.8,14.9,8.2,OFF
2026-03-10T05:58:16.000Z,54.9,14.9,8.2,OFF
2026-03-10T05:59:16.000Z,54.9,14.9,8.2,OFF
2026-03-10T06:00:16.000Z,54.9,14.9,8.2,OFF
2026-03-10T06:01:16.000Z,54.9,15,8.2,OFF
2026-03-10T06:02:16.000Z,54.9,15,8.2,OFF
2026-03-10T06:03:16.000Z,54.8,14.9,8.2,OFF
2026-03-10T06:04:16.000Z,54.8,14.8,8.2,OFF
2026-03-10T06:05:16.000Z,54.9,14.7,8.2,OFF
2026-03-10T06:06:16.000Z,54.9,14.9,8.2,OFF
2026-03-10T06:07:16.000Z,54.9,14.9,8.2,OFF
2026-03-10T06:08:16.000Z,54.8,14.9,8.2,OFF
2026-03-10T06:09:16.000Z,54.9,14.9,8.2,OFF
2026-03-10T06:10:16.000Z,54.9,14.8,8.2,OFF
2026-03-10T06:11:16.000Z,54.8,15,8.2,OFF
2026-03-10T06:12:16.000Z,54.9,14.8,8.2,OFF
2026-03-10T06:13:16.000Z,54.9,14.9,8.2,OFF
2026-03-10T06:14:16.000Z,54.8,15,8.2,OFF
2026-03-10T06:15:16.000Z,54.9,14.9,8.3,OFF
2026-03-10T06:16:16.000Z,54.8,14.8,8.3,OFF
2026-03-10T06:17:16.000Z,54.9,14.9,8.3,OFF
2026-03-10T06:18:16.000Z,54.9,14.8,8.3,OFF
2026-03-10T06:19:16.000Z,54.9,15,8.3,OFF
2026-03-10T06:20:16.000Z,54.9,14.9,8.3,OFF
2026-03-10T06:21:16.000Z,54.9,15,8.3,OFF
2026-03-10T06:22:16.000Z,54.9,15.1,8.3,OFF
2026-03-10T06:23:16.000Z,54.9,14.8,8.3,OFF
2026-03-10T06:24:16.000Z,54.8,14.9,8.3,OFF
2026-03-10T06:25:16.000Z,54.9,14.8,8.3,OFF
2026-03-10T06:26:16.000Z,54.9,14.9,8.5,OFF
2026-03-10T06:27:16.000Z,54.9,14.9,8.5,OFF
2026-03-10T06:28:16.000Z,54.9,14.9,8.5,OFF
2026-03-10T06:29:16.000Z,54.9,14.9,8.5,OFF
2026-03-10T06:30:16.000Z,54.9,15,8.5,OFF
2026-03-10T06:31:16.000Z,54.9,15,8.5,OFF
2026-03-10T06:32:16.000Z,54.9,15,8.5,OFF
2026-03-10T06:33:16.000Z,54.9,15.1,8.5,OFF
2026-03-10T06:34:16.000Z,54.9,14.9,8.5,OFF
2026-03-10T06:35:16.000Z,54.9,14.9,8.5,OFF
2026-03-10T06:36:16.000Z,54.9,14.8,8.5,OFF
2026-03-10T06:37:16.000Z,54.8,14.9,8.5,OFF
2026-03-10T06:38:16.000Z,54.9,14.9,8.5,OFF
2026-03-10T06:39:16.000Z,54.9,14.9,8.5,OFF
2026-03-10T06:40:16.000Z,54.9,14.9,8.5,OFF
2026-03-10T06:41:16.000Z,54.9,15,8.5,OFF
2026-03-10T06:42:16.000Z,54.9,15,8.5,OFF
2026-03-10T06:43:16.000Z,54.9,15,8.7,OFF
2026-03-10T06:44:16.000Z,54.9,14.9,8.7,OFF
2026-03-10T06:45:16.000Z,54.9,15,8.7,OFF
2026-03-10T06:46:16.000Z,54.9,15.1,8.7,OFF
2026-03-10T06:47:16.000Z,54.9,15.1,8.7,OFF
2026-03-10T06:48:16.000Z,54.9,15,8.7,OFF
2026-03-10T06:49:16.000Z,54.9,15,8.7,OFF
2026-03-10T06:50:16.000Z,54.9,14.9,8.7,OFF
2026-03-10T06:51:16.000Z,54.9,14.9,8.7,OFF
2026-03-10T06:52:16.000Z,54.9,15,8.8,OFF
2026-03-10T06:53:16.000Z,54.9,15.1,8.8,OFF
2026-03-10T06:54:16.000Z,54.9,15,8.8,OFF
2026-03-10T06:55:16.000Z,54.9,15,8.8,OFF
2026-03-10T06:56:16.000Z,54.9,15.1,8.8,OFF
2026-03-10T06:57:16.000Z,54.9,15,8.8,OFF
2026-03-10T06:58:16.000Z,54.9,14.9,8.8,OFF
2026-03-10T06:59:16.000Z,54.9,15.1,8.8,OFF
2026-03-10T07:00:16.000Z,54.9,15,8.8,OFF
2026-03-10T07:01:16.000Z,54.9,15,8.8,OFF
2026-03-10T07:02:16.000Z,54.9,14.9,8.8,OFF
2026-03-10T07:03:16.000Z,54.9,15,8.8,OFF
2026-03-10T07:04:16.000Z,54.9,15,8.8,OFF
2026-03-10T07:05:16.000Z,54.9,15,8.8,OFF
2026-03-10T07:06:16.000Z,54.9,15,8.8,OFF
2026-03-10T07:07:16.000Z,54.9,15,8.8,OFF
2026-03-10T07:08:16.000Z,54.9,14.9,8.8,OFF
2026-03-10T07:09:16.000Z,54.9,14.9,8.8,OFF
2026-03-10T07:10:16.000Z,54.9,15,8.8,OFF
2026-03-10T07:11:16.000Z,54.8,14.9,8.8,OFF
2026-03-10T07:12:16.000Z,54.9,15.1,8.8,OFF
2026-03-10T07:13:16.000Z,54.8,14.9,8.8,OFF
2026-03-10T07:14:16.000Z,54.9,15,9,OFF
2026-03-10T07:15:16.000Z,54.9,15.1,9,OFF
2026-03-10T07:16:16.000Z,54.9,15.1,9,OFF
2026-03-10T07:17:16.000Z,54.8,15.1,9,OFF
2026-03-10T07:18:16.000Z,54.9,15.1,9,OFF
2026-03-10T07:19:16.000Z,54.8,15.2,9,OFF
2026-03-10T07:20:16.000Z,54.8,15.1,9,OFF
2026-03-10T07:21:16.000Z,54.9,15.1,9,OFF
2026-03-10T07:22:16.000Z,54.8,15.2,9,OFF
2026-03-10T07:23:16.000Z,54.9,15.2,9,OFF
2026-03-10T07:24:16.000Z,54.8,15,9,OFF
2026-03-10T07:25:16.000Z,54.9,15,9,OFF
2026-03-10T07:26:16.000Z,54.9,15,9,OFF
2026-03-10T07:27:16.000Z,54.8,15.1,9,OFF
2026-03-10T07:28:16.000Z,54.9,15.1,9.1,OFF
2026-03-10T07:29:16.000Z,54.9,15,9.1,OFF
2026-03-10T07:30:16.000Z,54.9,15.1,9.1,OFF
2026-03-10T07:31:16.000Z,54.9,15.1,9.1,OFF
2026-03-10T07:32:16.000Z,54.9,15,9.1,OFF
2026-03-10T07:33:16.000Z,54.9,15.1,9.1,OFF
2026-03-10T07:34:16.000Z,54.9,15.1,9.1,OFF
2026-03-10T07:35:16.000Z,54.9,15.1,9.1,OFF
2026-03-10T07:36:16.000Z,54.9,15.1,9.1,OFF
2026-03-10T07:37:16.000Z,54.9,15.2,9.1,OFF
2026-03-10T07:38:16.000Z,54.9,15.1,9.1,OFF
2026-03-10T07:39:16.000Z,54.9,15.1,9.1,OFF
2026-03-10T07:40:16.000Z,54.9,15.1,9.1,OFF
2026-03-10T07:41:16.000Z,54.9,15.1,9.1,OFF
2026-03-10T07:42:16.000Z,54.8,15.1,9.1,OFF
2026-03-10T07:43:16.000Z,54.9,15,9.1,OFF
2026-03-10T07:44:16.000Z,54.8,15.2,9.1,OFF
2026-03-10T07:45:16.000Z,54.8,15.2,9.1,OFF
2026-03-10T07:46:16.000Z,54.8,15.1,9.1,OFF
2026-03-10T07:47:16.000Z,54.9,15,9.1,OFF
2026-03-10T07:48:16.000Z,54.9,15.1,9.1,OFF
2026-03-10T07:49:16.000Z,54.8,15.1,9.1,OFF
2026-03-10T07:50:16.000Z,54.8,15.2,9.2,OFF
2026-03-10T07:51:16.000Z,54.9,15.1,9.2,OFF
2026-03-10T07:52:16.000Z,54.9,15.2,9.2,OFF
2026-03-10T07:53:16.000Z,54.9,15.3,9.2,OFF
2026-03-10T07:54:16.000Z,54.8,15.1,9.2,OFF
2026-03-10T07:55:16.000Z,54.8,15.3,9.2,OFF
2026-03-10T07:56:16.000Z,54.9,15,9.2,OFF
2026-03-10T07:57:16.000Z,54.9,15.2,9.2,OFF
2026-03-10T07:58:16.000Z,54.9,15.1,9.2,OFF
2026-03-10T07:59:16.000Z,54.9,15.1,9.2,OFF
2026-03-10T08:00:16.000Z,54.8,15.1,9.2,OFF
2026-03-10T08:01:16.000Z,54.9,15.2,9.2,OFF
2026-03-10T08:02:16.000Z,54.9,15.1,9.2,OFF
2026-03-10T08:03:16.000Z,54.9,15.2,9.2,OFF
2026-03-10T08:04:16.000Z,54.9,15.1,9.4,OFF
2026-03-10T08:05:16.000Z,54.8,15.2,9.4,OFF
2026-03-10T08:06:16.000Z,54.8,15.2,9.4,OFF
2026-03-10T08:07:16.000Z,54.9,15.3,9.4,OFF
2026-03-10T08:08:16.000Z,54.9,15.2,9.4,OFF
2026-03-10T08:09:16.000Z,54.8,15.2,9.4,OFF
2026-03-10T08:10:16.000Z,54.8,15.4,9.4,OFF
2026-03-10T08:11:16.000Z,54.9,15.3,9.4,OFF
2026-03-10T08:12:16.000Z,54.9,15.3,9.4,OFF
2026-03-10T08:13:16.000Z,54.9,15.1,9.4,OFF
2026-03-10T08:14:16.000Z,54.9,15.2,9.4,OFF
2026-03-10T08:15:16.000Z,54.9,15.2,9.5,OFF
2026-03-10T08:16:16.000Z,54.8,15.3,9.5,OFF
2026-03-10T08:17:16.000Z,54.9,15,9.5,OFF
2026-03-10T08:18:16.000Z,54.9,14.7,9.5,OFF
2026-03-10T08:19:16.000Z,54.9,13.9,9.5,OFF
2026-03-10T08:20:16.000Z,55,14.1,9.5,OFF
2026-03-10T08:21:16.000Z,55,13.4,9.5,OFF
2026-03-10T08:22:16.000Z,55,13.5,9.5,OFF
2026-03-10T08:23:16.000Z,55,13.6,9.5,OFF
2026-03-10T08:24:16.000Z,55.1,13.6,9.5,OFF
2026-03-10T08:25:16.000Z,55.1,13.3,9.5,OFF
2026-03-10T08:26:16.000Z,55.1,13.4,9.5,OFF
2026-03-10T08:27:16.000Z,55.1,13,9.6,OFF
2026-03-10T08:28:16.000Z,55.1,13.2,9.6,OFF
2026-03-10T08:29:16.000Z,55.1,13.1,9.6,OFF
2026-03-10T08:30:16.000Z,55.1,13.1,9.6,OFF
2026-03-10T08:31:16.000Z,55.1,12.9,9.6,OFF
2026-03-10T08:32:16.000Z,55.2,12.9,9.6,OFF
2026-03-10T08:33:16.000Z,55.1,13.2,9.6,OFF
2026-03-10T08:34:16.000Z,55.1,12.9,9.6,OFF
2026-03-10T08:35:16.000Z,55.2,13.2,9.6,OFF
2026-03-10T08:36:16.000Z,55.2,13,9.6,OFF
2026-03-10T08:37:16.000Z,55.2,13,9.6,OFF
2026-03-10T08:38:16.000Z,55.2,12.7,9.7,OFF
2026-03-10T08:39:16.000Z,55.2,13.2,9.7,OFF
2026-03-10T08:40:16.000Z,55.2,13.2,9.7,OFF
2026-03-10T08:41:16.000Z,55.2,13.2,9.7,OFF
2026-03-10T08:42:16.000Z,55.2,13.3,9.7,OFF
2026-03-10T08:43:16.000Z,55.2,13.2,9.7,OFF
2026-03-10T08:44:16.000Z,55.2,13.1,9.7,OFF
2026-03-10T08:45:16.000Z,55.2,13.3,9.7,OFF
2026-03-10T08:46:16.000Z,55.2,13.3,9.6,OFF
2026-03-10T08:47:16.000Z,55.2,13,9.6,OFF
2026-03-10T08:48:16.000Z,55.2,13,9.6,OFF
2026-03-10T08:49:16.000Z,55.2,13,9.6,OFF
2026-03-10T08:50:16.000Z,55.2,12.8,9.6,OFF
2026-03-10T08:51:16.000Z,55.2,12.8,9.6,OFF
2026-03-10T08:52:16.000Z,55.2,12.9,9.6,OFF
2026-03-10T08:53:16.000Z,55.2,12.8,9.6,OFF
2026-03-10T08:54:16.000Z,55.2,12.9,9.6,OFF
2026-03-10T08:55:16.000Z,55.2,12.6,9.6,OFF
2026-03-10T08:56:16.000Z,55.2,12.7,9.6,OFF
2026-03-10T08:57:16.000Z,55.2,12.9,9.8,OFF
2026-03-10T08:58:16.000Z,55.2,13.2,9.8,OFF
2026-03-10T08:59:16.000Z,55.2,13.2,9.8,OFF
2026-03-10T09:00:16.000Z,55.2,13.2,9.8,OFF
2026-03-10T09:01:16.000Z,55.2,12.7,9.8,OFF
2026-03-10T09:02:16.000Z,55.2,13,9.8,OFF
2026-03-10T09:03:16.000Z,55.2,13.2,9.8,OFF
2026-03-10T09:04:16.000Z,55.2,13.4,9.8,OFF
2026-03-10T09:05:16.000Z,55.2,13.3,9.8,OFF
2026-03-10T09:06:16.000Z,55.2,13,9.8,OFF
2026-03-10T09:07:16.000Z,55.2,12.9,9.8,OFF
2026-03-10T09:08:16.000Z,55.2,12.7,10.3,OFF
2026-03-10T09:09:16.000Z,55.2,13.2,10.3,OFF
2026-03-10T09:10:16.000Z,55.2,13,10.3,OFF
2026-03-10T09:11:16.000Z,55.2,12.9,10.3,OFF
2026-03-10T09:12:16.000Z,55.2,13.1,10.3,OFF
2026-03-10T09:13:16.000Z,55.2,13,10.2,OFF
2026-03-10T09:14:16.000Z,55.2,12.9,10.2,OFF
2026-03-10T09:15:16.000Z,55.2,12.9,10.2,OFF
2026-03-10T09:16:16.000Z,55.2,12.9,10.2,OFF
2026-03-10T09:17:16.000Z,55.3,12.8,10.2,OFF
2026-03-10T09:18:16.000Z,55.2,12.9,10.2,OFF
2026-03-10T09:19:16.000Z,55.3,12.6,10.2,OFF
2026-03-10T09:20:16.000Z,55.3,12.4,10.2,OFF
2026-03-10T09:21:16.000Z,55.2,12.6,10.2,OFF
2026-03-10T09:22:16.000Z,55.3,12.5,10.2,OFF
2026-03-10T09:23:16.000Z,55.3,12.9,10.2,OFF
2026-03-10T09:24:16.000Z,55.3,13,10.2,OFF
2026-03-10T09:25:16.000Z,55.3,13.1,10.2,OFF
2026-03-10T09:26:16.000Z,55.2,13.1,10.2,OFF
2026-03-10T09:27:16.000Z,55.2,13.4,10.2,OFF
2026-03-10T09:28:16.000Z,55.2,13.1,10.2,OFF
2026-03-10T09:29:16.000Z,55.2,13,10.2,OFF
2026-03-10T09:30:16.000Z,55.2,13.2,10.2,OFF
2026-03-10T09:31:16.000Z,55.2,13.3,10.2,OFF
2026-03-10T09:32:16.000Z,55.2,13.1,10.2,OFF
2026-03-10T09:33:16.000Z,55.2,13,10.2,OFF
2026-03-10T09:34:16.000Z,55.2,12.8,10.2,OFF
2026-03-10T09:35:16.000Z,55.2,13,10.2,OFF
2026-03-10T09:36:16.000Z,55.2,12.9,10.2,OFF
2026-03-10T09:37:16.000Z,55.2,13,10.2,OFF
2026-03-10T09:38:16.000Z,55.2,12.8,10.2,OFF
2026-03-10T09:39:16.000Z,55.2,13,10.2,OFF
2026-03-10T09:40:16.000Z,55.2,12.9,10.2,OFF
2026-03-10T09:41:16.000Z,55.2,12.7,10.2,OFF
2026-03-10T09:42:16.000Z,55.2,12.7,10.2,OFF
2026-03-10T09:43:16.000Z,55.2,13,10.2,OFF
2026-03-10T09:44:16.000Z,55.2,12.9,10.2,OFF
2026-03-10T09:45:16.000Z,55.2,12.8,10.5,OFF
2026-03-10T09:46:16.000Z,55.2,13,10.5,OFF
2026-03-10T09:47:16.000Z,55.2,12.8,10.5,OFF
2026-03-10T09:48:16.000Z,55.2,12.9,10.5,OFF
2026-03-10T09:49:16.000Z,55.2,12.7,10.5,OFF
2026-03-10T09:50:16.000Z,55.2,12.9,10.5,OFF
2026-03-10T09:51:16.000Z,55.2,13,10.5,OFF
2026-03-10T09:52:16.000Z,55.2,12.9,10.5,OFF
2026-03-10T09:53:16.000Z,55.2,13.1,10.5,OFF
2026-03-10T09:54:16.000Z,55.2,12.6,10.5,OFF
2026-03-10T09:55:16.000Z,55.2,12.8,10.5,OFF
2026-03-10T09:56:16.000Z,55.2,12.5,10.5,OFF
2026-03-10T09:57:16.000Z,55.2,12.8,10.5,OFF
2026-03-10T09:58:16.000Z,55.2,12.6,10.5,OFF
2026-03-10T09:59:16.000Z,55.2,12.5,10.5,OFF
2026-03-10T10:00:16.000Z,55.2,12.8,10.5,OFF
2026-03-10T10:01:16.000Z,55.2,12.9,10.5,OFF
2026-03-10T10:02:16.000Z,55.2,12.9,10.5,OFF
2026-03-10T10:03:16.000Z,55.2,12.8,10.5,OFF
2026-03-10T10:04:16.000Z,55.2,13,10.5,OFF
2026-03-10T10:05:16.000Z,55.2,13.1,10.5,OFF
2026-03-10T10:06:16.000Z,55.2,13,10.5,OFF
2026-03-10T10:07:16.000Z,55.2,13.1,10.5,OFF
2026-03-10T10:08:16.000Z,55.2,12.9,10.5,OFF
2026-03-10T10:09:16.000Z,55.2,13.1,10.6,OFF
2026-03-10T10:10:16.000Z,55.2,12.9,10.6,OFF
2026-03-10T10:11:16.000Z,55.2,12.8,10.6,OFF
2026-03-10T10:12:16.000Z,55.2,12.5,10.6,OFF
2026-03-10T10:13:16.000Z,55.2,12.7,10.6,OFF
2026-03-10T10:14:16.000Z,55.2,12.6,10.6,OFF
2026-03-10T10:15:16.000Z,55.2,12.7,10.6,OFF
2026-03-10T10:16:16.000Z,55.2,12.8,10.6,OFF
2026-03-10T10:17:16.000Z,55.2,12.8,10.6,OFF
2026-03-10T10:18:16.000Z,55.2,12.7,10.6,OFF
2026-03-10T10:19:16.000Z,55.2,12.9,10.7,OFF
2026-03-10T10:20:16.000Z,55.2,12.8,10.7,OFF
2026-03-10T10:21:16.000Z,55.2,12.8,10.7,OFF
2026-03-10T10:22:16.000Z,55.2,12.6,10.7,OFF
2026-03-10T10:23:16.000Z,55.2,12.8,10.7,OFF
2026-03-10T10:24:16.000Z,55.2,12.7,10.7,OFF
2026-03-10T10:25:16.000Z,55.2,12.9,10.7,OFF
2026-03-10T10:26:16.000Z,55.2,13,10.7,OFF
2026-03-10T10:27:16.000Z,55.2,12.9,10.7,OFF
2026-03-10T10:28:16.000Z,55.2,13,10.7,OFF
2026-03-10T10:29:16.000Z,55.2,12.9,10.7,OFF
2026-03-10T10:30:16.000Z,55.1,12.6,10.7,OFF
2026-03-10T10:31:16.000Z,55.2,12.8,10.7,OFF
2026-03-10T10:32:16.000Z,55.2,12.7,10.7,OFF
2026-03-10T10:33:16.000Z,55.2,12.8,10.7,OFF
2026-03-10T10:34:16.000Z,55.2,12.9,10.7,OFF
2026-03-10T10:35:16.000Z,55.2,12.9,10.7,OFF
2026-03-10T10:36:16.000Z,55.2,13,10.7,OFF
2026-03-10T10:37:16.000Z,55.2,13.2,10.7,OFF
2026-03-10T10:38:16.000Z,55.2,13,10.7,OFF
2026-03-10T10:39:16.000Z,55.2,12.7,10.7,OFF
2026-03-10T10:40:16.000Z,55.2,12.6,10.7,OFF
2026-03-10T10:41:16.000Z,55.2,12.9,10.7,OFF
2026-03-10T10:42:16.000Z,55.2,12.9,10.7,OFF
2026-03-10T10:43:16.000Z,55.1,12.9,11,OFF
2026-03-10T10:44:16.000Z,55.2,12.7,11,OFF
2026-03-10T10:45:16.000Z,55.2,12.9,11,OFF
2026-03-10T10:46:16.000Z,55.2,12.8,11,OFF
2026-03-10T10:47:16.000Z,55.2,12.9,11,OFF
2026-03-10T10:48:16.000Z,55.2,13.1,11,OFF
2026-03-10T10:49:16.000Z,55.2,13.1,11,OFF
2026-03-10T10:50:16.000Z,55.2,13,11,OFF
2026-03-10T10:51:16.000Z,55.2,13,11,OFF
2026-03-10T10:52:16.000Z,55.1,13.1,11,OFF
2026-03-10T10:53:16.000Z,55.2,13.2,11,OFF
2026-03-10T10:54:16.000Z,55.2,13.4,11,OFF
2026-03-10T10:55:16.000Z,55.1,13.3,11,OFF
2026-03-10T10:56:16.000Z,55.1,13.3,11,OFF
2026-03-10T10:57:16.000Z,55.1,13.2,11,OFF
2026-03-10T10:58:16.000Z,55.1,13.4,11,OFF
2026-03-10T10:59:16.000Z,55.1,13.4,11.2,OFF
2026-03-10T11:00:16.000Z,55.1,13.4,11.2,OFF
2026-03-10T11:01:16.000Z,55.1,13.3,11.2,OFF
2026-03-10T11:02:16.000Z,55.1,13.6,11.2,OFF
2026-03-10T11:03:16.000Z,55.1,13.6,11.2,OFF
2026-03-10T11:04:16.000Z,55.1,13.6,11.2,OFF
2026-03-10T11:05:16.000Z,55.1,13.6,11.2,OFF
2026-03-10T11:06:16.000Z,55.1,13.5,11.2,OFF
2026-03-10T11:07:16.000Z,55.1,13.3,11.2,OFF
2026-03-10T11:08:16.000Z,55.1,13.5,11.2,OFF
2026-03-10T11:09:16.000Z,55.1,13.4,11.4,OFF
2026-03-10T11:10:16.000Z,55.2,13.4,11.4,OFF
2026-03-10T11:11:16.000Z,55.1,13.2,11.4,OFF
2026-03-10T11:12:16.000Z,55.1,13.2,11.4,OFF
2026-03-10T11:13:16.000Z,55.1,13.4,11.4,OFF
2026-03-10T11:14:16.000Z,55.1,13.2,11.4,OFF
2026-03-10T11:15:16.000Z,55.1,13.1,11.4,OFF
2026-03-10T11:16:16.000Z,55.1,13.2,11.6,OFF
2026-03-10T11:17:16.000Z,55.1,13.2,11.6,OFF
2026-03-10T11:18:16.000Z,55.1,13.4,11.6,OFF
2026-03-10T11:19:16.000Z,55.1,12.9,11.6,OFF
2026-03-10T11:20:16.000Z,55.1,13.3,11.6,OFF
2026-03-10T11:21:16.000Z,55.1,12.9,11.6,OFF
2026-03-10T11:22:16.000Z,55.1,13.1,11.6,OFF
2026-03-10T11:23:16.000Z,55.1,13,11.6,OFF
2026-03-10T11:24:16.000Z,55.2,13,11.6,OFF
2026-03-10T11:25:16.000Z,55.2,13.2,11.6,OFF
2026-03-10T11:26:16.000Z,55.1,13.3,11.8,OFF
2026-03-10T11:27:16.000Z,55.1,13.2,11.8,OFF
2026-03-10T11:28:16.000Z,55.1,13.2,11.8,OFF
2026-03-10T11:29:16.000Z,55.2,13.2,11.8,OFF
2026-03-10T11:30:16.000Z,55.1,13.1,11.8,OFF
2026-03-10T11:31:16.000Z,55.2,13.1,11.8,OFF
2026-03-10T11:32:16.000Z,55.2,12.9,11.8,OFF
2026-03-10T11:33:16.000Z,55.1,13.2,11.8,OFF
2026-03-10T11:34:16.000Z,55.1,13.1,11.8,OFF
2026-03-10T11:35:16.000Z,55.1,13.1,11.8,OFF
2026-03-10T11:36:16.000Z,55.1,13.2,11.8,OFF
2026-03-10T11:37:16.000Z,55.1,13.1,11.8,OFF
2026-03-10T11:38:16.000Z,55.1,13.1,11.8,OFF
2026-03-10T11:39:16.000Z,55.2,13.1,11.8,OFF
2026-03-10T11:40:16.000Z,55.2,13,11.8,OFF
2026-03-10T11:41:16.000Z,55.2,13.1,11.8,OFF
2026-03-10T11:42:16.000Z,55.2,13,11.8,OFF
2026-03-10T11:43:16.000Z,55.2,13,11.8,OFF
2026-03-10T11:44:16.000Z,55.1,12.9,11.8,OFF
2026-03-10T11:45:16.000Z,55.1,13,11.8,OFF
2026-03-10T11:46:16.000Z,55.1,13,11.8,OFF
2026-03-10T11:47:16.000Z,55.1,13,11.8,OFF
2026-03-10T11:48:16.000Z,55.1,13.2,11.8,OFF
2026-03-10T11:49:16.000Z,55.1,13.1,11.8,OFF
2026-03-10T11:50:16.000Z,55.1,13.3,11.8,OFF
2026-03-10T11:51:16.000Z,55.1,13.2,11.8,OFF
2026-03-10T11:52:16.000Z,55.1,13.1,11.8,OFF
2026-03-10T11:53:16.000Z,55.1,13.1,11.8,OFF
2026-03-10T11:54:16.000Z,55.1,13.4,11.8,OFF
2026-03-10T11:55:16.000Z,55.1,13.4,11.8,OFF
2026-03-10T11:56:16.000Z,55.1,13.4,11.8,OFF
2026-03-10T11:57:16.000Z,55.1,13.5,11.8,OFF
2026-03-10T11:58:16.000Z,55.1,13.4,11.8,OFF
2026-03-10T11:59:16.000Z,55.1,13.3,11.8,OFF
2026-03-10T12:00:16.000Z,55.1,13.4,11.8,OFF
2026-03-10T12:01:16.000Z,55.1,13.5,11.8,OFF
2026-03-10T12:02:16.000Z,55.1,13.4,11.8,OFF
2026-03-10T12:03:16.000Z,55.1,13.4,11.8,OFF
2026-03-10T12:04:16.000Z,55.1,13.4,11.8,OFF
2026-03-10T12:05:16.000Z,55.1,13.5,11.8,OFF
2026-03-10T12:06:16.000Z,55.1,13.5,11.8,OFF
2026-03-10T12:07:16.000Z,55.1,13.5,11.8,OFF
2026-03-10T12:08:16.000Z,55.1,13.5,11.8,OFF
2026-03-10T12:09:16.000Z,55.1,13.4,11.8,OFF
2026-03-10T12:10:16.000Z,55.1,13.4,11.8,OFF
2026-03-10T12:11:16.000Z,55.1,13.5,12.1,OFF
2026-03-10T12:12:16.000Z,55.1,13.4,12.1,OFF
2026-03-10T12:13:16.000Z,55.1,13.5,12.1,OFF
2026-03-10T12:14:16.000Z,55.1,13.5,12.1,OFF
2026-03-10T12:15:16.000Z,55.1,13.5,12.1,OFF
2026-03-10T12:16:16.000Z,55.1,13.5,12.1,OFF
2026-03-10T12:17:16.000Z,55.1,13.7,12.1,OFF
2026-03-10T12:18:16.000Z,55.1,13.5,12.1,OFF
2026-03-10T12:19:16.000Z,55.1,13.2,12.1,OFF
2026-03-10T12:20:16.000Z,55.1,13.4,12.1,OFF
2026-03-10T12:21:16.000Z,55.1,13.2,12.1,OFF
2026-03-10T12:22:16.000Z,55.1,13.3,12.1,OFF
2026-03-10T12:23:16.000Z,55.1,13.5,12.1,OFF
2026-03-10T12:24:16.000Z,55.1,13.4,12.1,OFF
2026-03-10T12:25:16.000Z,55.1,13.4,12.1,OFF
2026-03-10T12:26:16.000Z,55.1,13.5,12.1,OFF
2026-03-10T12:27:16.000Z,55.1,13.4,12.1,OFF
2026-03-10T12:28:16.000Z,55.1,13.3,12.1,OFF
2026-03-10T12:29:16.000Z,55.1,13.2,12.3,OFF
2026-03-10T12:30:16.000Z,55.1,13.6,12.3,OFF
2026-03-10T12:31:16.000Z,55.1,13.4,12.3,OFF
2026-03-10T12:32:16.000Z,55.1,13.4,12.3,OFF
2026-03-10T12:33:16.000Z,55.1,13.3,12.5,OFF
2026-03-10T12:34:16.000Z,55.1,13.3,12.5,OFF
2026-03-10T12:35:16.000Z,55.1,13.4,12.5,OFF
2026-03-10T12:36:16.000Z,55.1,13.3,12.5,OFF
2026-03-10T12:37:16.000Z,55,13.5,12.5,OFF
2026-03-10T12:38:16.000Z,55.1,13.5,12.5,OFF
2026-03-10T12:39:16.000Z,55,13.5,12.5,OFF
2026-03-10T12:40:16.000Z,55.1,13.3,12.5,OFF
2026-03-10T12:41:16.000Z,55,13.4,12.5,OFF
2026-03-10T12:42:16.000Z,55.1,13.5,12.5,OFF
2026-03-10T12:43:16.000Z,55.1,13.4,12.5,OFF
2026-03-10T12:44:16.000Z,55,13.4,12.6,OFF
2026-03-10T12:45:16.000Z,55.1,13.6,12.6,OFF
2026-03-10T12:46:16.000Z,55.1,13.6,12.6,OFF
2026-03-10T12:47:16.000Z,55.1,13.4,12.6,OFF
2026-03-10T12:48:16.000Z,55,13.4,12.6,OFF
2026-03-10T12:49:16.000Z,55.1,13.6,12.6,OFF
2026-03-10T12:50:16.000Z,55,13.5,12.6,OFF
2026-03-10T12:51:16.000Z,55,13.4,12.6,OFF
2026-03-10T12:52:16.000Z,55.1,13.5,12.6,OFF
2026-03-10T12:53:16.000Z,55.1,13.3,12.6,OFF
2026-03-10T12:54:16.000Z,55.1,13.4,12.6,OFF
2026-03-10T12:55:16.000Z,55.1,13.4,12.6,OFF
2026-03-10T12:56:16.000Z,55.1,13.5,12.6,OFF
2026-03-10T12:57:16.000Z,55.1,13.5,12.6,OFF
2026-03-10T12:58:16.000Z,55,13.6,12.6,OFF
2026-03-10T12:59:16.000Z,55,13.5,12.6,OFF
2026-03-10T13:00:16.000Z,55,13.3,12.6,OFF
2026-03-10T13:01:16.000Z,55,13.5,12.6,OFF
2026-03-10T13:02:16.000Z,55,13.6,12.6,OFF
2026-03-10T13:03:16.000Z,55.1,13.4,12.6,OFF
2026-03-10T13:04:16.000Z,55,13.6,12.6,OFF
2026-03-10T13:05:16.000Z,55.1,13.2,12.6,OFF
2026-03-10T13:06:16.000Z,55.1,13.1,12.6,OFF
2026-03-10T13:07:16.000Z,54.5,13.3,12.6,OFF
2026-03-10T13:08:16.000Z,54.3,13.2,12.6,OFF
2026-03-10T13:09:16.000Z,54.3,13.5,12.6,OFF
2026-03-10T13:10:16.000Z,54.2,13.6,12.6,OFF
2026-03-10T13:11:16.000Z,54.2,13.5,12.6,OFF
2026-03-10T13:12:16.000Z,54.2,13.7,12.6,OFF
2026-03-10T13:13:16.000Z,54.2,13.5,13.2,OFF
2026-03-10T13:14:16.000Z,54.1,13.7,13.2,OFF
2026-03-10T13:15:16.000Z,54.1,13.8,13.2,OFF
2026-03-10T13:16:16.000Z,54.2,13.7,13.2,OFF
2026-03-10T13:17:16.000Z,54.1,13.5,13.2,OFF
2026-03-10T13:18:16.000Z,54.1,13.5,13.2,OFF
2026-03-10T13:19:16.000Z,54.2,13.4,13.2,OFF
2026-03-10T13:20:16.000Z,54.2,13.5,13.2,OFF
2026-03-10T13:21:16.000Z,54.1,13.6,13.2,OFF
2026-03-10T13:22:16.000Z,54.2,13.3,13.2,OFF
2026-03-10T13:23:16.000Z,54.1,13.5,13.2,OFF
2026-03-10T13:24:16.000Z,54.1,13.7,13.2,OFF
2026-03-10T13:25:16.000Z,54.1,13.4,13.2,OFF
2026-03-10T13:26:16.000Z,54.1,13.5,13.2,OFF
2026-03-10T13:27:16.000Z,54.1,13.4,13.1,OFF
2026-03-10T13:28:16.000Z,54.1,13.6,13.1,OFF
2026-03-10T13:29:16.000Z,54.1,13.5,13.1,OFF
2026-03-10T13:30:16.000Z,54.1,13.7,13.1,OFF
2026-03-10T13:31:16.000Z,54.1,13.7,13.1,OFF
2026-03-10T13:32:16.000Z,54.1,13.7,13.1,OFF
2026-03-10T13:33:16.000Z,54.1,13.5,13.1,OFF
2026-03-10T13:34:16.000Z,54.1,13.7,13.1,OFF
2026-03-10T13:35:16.000Z,54.1,13.7,13.1,OFF
2026-03-10T13:36:16.000Z,54.1,13.5,13.1,OFF
2026-03-10T13:37:16.000Z,54.1,13.7,13.1,OFF
2026-03-10T13:38:16.000Z,54.1,13.4,13.3,OFF
2026-03-10T13:39:16.000Z,54.1,13.6,13.3,OFF
2026-03-10T13:40:16.000Z,54.1,13.6,13.3,OFF
2026-03-10T13:41:16.000Z,54.1,13.5,13.3,OFF
2026-03-10T13:42:16.000Z,54.1,13.7,13.3,OFF
2026-03-10T13:43:16.000Z,54.1,13.7,13.3,OFF
2026-03-10T13:44:16.000Z,54,13.7,13.3,OFF
2026-03-10T13:45:16.000Z,54.1,13.6,13.3,OFF
2026-03-10T13:46:16.000Z,54,13.7,13.3,OFF
2026-03-10T13:47:16.000Z,54,13.7,13.3,OFF
2026-03-10T13:48:16.000Z,54.1,13.7,13.3,OFF
2026-03-10T13:49:16.000Z,54,13.7,13.1,OFF
2026-03-10T13:50:16.000Z,54.1,13.8,13.1,OFF
2026-03-10T13:51:16.000Z,54.1,13.8,13.1,OFF
2026-03-10T13:52:16.000Z,54.1,13.8,13.1,OFF
2026-03-10T13:53:16.000Z,54.1,13.9,13.1,OFF
2026-03-10T13:54:16.000Z,54.1,13.8,13.1,OFF
2026-03-10T13:55:16.000Z,54.1,13.9,13.1,OFF
2026-03-10T13:56:16.000Z,54,13.9,13.1,OFF
2026-03-10T13:57:16.000Z,54,13.7,13.1,OFF
2026-03-10T13:58:16.000Z,54,13.9,13.1,OFF
2026-03-10T13:59:16.000Z,54,13.7,13.1,OFF
2026-03-10T14:00:16.000Z,54,13.7,13.3,OFF
2026-03-10T14:01:16.000Z,54,14,13.3,OFF
2026-03-10T14:02:16.000Z,54,13.9,13.3,OFF
2026-03-10T14:03:16.000Z,54,14.1,13.3,OFF
2026-03-10T14:04:16.000Z,54,13.8,13.3,OFF
2026-03-10T14:05:16.000Z,54,14,13.3,OFF
2026-03-10T14:06:16.000Z,54,14.1,13.3,OFF
2026-03-10T14:07:16.000Z,54,13.9,13.3,OFF
2026-03-10T14:08:16.000Z,54,14,13.3,OFF
2026-03-10T14:09:16.000Z,54,14,13.3,OFF
2026-03-10T14:10:16.000Z,54,13.7,13.1,OFF
2026-03-10T14:11:16.000Z,54,13.8,13.1,OFF
2026-03-10T14:12:16.000Z,54,14,13.1,OFF
2026-03-10T14:13:16.000Z,54,14,13.1,OFF
2026-03-10T14:14:16.000Z,54,13.8,13.1,OFF
2026-03-10T14:15:16.000Z,54,13.8,13.1,OFF
2026-03-10T14:16:16.000Z,54,13.9,13.1,OFF
2026-03-10T14:17:16.000Z,54,13.8,13.1,OFF
2026-03-10T14:18:16.000Z,54,13.6,13.1,OFF
2026-03-10T14:19:16.000Z,54,13.8,13.1,OFF
2026-03-10T14:20:16.000Z,54,13.7,13.1,OFF
2026-03-10T14:21:16.000Z,54,13.8,13.1,OFF
2026-03-10T14:22:16.000Z,54,13.7,13.1,OFF
2026-03-10T14:23:16.000Z,54,13.7,13.1,OFF
2026-03-10T14:24:16.000Z,54,13.8,13.1,OFF
2026-03-10T14:25:16.000Z,54,13.7,13.1,OFF
2026-03-10T14:26:16.000Z,54,13.8,13.1,OFF
2026-03-10T14:27:16.000Z,54,13.8,13.1,OFF
2026-03-10T14:28:16.000Z,54,13.8,13.1,OFF
2026-03-10T14:29:16.000Z,54,13.8,13.1,OFF
2026-03-10T14:30:16.000Z,54,13.8,13.1,OFF
2026-03-10T14:31:16.000Z,54,13.6,13.1,OFF
2026-03-10T14:32:16.000Z,54,13.9,13.1,OFF
2026-03-10T14:33:16.000Z,54,13.6,13.1,OFF
2026-03-10T14:34:16.000Z,54,13.7,13.1,OFF
2026-03-10T14:35:16.000Z,54,13.7,13.1,OFF
2026-03-10T14:36:16.000Z,54,13.8,13.1,OFF
2026-03-10T14:37:16.000Z,54,13.7,13.1,OFF
2026-03-10T14:38:16.000Z,54,13.9,13.1,OFF
2026-03-10T14:39:16.000Z,54,13.7,13.1,OFF
2026-03-10T14:40:16.000Z,54,13.6,13.1,OFF
2026-03-10T14:41:16.000Z,54,13.7,13.1,OFF
2026-03-10T14:42:16.000Z,54,13.8,13.1,OFF
2026-03-10T14:43:16.000Z,54.1,13.5,13.1,OFF
2026-03-10T14:44:16.000Z,54,13.8,13.1,OFF
2026-03-10T14:45:16.000Z,54,13.7,13.1,OFF
2026-03-10T14:46:16.000Z,54,13.8,13.1,OFF
2026-03-10T14:47:16.000Z,54,13.8,13.1,OFF
2026-03-10T14:48:16.000Z,54,14,13.1,OFF
2026-03-10T14:49:16.000Z,54,13.8,13.1,OFF
2026-03-10T14:50:16.000Z,54,13.9,13.1,OFF
2026-03-10T14:51:16.000Z,54,13.8,13.1,OFF
2026-03-10T14:52:16.000Z,54,13.6,13.1,OFF
2026-03-10T14:53:16.000Z,54,13.9,13.1,OFF
2026-03-10T14:54:16.000Z,54,13.8,13.1,OFF
2026-03-10T14:55:16.000Z,54,13.8,13.1,OFF
2026-03-10T14:56:16.000Z,54,13.8,13.1,OFF
2026-03-10T14:57:16.000Z,54.1,13.8,13.1,OFF
2026-03-10T14:58:16.000Z,54,13.9,13.1,OFF
2026-03-10T14:59:16.000Z,54,14.1,13.1,OFF
2026-03-10T15:00:16.000Z,54,13.8,13.1,OFF
2026-03-10T15:01:16.000Z,54,13.7,13.1,OFF
2026-03-10T15:02:16.000Z,54,13.8,13.1,OFF
2026-03-10T15:03:16.000Z,54.1,13.5,13.1,OFF
2026-03-10T15:04:16.000Z,54,13.7,13.1,OFF
2026-03-10T15:05:16.000Z,54,13.7,13.1,OFF
2026-03-10T15:06:16.000Z,54,13.6,13.1,OFF
2026-03-10T15:07:16.000Z,54,13.6,13.1,OFF
2026-03-10T15:08:16.000Z,54,13.7,13.1,OFF
2026-03-10T15:09:16.000Z,54,13.8,13.1,OFF
2026-03-10T15:10:16.000Z,54,13.7,13.1,OFF
2026-03-10T15:11:16.000Z,54,13.8,13.1,OFF
2026-03-10T15:12:16.000Z,54,13.7,13.1,OFF
2026-03-10T15:13:16.000Z,54,13.8,13.1,OFF
2026-03-10T15:14:16.000Z,54,13.8,13.1,OFF
2026-03-10T15:15:16.000Z,54,13.9,13.1,OFF
2026-03-10T15:16:16.000Z,54,13.9,13.1,OFF
2026-03-10T15:17:16.000Z,54,13.5,13.1,OFF
2026-03-10T15:18:16.000Z,54,13.9,13.1,OFF
2026-03-10T15:19:16.000Z,54,13.8,13.1,OFF
2026-03-10T15:20:16.000Z,54,13.7,13.1,OFF
2026-03-10T15:21:16.000Z,54,13.8,13.1,OFF
2026-03-10T15:22:16.000Z,54,13.5,13.1,OFF
2026-03-10T15:23:16.000Z,54.1,13.6,13.1,OFF
2026-03-10T15:24:16.000Z,54.1,13.5,13.1,OFF
2026-03-10T15:25:16.000Z,54.1,13.4,13.1,OFF
2026-03-10T15:26:16.000Z,54.1,13.6,13.1,OFF
2026-03-10T15:27:16.000Z,54.1,13.5,13.1,OFF
2026-03-10T15:28:16.000Z,54.1,13.6,13.1,OFF
2026-03-10T15:29:16.000Z,54.1,13.5,13.1,OFF
2026-03-10T15:30:16.000Z,54,13.7,13.1,OFF
2026-03-10T15:31:16.000Z,54,13.8,13.1,OFF
2026-03-10T15:32:16.000Z,54,13.7,13,OFF
2026-03-10T15:33:16.000Z,54,13.6,13,OFF
2026-03-10T15:34:16.000Z,54,13.4,13,OFF
2026-03-10T15:35:16.000Z,54,13.8,13,OFF
2026-03-10T15:36:16.000Z,54.1,13.7,13,OFF
2026-03-10T15:37:16.000Z,54,13.6,13,OFF
2026-03-10T15:38:16.000Z,54,13.5,13,OFF
2026-03-10T15:39:16.000Z,54.1,13.7,13,OFF
2026-03-10T15:40:16.000Z,54.1,13.5,13,OFF
2026-03-10T15:41:16.000Z,54.1,13.4,12.7,OFF
2026-03-10T15:42:16.000Z,54.1,13.4,12.7,OFF
2026-03-10T15:43:16.000Z,54,13.6,12.7,OFF
2026-03-10T15:44:16.000Z,54,13.6,12.7,OFF
2026-03-10T15:45:16.000Z,54,13.4,12.7,OFF
2026-03-10T15:46:16.000Z,54.1,13.5,12.7,OFF
2026-03-10T15:47:16.000Z,54,13.7,12.7,OFF
2026-03-10T15:48:16.000Z,54.1,13.6,12.7,OFF
2026-03-10T15:49:16.000Z,54.1,13.3,12.7,OFF
2026-03-10T15:50:16.000Z,54.1,13.2,12.7,OFF
2026-03-10T15:51:16.000Z,54.1,12.8,12.6,OFF
2026-03-10T15:52:16.000Z,54.1,13.1,12.6,OFF
2026-03-10T15:53:16.000Z,54.1,13,12.6,OFF
2026-03-10T15:54:16.000Z,54.1,12.4,12.6,OFF
2026-03-10T15:55:16.000Z,54.1,12.8,12.6,OFF
2026-03-10T15:56:16.000Z,54.1,12.5,12.6,OFF
2026-03-10T15:57:16.000Z,54.1,12.7,12.6,OFF
2026-03-10T15:58:16.000Z,54.1,12.5,12.6,OFF
2026-03-10T15:59:16.000Z,54.1,12.4,12.6,OFF
2026-03-10T16:00:16.000Z,54.1,12.9,12.6,OFF
2026-03-10T16:01:16.000Z,54.2,12.7,12.6,OFF
2026-03-10T16:02:16.000Z,54.1,12.8,12.3,OFF
2026-03-10T16:03:16.000Z,54.1,12.8,12.3,OFF
2026-03-10T16:04:16.000Z,54.1,12.3,12.3,OFF
2026-03-10T16:05:16.000Z,54.1,12.4,12.3,OFF
2026-03-10T16:06:16.000Z,54.1,12.3,12.3,OFF
2026-03-10T16:07:16.000Z,54.1,12.4,12.3,OFF
2026-03-10T16:08:16.000Z,54.1,12.4,12.3,OFF
2026-03-10T16:09:16.000Z,54.1,12.5,12.3,OFF
2026-03-10T16:10:16.000Z,54.1,12.4,12.3,OFF
2026-03-10T16:11:16.000Z,54.1,12.3,12.3,OFF
2026-03-10T16:12:16.000Z,54.1,12.1,12.3,OFF
2026-03-10T16:13:16.000Z,54.2,12,12.2,OFF
2026-03-10T16:14:16.000Z,54.2,12.1,12.2,OFF
2026-03-10T16:15:16.000Z,54.2,12.1,12.2,OFF
2026-03-10T16:16:16.000Z,54.2,11.9,12.2,OFF
2026-03-10T16:17:16.000Z,54.2,12.2,12.2,OFF
2026-03-10T16:18:16.000Z,54.2,12,12.2,OFF
2026-03-10T16:19:16.000Z,54.2,12,12.2,OFF
2026-03-10T16:20:16.000Z,54.2,12.1,12.2,OFF
2026-03-10T16:21:16.000Z,54.2,11.9,12.2,OFF
2026-03-10T16:22:16.000Z,54.2,12,12.2,OFF
2026-03-10T16:23:16.000Z,54.2,12.1,12.2,OFF
2026-03-10T16:24:16.000Z,54.2,12.3,12.2,OFF
2026-03-10T16:25:16.000Z,54.2,12.3,12.2,OFF
2026-03-10T16:26:16.000Z,54.2,12.1,12.2,OFF
2026-03-10T16:27:16.000Z,54.1,11.8,12.2,OFF
2026-03-10T16:28:16.000Z,54.2,12,12,OFF
2026-03-10T16:29:16.000Z,54.2,11.8,12,OFF
2026-03-10T16:30:16.000Z,54.2,11.7,12,OFF
2026-03-10T16:31:16.000Z,54.2,12.1,12,OFF
2026-03-10T16:32:16.000Z,54.2,12.3,12,OFF
2026-03-10T16:33:16.000Z,54.2,12.3,12,OFF
2026-03-10T16:34:16.000Z,54.2,12.2,12,OFF
2026-03-10T16:35:16.000Z,54.2,12.1,12,OFF
2026-03-10T16:36:16.000Z,54.2,12.1,12,OFF
2026-03-10T16:37:16.000Z,54.2,12.1,12,OFF
2026-03-10T16:38:16.000Z,54.2,12.1,12,OFF
2026-03-10T16:39:16.000Z,54.2,11.9,11.7,OFF
2026-03-10T16:40:16.000Z,54.2,11.6,11.7,OFF
2026-03-10T16:41:16.000Z,54.2,12.2,11.7,OFF
2026-03-10T16:42:16.000Z,54.1,12.7,11.7,OFF
2026-03-10T16:43:16.000Z,54.1,12.9,11.7,OFF
2026-03-10T16:44:16.000Z,54.1,13,11.7,OFF
2026-03-10T16:45:16.000Z,54.1,13.2,11.7,OFF
2026-03-10T16:46:16.000Z,54.1,13.4,11.7,OFF
2026-03-10T16:47:16.000Z,54.1,13.5,11.7,OFF
2026-03-10T16:48:16.000Z,54.1,13.6,11.7,OFF
2026-03-10T16:49:16.000Z,54.1,13.6,11.7,OFF
2026-03-10T16:50:16.000Z,54,13.6,11.7,OFF
2026-03-10T16:51:16.000Z,54,13.7,11.7,OFF
2026-03-10T16:52:16.000Z,54.1,13.7,11.7,OFF
2026-03-10T16:53:16.000Z,54,13.8,11.7,OFF
2026-03-10T16:54:16.000Z,54,13.8,11.7,OFF
2026-03-10T16:55:16.000Z,54,13.9,11.7,OFF
2026-03-10T16:56:16.000Z,54,13.8,11.7,OFF
2026-03-10T16:57:16.000Z,54,13.9,11.7,OFF
2026-03-10T16:58:16.000Z,54,13.9,11.7,OFF
2026-03-10T16:59:16.000Z,53.9,13.9,11.7,OFF
2026-03-10T17:00:16.000Z,54,13.9,11.7,OFF
2026-03-10T17:01:16.000Z,54,13.9,11.7,OFF
2026-03-10T17:02:16.000Z,54,13.9,11.7,OFF
2026-03-10T17:03:16.000Z,53.9,14,11.5,OFF
2026-03-10T17:04:16.000Z,54,14.2,11.5,OFF
2026-03-10T17:05:16.000Z,53.9,14.2,11.5,OFF
2026-03-10T17:06:16.000Z,53.9,14.3,11.5,OFF
2026-03-10T17:07:16.000Z,53.9,14.4,11.5,OFF
2026-03-10T17:08:16.000Z,53.8,14.5,11.5,OFF
2026-03-10T17:09:16.000Z,53.9,14.5,11.5,OFF
2026-03-10T17:10:16.000Z,53.9,14.5,11.5,OFF
2026-03-10T17:11:16.000Z,53.8,14.4,11.5,OFF
2026-03-10T17:12:16.000Z,53.8,14.6,11.5,OFF
2026-03-10T17:13:16.000Z,53.8,14.5,11.4,OFF
2026-03-10T17:14:16.000Z,53.8,14.4,11.4,OFF
2026-03-10T17:15:16.000Z,53.8,14.5,11.4,OFF
2026-03-10T17:16:16.000Z,53.8,14.5,11.4,OFF
2026-03-10T17:17:16.000Z,53.8,14.3,11.4,OFF
2026-03-10T17:18:16.000Z,53.9,14.5,11.4,OFF
2026-03-10T17:19:16.000Z,53.8,14.3,11.4,OFF
2026-03-10T17:20:16.000Z,53.8,14.5,11.4,OFF
2026-03-10T17:21:16.000Z,53.8,14.4,11.4,OFF
2026-03-10T17:22:16.000Z,53.8,14.5,11.4,OFF
2026-03-10T17:23:16.000Z,53.8,14.4,11.4,OFF
2026-03-10T17:24:16.000Z,53.8,14.5,11.4,OFF
2026-03-10T17:25:16.000Z,53.8,14.5,11.4,OFF
2026-03-10T17:26:16.000Z,53.8,14.5,11.4,OFF
2026-03-10T17:27:16.000Z,53.8,14.5,11.4,OFF
2026-03-10T17:28:16.000Z,53.8,14.5,11.4,OFF
2026-03-10T17:29:16.000Z,53.8,14.5,11.4,OFF
2026-03-10T17:30:16.000Z,53.8,14.5,11.4,OFF
2026-03-10T17:31:16.000Z,53.8,14.7,11.4,OFF
2026-03-10T17:32:16.000Z,53.8,14.7,11.4,OFF
2026-03-10T17:33:16.000Z,53.8,14.5,11.4,OFF
2026-03-10T17:34:16.000Z,53.8,14.6,11.4,OFF
2026-03-10T17:35:16.000Z,53.8,14.4,11.4,OFF
2026-03-10T17:36:16.000Z,53.8,14.5,11.4,OFF
2026-03-10T17:37:16.000Z,53.8,14.5,11.4,OFF
2026-03-10T17:38:16.000Z,53.8,14.6,11.4,OFF
2026-03-10T17:39:16.000Z,53.8,14.6,11.4,OFF
2026-03-10T17:40:16.000Z,53.8,14.6,11.4,OFF
2026-03-10T17:41:16.000Z,53.8,14.6,11.4,OFF
2026-03-10T17:42:16.000Z,53.8,14.7,11.4,OFF
2026-03-10T17:43:16.000Z,53.8,14.7,11.4,OFF
2026-03-10T17:44:16.000Z,53.8,14.7,11.4,OFF
2026-03-10T17:45:16.000Z,53.8,14.8,11.4,OFF
2026-03-10T17:46:16.000Z,53.8,14.8,11.4,OFF
2026-03-10T17:47:16.000Z,53.8,14.9,11.4,OFF
2026-03-10T17:48:16.000Z,53.7,14.8,11.4,OFF
2026-03-10T17:49:16.000Z,53.8,14.8,11.4,OFF
2026-03-10T17:50:16.000Z,53.7,14.8,11.4,OFF
2026-03-10T17:51:16.000Z,53.7,14.8,11.4,OFF
2026-03-10T17:52:16.000Z,53.7,14.9,11.4,OFF
2026-03-10T17:53:16.000Z,53.7,14.7,11.4,OFF
2026-03-10T17:54:16.000Z,53.7,14.7,11.4,OFF
2026-03-10T17:55:16.000Z,53.7,14.8,11.4,OFF
2026-03-10T17:56:16.000Z,53.7,15,11.4,OFF
2026-03-10T17:57:16.000Z,53.7,14.9,11.4,OFF
2026-03-10T17:58:16.000Z,53.7,15.1,10.5,OFF
2026-03-10T17:59:16.000Z,53.7,15.1,10.5,OFF
2026-03-10T18:00:16.000Z,53.7,15,10.5,OFF
2026-03-10T18:01:16.000Z,53.7,15.1,10.5,OFF
2026-03-10T18:02:16.000Z,53.7,15.1,10.5,OFF
2026-03-10T18:03:16.000Z,53.7,15.1,10.5,OFF
2026-03-10T18:04:16.000Z,53.7,15.1,10.5,OFF
2026-03-10T18:05:16.000Z,53.7,15.1,10.5,OFF
2026-03-10T18:06:16.000Z,53.7,15,10.5,OFF
2026-03-10T18:07:16.000Z,53.7,15.3,10.5,OFF
2026-03-10T18:08:16.000Z,53.7,15.1,10.3,OFF
2026-03-10T18:09:16.000Z,53.7,15,10.3,OFF
2026-03-10T18:10:16.000Z,53.7,15.2,10.3,OFF
2026-03-10T18:11:16.000Z,53.7,15.1,10.3,OFF
2026-03-10T18:12:16.000Z,53.7,15.1,10.3,OFF
2026-03-10T18:13:16.000Z,53.7,15,10.3,OFF
2026-03-10T18:14:16.000Z,53.7,15.2,10.3,OFF
2026-03-10T18:15:16.000Z,53.7,15.1,10.3,OFF
2026-03-10T18:16:16.000Z,53.7,15.1,10.3,OFF
2026-03-10T18:17:16.000Z,53.7,15.1,10.3,OFF
2026-03-10T18:18:16.000Z,53.7,14.9,10.3,OFF
2026-03-10T18:19:16.000Z,53.7,15,10.3,OFF
2026-03-10T18:20:16.000Z,53.7,15.1,10.3,OFF
2026-03-10T18:21:16.000Z,53.7,15.1,10.3,OFF
2026-03-10T18:22:16.000Z,53.7,15.2,10.3,OFF
2026-03-10T18:23:16.000Z,53.7,15.1,10.3,OFF
2026-03-10T18:24:16.000Z,53.7,15.1,10.3,OFF
2026-03-10T18:25:16.000Z,53.7,15.2,10.3,OFF
2026-03-10T18:26:16.000Z,53.7,15.1,10.3,OFF
2026-03-10T18:27:16.000Z,53.7,15.2,10.3,OFF
2026-03-10T18:28:16.000Z,53.7,15.2,10.3,OFF
2026-03-10T18:29:16.000Z,53.7,15.2,10.2,OFF
2026-03-10T18:30:16.000Z,53.7,15.4,10.2,OFF
2026-03-10T18:31:16.000Z,53.7,15.2,10.2,OFF
2026-03-10T18:32:16.000Z,53.7,15.2,10.2,OFF
2026-03-10T18:33:16.000Z,53.7,15.2,10.2,OFF
2026-03-10T18:34:16.000Z,53.7,15.1,10.2,OFF
2026-03-10T18:35:16.000Z,53.7,15.1,10.2,OFF
2026-03-10T18:36:16.000Z,53.7,15.1,10.2,OFF
2026-03-10T18:37:16.000Z,53.7,15.1,10.1,OFF
2026-03-10T18:38:16.000Z,53.7,15.1,10.1,OFF
2026-03-10T18:39:16.000Z,53.7,15.1,10.1,OFF
2026-03-10T18:40:16.000Z,53.7,15.2,10.1,OFF
2026-03-10T18:41:16.000Z,53.7,15.2,10.1,OFF
2026-03-10T18:42:16.000Z,53.7,15.2,10.1,OFF
2026-03-10T18:43:16.000Z,53.7,15.3,10.1,OFF
2026-03-10T18:44:16.000Z,53.6,15.2,10.1,OFF
2026-03-10T18:45:16.000Z,53.7,15.3,10.1,OFF
2026-03-10T18:46:16.000Z,53.7,15.6,10.1,OFF
2026-03-10T18:47:16.000Z,53.7,15.2,9.9,OFF
2026-03-10T18:48:16.000Z,53.7,15.2,9.9,OFF
2026-03-10T18:49:16.000Z,53.7,15.3,9.9,OFF
2026-03-10T18:50:16.000Z,53.7,15.1,9.9,OFF
2026-03-10T18:51:16.000Z,53.7,15.1,9.9,OFF
2026-03-10T18:52:16.000Z,53.7,15.1,9.9,OFF
2026-03-10T18:53:16.000Z,53.7,15.4,9.9,OFF
2026-03-10T18:54:16.000Z,53.6,15.1,9.9,OFF
2026-03-10T18:55:16.000Z,53.6,15,9.9,OFF
2026-03-10T18:56:16.000Z,53.7,15.2,9.9,OFF
2026-03-10T18:57:16.000Z,53.7,15.2,9.9,OFF
2026-03-10T18:58:16.000Z,53.7,15.1,9.9,OFF
2026-03-10T18:59:16.000Z,53.7,15.1,9.9,OFF
2026-03-10T19:00:16.000Z,53.7,15.1,9.9,OFF
2026-03-10T19:01:16.000Z,53.7,15.1,9.9,OFF
2026-03-10T19:02:16.000Z,53.7,15.1,9.9,OFF
2026-03-10T19:03:16.000Z,53.7,15.2,9.9,OFF
2026-03-10T19:04:16.000Z,53.7,15.2,9.9,OFF
2026-03-10T19:05:16.000Z,53.7,15.3,9.9,OFF
2026-03-10T19:06:16.000Z,53.7,15.3,9.9,OFF
2026-03-10T19:07:16.000Z,53.7,15.3,9.9,OFF
2026-03-10T19:08:16.000Z,53.7,15.1,9.9,OFF
2026-03-10T19:09:16.000Z,53.7,15.1,9.9,OFF
2026-03-10T19:10:16.000Z,53.7,15.1,9.9,OFF
2026-03-10T19:11:16.000Z,53.7,15.2,9.9,OFF
2026-03-10T19:12:16.000Z,53.7,15.2,9.9,OFF
2026-03-10T19:13:16.000Z,53.7,15.2,9.9,OFF
2026-03-10T19:14:16.000Z,53.7,15.2,9.9,OFF
2026-03-10T19:15:16.000Z,53.7,15.2,9.9,OFF
2026-03-10T19:16:16.000Z,53.7,15.2,9.9,OFF
2026-03-10T19:17:16.000Z,53.7,15.3,9.9,OFF
2026-03-10T19:18:16.000Z,53.7,15.2,9.9,OFF
2026-03-10T19:19:16.000Z,53.7,15.2,9.9,OFF
2026-03-10T19:20:16.000Z,53.7,15.2,9.9,OFF
2026-03-10T19:21:16.000Z,53.7,15.2,9.9,OFF
2026-03-10T19:22:16.000Z,53.7,15.4,9.9,OFF
2026-03-10T19:23:16.000Z,53.6,15.3,9.9,OFF
2026-03-10T19:24:16.000Z,53.7,15.2,9.9,OFF
2026-03-10T19:25:16.000Z,53.7,15.2,9.9,OFF
2026-03-10T19:26:16.000Z,53.6,15.2,9.9,OFF
2026-03-10T19:27:16.000Z,53.6,15.2,9.7,OFF
2026-03-10T19:28:16.000Z,53.6,15.1,9.7,OFF
2026-03-10T19:29:16.000Z,53.7,15.1,9.7,OFF
2026-03-10T19:30:16.000Z,53.6,15.2,9.7,OFF
2026-03-10T19:31:16.000Z,53.6,15.2,9.7,OFF
2026-03-10T19:32:16.000Z,53.6,15.3,9.7,OFF
2026-03-10T19:33:16.000Z,53.6,15.3,9.7,OFF
2026-03-10T19:34:16.000Z,53.6,15.3,9.7,OFF
2026-03-10T19:35:16.000Z,53.6,15.3,9.7,OFF
2026-03-10T19:36:16.000Z,53.6,15.4,9.7,OFF
2026-03-10T19:37:16.000Z,53.6,15.3,9.7,OFF
2026-03-10T19:38:16.000Z,53.6,15.4,9.7,OFF
2026-03-10T19:39:16.000Z,53.6,15.3,9.7,OFF
2026-03-10T19:40:16.000Z,53.6,15.4,9.7,OFF
2026-03-10T19:41:16.000Z,53.6,15.2,9.7,OFF
2026-03-10T19:42:16.000Z,53.6,15.3,9.7,OFF
2026-03-10T19:43:16.000Z,53.7,15.3,9.7,OFF
2026-03-10T19:44:16.000Z,53.6,15.3,9.7,OFF
2026-03-10T19:45:16.000Z,53.6,15.3,9.7,OFF
2026-03-10T19:46:16.000Z,53.6,15.2,9.7,OFF
2026-03-10T19:47:16.000Z,53.6,15.3,9.7,OFF
2026-03-10T19:48:16.000Z,53.6,15.3,9.7,OFF
2026-03-10T19:49:16.000Z,53.6,15.4,9.7,OFF
2026-03-10T19:50:16.000Z,53.6,15.4,9.7,OFF
2026-03-10T19:51:16.000Z,53.6,15.3,9.7,OFF
2026-03-10T19:52:16.000Z,53.6,15.3,9.7,OFF
2026-03-10T19:53:16.000Z,53.6,15.3,9.7,OFF
2026-03-10T19:54:16.000Z,53.6,15.4,9.7,OFF
2026-03-10T19:55:16.000Z,53.6,15.4,9.7,OFF
2026-03-10T19:56:16.000Z,53.6,15.4,9.7,OFF
2026-03-10T19:57:16.000Z,53.6,15.4,9.7,OFF
2026-03-10T19:58:16.000Z,53.6,15.3,9.7,OFF
2026-03-10T19:59:16.000Z,53.7,13.9,9.5,OFF
2026-03-10T20:00:16.000Z,53.9,12.8,9.5,OFF
2026-03-10T20:01:16.000Z,54,12.3,9.5,OFF
2026-03-10T20:02:16.000Z,54,12.1,9.5,OFF
2026-03-10T20:03:16.000Z,54,12.2,9.5,OFF
2026-03-10T20:04:16.000Z,54,12,9.5,OFF
2026-03-10T20:05:16.000Z,54.1,11.9,9.5,OFF
2026-03-10T20:06:16.000Z,54.1,11.9,9.5,OFF
2026-03-10T20:07:16.000Z,54.1,11.7,9.5,OFF
2026-03-10T20:08:16.000Z,54.1,11.7,9.5,OFF
2026-03-10T20:09:16.000Z,54.1,11.7,9.5,OFF
2026-03-10T20:10:16.000Z,54.2,11.5,9.5,OFF
2026-03-10T20:11:16.000Z,54.2,11.4,9.5,OFF
2026-03-10T20:12:16.000Z,54.2,11.1,9.5,OFF
2026-03-10T20:13:16.000Z,54.2,11.3,9.5,OFF
2026-03-10T20:14:16.000Z,54.2,11.4,9.5,OFF
2026-03-10T20:15:16.000Z,54.2,11,9.5,OFF
2026-03-10T20:16:16.000Z,54.2,11.4,9.5,OFF
2026-03-10T20:17:16.000Z,54.2,11.3,9.5,OFF
2026-03-10T20:18:16.000Z,54.2,11.2,9.5,OFF
2026-03-10T20:19:16.000Z,54.2,11.1,9.5,OFF
2026-03-10T20:20:16.000Z,54.2,11.3,9.5,OFF
2026-03-10T20:21:16.000Z,54.2,10.9,9.5,OFF
2026-03-10T20:22:16.000Z,54.2,11,9.5,OFF
2026-03-10T20:23:16.000Z,54.2,10.9,9.5,OFF
2026-03-10T20:24:16.000Z,54.2,10.6,9.5,OFF
2026-03-10T20:25:16.000Z,54.2,10.9,9.5,OFF
2026-03-10T20:26:16.000Z,54.2,11.3,9.5,OFF
2026-03-10T20:27:16.000Z,54.2,11.3,9.5,OFF
2026-03-10T20:28:16.000Z,54.2,11.1,9.5,OFF
2026-03-10T20:29:16.000Z,54.2,11.1,9.5,OFF
2026-03-10T20:30:16.000Z,54.2,11.2,9.5,OFF
2026-03-10T20:31:16.000Z,54.2,11,9.5,OFF
2026-03-10T20:32:16.000Z,54.3,10.8,9.5,OFF
2026-03-10T20:33:16.000Z,54.2,10.8,9.5,OFF
2026-03-10T20:34:16.000Z,54.3,10.6,9.5,OFF
2026-03-10T20:35:16.000Z,54.2,10.7,9.5,OFF
2026-03-10T20:36:16.000Z,54.2,11.1,9.5,OFF
2026-03-10T20:37:16.000Z,54.2,11,9.5,OFF
2026-03-10T20:38:16.000Z,54.3,10.9,9.5,OFF
2026-03-10T20:39:16.000Z,54.2,10.7,9.5,OFF
2026-03-10T20:40:16.000Z,54.3,11,9.5,OFF
2026-03-10T20:41:16.000Z,54.3,10.9,9.5,OFF
2026-03-10T20:42:16.000Z,54.3,10.6,9.5,OFF
2026-03-10T20:43:16.000Z,54.2,10.9,9.5,OFF
2026-03-10T20:44:16.000Z,54.3,11,9.5,OFF
2026-03-10T20:45:16.000Z,54.3,10.6,9.5,OFF
2026-03-10T20:46:16.000Z,54.2,10.7,9.5,OFF
2026-03-10T20:47:16.000Z,54.2,10.5,9.5,OFF
2026-03-10T20:48:16.000Z,54.2,10.9,9.5,OFF
2026-03-10T20:49:16.000Z,54.2,10.8,9.5,OFF
2026-03-10T20:50:16.000Z,54.2,10.5,9.5,OFF
2026-03-10T20:51:16.000Z,54.2,10.5,9.5,OFF
2026-03-10T20:52:16.000Z,54.3,10.5,9.5,OFF
2026-03-10T20:53:16.000Z,54.3,10.5,9.5,OFF
2026-03-10T20:54:16.000Z,54.3,10.3,9.5,OFF
2026-03-10T20:55:16.000Z,54.3,10.7,9.5,OFF
2026-03-10T20:56:16.000Z,54.3,10.3,9.5,OFF
2026-03-10T20:57:16.000Z,54.3,10.5,9.5,OFF
2026-03-10T20:58:16.000Z,54.3,10.8,9.5,OFF
2026-03-10T20:59:16.000Z,54.3,10.5,9.5,OFF
2026-03-10T21:00:16.000Z,54.3,10.6,9.5,OFF
2026-03-10T21:01:16.000Z,54.3,10.5,9.5,OFF
2026-03-10T21:02:16.000Z,54.3,10.8,9.5,OFF
2026-03-10T21:03:16.000Z,54.3,10.4,9.5,OFF
2026-03-10T21:04:16.000Z,54.2,10.8,9.5,OFF
2026-03-10T21:05:16.000Z,54.3,10.5,9.5,OFF
2026-03-10T21:06:16.000Z,54.3,10.5,9.5,OFF
2026-03-10T21:07:16.000Z,54.3,10.6,9.5,OFF
2026-03-10T21:08:16.000Z,54.2,10.3,9.5,OFF
2026-03-10T21:09:16.000Z,54.3,10.4,9.5,OFF
2026-03-10T21:10:16.000Z,54.2,10.6,9.5,OFF
2026-03-10T21:11:16.000Z,54.3,10.2,9.5,OFF
2026-03-10T21:12:16.000Z,54.3,10.3,9.5,OFF
2026-03-10T21:13:16.000Z,54.3,10.5,9.5,OFF
2026-03-10T21:14:16.000Z,54.3,10.2,9.5,OFF
2026-03-10T21:15:16.000Z,54.3,10.5,9.5,OFF
2026-03-10T21:16:16.000Z,54.4,10.4,9.5,OFF
2026-03-10T21:17:16.000Z,54.3,10.3,9.5,OFF
2026-03-10T21:18:16.000Z,54.3,10.7,9.5,OFF
2026-03-10T21:19:16.000Z,54.3,10.8,9.5,OFF
2026-03-10T21:20:16.000Z,54.3,10.6,9.5,OFF
2026-03-10T21:21:16.000Z,54.3,10.5,9.5,OFF
2026-03-10T21:22:16.000Z,54.3,10.7,9.5,OFF
2026-03-10T21:23:16.000Z,54.3,10.9,9.5,OFF
2026-03-10T21:24:16.000Z,54.3,10.8,9.5,OFF
2026-03-10T21:25:16.000Z,54.3,10.4,9.5,OFF
2026-03-10T21:26:16.000Z,54.3,10.7,9.5,OFF
2026-03-10T21:27:16.000Z,54.2,10.6,9.5,OFF
2026-03-10T21:28:16.000Z,54.2,10.4,9.5,OFF
2026-03-10T21:29:16.000Z,54.3,10.5,9.5,OFF
2026-03-10T21:30:16.000Z,54.3,10.4,9.5,OFF
2026-03-10T21:31:16.000Z,54.3,10.3,9.5,OFF
2026-03-10T21:32:16.000Z,54.3,10.5,9.5,OFF
2026-03-10T21:33:16.000Z,54.3,10.4,9.5,OFF
2026-03-10T21:34:16.000Z,54.3,10.5,9.5,OFF
2026-03-10T21:35:16.000Z,54.3,10.3,9.5,OFF
2026-03-10T21:36:16.000Z,54.3,10.4,9.5,OFF
2026-03-10T21:37:16.000Z,54.3,10.3,9.5,OFF
2026-03-10T21:38:16.000Z,54.3,10.5,9.5,OFF
2026-03-10T21:39:16.000Z,54.3,10.7,9.5,OFF
2026-03-10T21:40:16.000Z,54.3,10.8,9.5,OFF
2026-03-10T21:41:16.000Z,54.3,11.1,9.5,OFF
2026-03-10T21:42:16.000Z,54.3,10.8,9.5,OFF
2026-03-10T21:43:16.000Z,54.2,10.5,9.5,OFF
2026-03-10T21:44:16.000Z,54.2,10.7,9.5,OFF
2026-03-10T21:45:16.000Z,54.2,10.8,9.5,OFF
2026-03-10T21:46:16.000Z,54.2,11,9.5,OFF
2026-03-10T21:47:16.000Z,54.2,11,9.5,OFF
2026-03-10T21:48:16.000Z,54.2,11,9.5,OFF
2026-03-10T21:49:16.000Z,54.2,10.7,9.5,OFF
2026-03-10T21:50:16.000Z,54.2,10.5,9.5,OFF
2026-03-10T21:51:16.000Z,54.2,10.3,9.5,OFF
2026-03-10T21:52:16.000Z,54.2,10.5,9.5,OFF
2026-03-10T21:53:16.000Z,54.2,10.7,9.5,OFF
2026-03-10T21:54:16.000Z,54.3,10.8,9.5,OFF
2026-03-10T21:55:16.000Z,54.3,10.8,9.5,OFF
2026-03-10T21:56:16.000Z,54.2,10.9,9.5,OFF
2026-03-10T21:57:16.000Z,54.3,10.9,9.5,OFF
2026-03-10T21:58:16.000Z,54.2,10.6,9.5,OFF
2026-03-10T21:59:16.000Z,54.3,10.7,9.5,OFF
2026-03-10T22:00:16.000Z,54.2,10.6,9.5,OFF
2026-03-10T22:01:16.000Z,54.2,10.5,9.5,OFF
2026-03-10T22:02:16.000Z,54.2,10.8,9.5,OFF
2026-03-10T22:03:16.000Z,54.2,10.6,9.5,OFF
2026-03-10T22:04:16.000Z,54.3,10.4,9.5,OFF
2026-03-10T22:05:16.000Z,54.2,10.5,9.5,OFF
2026-03-10T22:06:16.000Z,54.2,10.7,9.5,OFF
2026-03-10T22:07:16.000Z,54.2,10.8,9.5,OFF
2026-03-10T22:08:16.000Z,54.2,10.6,9.5,OFF
2026-03-10T22:09:16.000Z,54.2,10.8,9.5,OFF
2026-03-10T22:10:16.000Z,54.2,10.7,9.5,OFF
2026-03-10T22:11:16.000Z,54.3,10.5,9.5,OFF
2026-03-10T22:12:16.000Z,54.2,10.8,9.5,OFF
2026-03-10T22:13:16.000Z,54.2,10.7,9.5,OFF
2026-03-10T22:14:16.000Z,54.2,10.9,9.5,OFF
2026-03-10T22:15:16.000Z,54.2,10.9,9.5,OFF
2026-03-10T22:16:16.000Z,54.2,10.4,9.5,OFF
2026-03-10T22:17:16.000Z,54.2,10.6,9.5,OFF
2026-03-10T22:18:16.000Z,54.2,10.8,9.5,OFF
2026-03-10T22:19:16.000Z,54.2,10.3,9.5,OFF
2026-03-10T22:20:16.000Z,54.2,10.7,9.5,OFF
2026-03-10T22:21:16.000Z,54.2,10.5,9.5,OFF
2026-03-10T22:22:16.000Z,54.2,10.4,9.5,OFF
2026-03-10T22:23:16.000Z,54.2,10.7,9.5,OFF
2026-03-10T22:24:16.000Z,54.3,10.4,10.2,OFF
2026-03-10T22:25:16.000Z,54.2,10.5,10.2,OFF
2026-03-10T22:26:16.000Z,54.2,10.7,10.2,OFF
2026-03-10T22:27:16.000Z,54.3,10.6,10.2,OFF
2026-03-10T22:28:16.000Z,54.2,10.8,10.2,OFF
2026-03-10T22:29:16.000Z,54.3,10.9,10.2,OFF
2026-03-10T22:30:16.000Z,54.2,10.8,10.2,OFF
2026-03-10T22:31:16.000Z,54.2,10.6,10.2,OFF
2026-03-10T22:32:16.000Z,54.2,10.8,10.2,OFF
2026-03-10T22:33:16.000Z,54.2,10.5,10.2,OFF
2026-03-10T22:34:16.000Z,54.2,10.6,10.2,OFF
2026-03-10T22:35:16.000Z,54.2,10.6,10.2,OFF
2026-03-10T22:36:16.000Z,54.2,10.6,10.2,OFF
2026-03-10T22:37:16.000Z,54.2,10.5,10.2,OFF
2026-03-10T22:38:16.000Z,54.3,10.6,10.2,OFF
2026-03-10T22:39:16.000Z,54.2,10.4,10.2,OFF
2026-03-10T22:40:16.000Z,54.3,10.7,10.2,OFF
2026-03-10T22:41:16.000Z,54.2,10.3,10.2,OFF
2026-03-10T22:42:16.000Z,54.2,10.5,10.2,OFF
2026-03-10T22:43:16.000Z,54.2,10.6,10.2,OFF
2026-03-10T22:44:16.000Z,54.2,10.3,10.2,OFF
2026-03-10T22:45:16.000Z,54.2,10.3,10.2,OFF
2026-03-10T22:46:16.000Z,54.2,10.6,10.2,OFF
2026-03-10T22:47:16.000Z,54.2,10.5,10.2,OFF
2026-03-10T22:48:16.000Z,54.2,10.4,10.2,OFF
2026-03-10T22:49:16.000Z,54.2,10.3,10.2,OFF
2026-03-10T22:50:16.000Z,54.2,10.4,10.2,OFF
2026-03-10T22:51:16.000Z,54.2,10.7,10.2,OFF
2026-03-10T22:52:16.000Z,54.2,10.5,10.2,OFF
2026-03-10T22:53:16.000Z,54.2,10.7,10.2,OFF
2026-03-10T22:54:16.000Z,54.2,10.3,10.2,OFF
2026-03-10T22:55:16.000Z,54.3,10.7,10.2,OFF
2026-03-10T22:56:16.000Z,54.2,10.7,10.2,OFF
2026-03-10T22:57:16.000Z,54.2,10.5,10.2,OFF
2026-03-10T22:58:16.000Z,54.2,10.6,10.2,OFF
2026-03-10T22:59:16.000Z,54.2,10.6,10.2,OFF
2026-03-10T23:00:16.000Z,54.2,10.3,10.2,OFF
2026-03-10T23:01:16.000Z,54.2,10.6,10.2,OFF
2026-03-10T23:02:16.000Z,54.2,10.4,10.2,OFF
2026-03-10T23:03:16.000Z,54.2,10.5,10.2,OFF
2026-03-10T23:04:16.000Z,54.2,10.8,10.2,OFF
2026-03-10T23:05:16.000Z,54.3,10.7,10.2,OFF
2026-03-10T23:06:16.000Z,54.2,10.4,10.2,OFF
2026-03-10T23:07:16.000Z,54.2,10.4,10.2,OFF
2026-03-10T23:08:16.000Z,54.2,10.5,10.2,OFF
2026-03-10T23:09:16.000Z,54.2,10.3,10.2,OFF
2026-03-10T23:10:16.000Z,54.2,10.4,10.2,OFF
2026-03-10T23:11:16.000Z,54.2,10.5,10.2,OFF
2026-03-10T23:12:16.000Z,54.2,10.3,10.2,OFF
2026-03-10T23:13:16.000Z,54.2,10.4,10.2,OFF
2026-03-10T23:14:16.000Z,54.2,10.3,10.2,OFF
2026-03-10T23:15:16.000Z,54.2,10.2,10.2,OFF
2026-03-10T23:16:16.000Z,54.2,10.4,10.2,OFF
2026-03-10T23:17:16.000Z,54.2,10.2,10.2,OFF
2026-03-10T23:18:16.000Z,54.2,10.4,10.2,OFF
2026-03-10T23:19:16.000Z,54.2,10.5,10.2,OFF
2026-03-10T23:20:16.000Z,54.2,10.4,10.2,OFF
2026-03-10T23:21:16.000Z,54.2,10.4,10.2,OFF
2026-03-10T23:22:16.000Z,54.2,10.3,10.2,OFF
2026-03-10T23:23:16.000Z,54.2,10.4,10.2,OFF
2026-03-10T23:24:16.000Z,54.2,10.3,10.2,OFF
2026-03-10T23:25:16.000Z,54.2,10.4,10.2,OFF
2026-03-10T23:26:16.000Z,54.2,10.5,10.2,OFF
2026-03-10T23:27:16.000Z,54.2,10.5,10.2,OFF
2026-03-10T23:28:16.000Z,54.2,10.4,10.2,OFF
2026-03-10T23:29:16.000Z,54.2,10.2,10.2,OFF
2026-03-10T23:30:16.000Z,54.2,10.2,10.2,OFF
2026-03-10T23:31:16.000Z,54.2,10.4,10.2,OFF
2026-03-10T23:32:16.000Z,54.2,10.3,10.2,OFF
2026-03-10T23:33:16.000Z,54.2,10.3,10.2,OFF
2026-03-10T23:34:16.000Z,54.2,10.2,10.2,OFF
2026-03-10T23:35:16.000Z,54.2,10.3,10.2,OFF
2026-03-10T23:36:16.000Z,54.2,10.5,10.2,OFF
2026-03-10T23:37:16.000Z,54.1,11.1,10.2,OFF
2026-03-10T23:38:16.000Z,54.1,11.4,10.2,OFF
2026-03-10T23:39:16.000Z,54.1,11.5,10.2,OFF
2026-03-10T23:40:16.000Z,54,11.8,10.2,OFF
2026-03-10T23:41:16.000Z,54,12,10.2,OFF
2026-03-10T23:42:16.000Z,53.9,12.3,10.2,OFF
2026-03-10T23:43:16.000Z,53.9,12.4,10.2,OFF
2026-03-10T23:44:16.000Z,53.9,12.4,10.2,OFF
2026-03-10T23:45:16.000Z,53.9,12.7,10.2,OFF
2026-03-10T23:46:16.000Z,53.9,12.6,10.2,OFF
2026-03-10T23:47:16.000Z,53.9,12.6,10.1,OFF
2026-03-10T23:48:16.000Z,53.9,12.8,10.1,OFF
2026-03-10T23:49:16.000Z,53.9,12.8,10.1,OFF
2026-03-10T23:50:16.000Z,53.9,12.9,10.1,OFF
2026-03-10T23:51:16.000Z,53.9,12.9,10.1,OFF
2026-03-10T23:52:16.000Z,53.9,13.1,10.1,OFF
2026-03-10T23:53:16.000Z,53.8,13.1,10.1,OFF
2026-03-10T23:54:16.000Z,53.8,13.1,10.1,OFF
2026-03-10T23:55:16.000Z,53.8,13.2,10.1,OFF
2026-03-10T23:56:16.000Z,53.8,13.2,10.1,OFF
2026-03-10T23:57:16.000Z,53.8,13.2,10.1,OFF
2026-03-10T23:58:16.000Z,53.8,13.3,10.1,OFF
2026-03-10T23:59:16.000Z,53.8,13.2,10.1,OFF
2026-03-11T00:00:16.000Z,53.8,13.5,10.1,OFF
2026-03-11T00:01:16.000Z,53.7,13.3,10.1,OFF
2026-03-11T00:02:16.000Z,53.8,13.5,10.1,OFF
2026-03-11T00:03:16.000Z,53.7,13.3,10.1,OFF
2026-03-11T00:04:16.000Z,53.7,13.4,10.1,OFF
2026-03-11T00:05:16.000Z,53.8,13.5,10.1,OFF
2026-03-11T00:06:16.000Z,53.7,13.6,10.1,OFF
2026-03-11T00:07:16.000Z,53.7,13.6,10.1,OFF
2026-03-11T00:08:16.000Z,53.8,13.6,10.1,OFF
2026-03-11T00:09:16.000Z,53.7,13.4,10.1,OFF
2026-03-11T00:10:16.000Z,53.7,13.6,10.1,OFF
2026-03-11T00:11:16.000Z,53.7,13.6,10.1,OFF
2026-03-11T00:12:16.000Z,53.7,13.7,10.1,OFF
2026-03-11T00:13:16.000Z,53.7,13.7,10.1,OFF
2026-03-11T00:14:16.000Z,53.7,13.7,10.1,OFF
2026-03-11T00:15:16.000Z,53.7,13.8,10.1,OFF
2026-03-11T00:16:16.000Z,53.7,13.8,10.1,OFF
2026-03-11T00:17:16.000Z,53.8,13.8,10.1,OFF
2026-03-11T00:18:16.000Z,53.7,13.9,10.1,OFF
2026-03-11T00:19:16.000Z,53.7,13.8,10.1,OFF
2026-03-11T00:20:16.000Z,53.7,13.8,10.1,OFF
2026-03-11T00:21:16.000Z,53.7,13.7,10.1,OFF
2026-03-11T00:22:16.000Z,53.7,13.8,10.1,OFF
2026-03-11T00:23:16.000Z,53.7,13.7,10.1,OFF
2026-03-11T00:24:16.000Z,53.7,13.8,10.1,OFF
2026-03-11T00:25:16.000Z,53.7,13.8,10.1,OFF
2026-03-11T00:26:16.000Z,53.7,13.9,10.1,OFF
2026-03-11T00:27:16.000Z,53.7,13.8,10.1,OFF
2026-03-11T00:28:16.000Z,53.7,13.9,10.1,OFF
2026-03-11T00:29:16.000Z,53.7,13.8,10.1,OFF
2026-03-11T00:30:16.000Z,53.7,14,10.1,OFF
2026-03-11T00:31:16.000Z,53.7,14,10.1,OFF
2026-03-11T00:32:16.000Z,53.7,14,10.1,OFF
2026-03-11T00:33:16.000Z,53.7,14.1,10.1,OFF
2026-03-11T00:34:16.000Z,53.7,14.1,10.1,OFF
2026-03-11T00:35:16.000Z,53.7,14,10.1,OFF
2026-03-11T00:36:16.000Z,53.7,14.1,10.1,OFF
2026-03-11T00:37:16.000Z,53.7,14,10.1,OFF
2026-03-11T00:38:16.000Z,53.7,14.1,10.1,OFF
2026-03-11T00:39:16.000Z,53.7,14.2,10.1,OFF
2026-03-11T00:40:16.000Z,53.7,14.1,10.1,OFF
2026-03-11T00:41:16.000Z,53.7,14.2,10.1,OFF
2026-03-11T00:42:16.000Z,53.6,14,10.1,OFF
2026-03-11T00:43:16.000Z,53.6,13.9,10.1,OFF
2026-03-11T00:45:43.000Z,53.6,14.1,10.1,OFF
2026-03-11T00:46:43.000Z,53.6,14.3,10.1,OFF
2026-03-11T00:47:43.000Z,53.6,14.2,10.1,OFF
2026-03-11T00:48:43.000Z,53.6,14.3,10.1,OFF
2026-03-11T00:49:43.000Z,53.6,14.3,10.1,OFF
2026-03-11T00:50:43.000Z,53.6,14.4,10.1,OFF
2026-03-11T00:51:43.000Z,53.6,14.3,10.1,OFF
2026-03-11T00:52:43.000Z,53.6,14.2,10.1,OFF
2026-03-11T00:53:43.000Z,53.6,14.3,10.1,OFF
2026-03-11T00:54:43.000Z,53.6,14.2,10.1,OFF
2026-03-11T00:55:43.000Z,53.6,14.3,10,OFF
2026-03-11T00:56:43.000Z,53.6,14.3,10,OFF
2026-03-11T00:57:43.000Z,53.7,14.3,10,OFF
2026-03-11T00:58:43.000Z,54.7,14.2,10,OFF
2026-03-11T00:59:43.000Z,54.6,14.3,10,OFF
2026-03-11T01:00:43.000Z,54.6,14.3,10,OFF
2026-03-11T01:01:43.000Z,54.6,14.4,10,OFF
2026-03-11T01:02:43.000Z,54.6,14.6,10,OFF
2026-03-11T01:03:43.000Z,54.6,14.3,10,OFF
2026-03-11T01:04:43.000Z,54.6,14.4,10,OFF
2026-03-11T01:05:43.000Z,54.6,14.2,10,OFF
2026-03-11T01:06:43.000Z,54.5,14.2,10,OFF
2026-03-11T01:07:43.000Z,54.6,14.3,10,OFF
2026-03-11T01:08:43.000Z,54.6,14.3,10,OFF
2026-03-11T01:09:43.000Z,54.7,14.3,10,OFF
2026-03-11T01:10:43.000Z,54.5,14.2,10,OFF
2026-03-11T01:11:43.000Z,54.7,14.2,10,OFF
2026-03-11T01:12:43.000Z,54.6,14.3,10,OFF
2026-03-11T01:13:43.000Z,54.6,14.3,10,OFF
2026-03-11T01:14:43.000Z,54.5,14.2,10,OFF
2026-03-11T01:15:43.000Z,54.5,14.2,10,OFF
2026-03-11T01:16:43.000Z,54.6,14.3,10,OFF
2026-03-11T01:17:43.000Z,54.6,14.2,10,OFF
2026-03-11T01:18:43.000Z,54.6,14.3,10,OFF
2026-03-11T01:19:43.000Z,54.5,14.3,10,OFF
2026-03-11T01:20:43.000Z,54.6,14.3,10,OFF
2026-03-11T01:21:43.000Z,54.5,14.4,10,OFF
2026-03-11T01:22:43.000Z,54.5,14.3,10,OFF
2026-03-11T01:23:43.000Z,54.5,14.2,10,OFF
2026-03-11T01:24:43.000Z,54.5,14.3,10,OFF
2026-03-11T01:25:43.000Z,54.5,14.2,10,OFF
2026-03-11T01:26:43.000Z,54.6,14.4,10,OFF
2026-03-11T01:27:43.000Z,54.5,14.2,9.9,OFF
2026-03-11T01:28:43.000Z,54.5,14.1,9.9,OFF
2026-03-11T01:29:43.000Z,54.5,14.2,9.9,OFF
2026-03-11T01:30:43.000Z,54.5,14.2,9.9,OFF
2026-03-11T01:31:43.000Z,54.5,14.3,9.9,OFF
2026-03-11T01:32:43.000Z,54.5,14.2,9.9,OFF
2026-03-11T01:33:43.000Z,54.5,14.3,9.9,OFF
2026-03-11T01:34:43.000Z,54.5,14.2,9.9,OFF
2026-03-11T01:35:43.000Z,54.5,14.2,9.9,OFF
2026-03-11T01:36:43.000Z,54.5,14.3,9.9,OFF
2026-03-11T01:37:43.000Z,54.5,14.3,9.8,OFF
2026-03-11T01:38:43.000Z,54.5,14.2,9.8,OFF
2026-03-11T01:39:43.000Z,54.5,14.2,9.8,OFF
2026-03-11T01:40:43.000Z,54.6,14.3,9.8,OFF
2026-03-11T01:41:43.000Z,54.5,14.5,9.8,OFF
2026-03-11T01:42:43.000Z,54.5,14.3,9.8,OFF
2026-03-11T01:43:43.000Z,54.5,14.4,9.8,OFF
2026-03-11T01:44:43.000Z,54.5,14.2,9.8,OFF
2026-03-11T01:45:43.000Z,54.5,14.4,9.8,OFF
2026-03-11T01:46:43.000Z,54.5,14.2,9.8,OFF
2026-03-11T01:47:43.000Z,54.5,14.5,9.8,OFF
2026-03-11T01:48:43.000Z,54.5,14.3,9.6,OFF
2026-03-11T01:49:43.000Z,54.5,14.3,9.6,OFF
2026-03-11T01:50:43.000Z,54.5,14.3,9.6,OFF
2026-03-11T01:51:43.000Z,54.5,14.3,9.6,OFF
2026-03-11T01:52:43.000Z,54.5,14.3,9.6,OFF
2026-03-11T01:53:43.000Z,54.5,14.4,9.6,OFF
2026-03-11T01:54:43.000Z,54.5,14.4,9.6,OFF
2026-03-11T01:55:43.000Z,54.5,14.4,9.6,OFF
2026-03-11T01:56:43.000Z,54.5,14.4,9.6,OFF
2026-03-11T01:57:43.000Z,54.5,14.4,9.6,OFF
2026-03-11T01:58:43.000Z,54.5,14.4,9.6,OFF
2026-03-11T01:59:43.000Z,54.5,14.3,9.6,OFF
2026-03-11T02:00:43.000Z,54.5,14.4,9.6,OFF
2026-03-11T02:01:43.000Z,54.5,14.5,9.6,OFF
2026-03-11T02:02:43.000Z,54.5,14.5,9.6,OFF
2026-03-11T02:03:43.000Z,54.5,14.5,9.6,OFF
2026-03-11T02:04:43.000Z,54.5,14.4,9.6,OFF
2026-03-11T02:05:43.000Z,54.5,14.3,9.6,OFF
2026-03-11T02:06:43.000Z,54.5,14.6,9.6,OFF
2026-03-11T02:07:43.000Z,54.5,14.3,9.6,OFF
2026-03-11T02:08:43.000Z,54.5,14.5,9.6,OFF
2026-03-11T02:09:43.000Z,54.5,14.4,9.6,OFF
2026-03-11T02:10:43.000Z,54.4,14.4,9.6,OFF
2026-03-11T02:11:43.000Z,54.5,14.4,9.6,OFF
2026-03-11T02:12:43.000Z,54.4,14.4,9.6,OFF
2026-03-11T02:13:43.000Z,54.4,14.6,9.6,OFF
2026-03-11T02:14:43.000Z,54.4,14.5,9.6,OFF
2026-03-11T02:15:43.000Z,54.4,14.6,9.6,OFF
2026-03-11T02:16:43.000Z,54.4,14.8,9.6,OFF
2026-03-11T02:17:43.000Z,54.4,14.5,9.6,OFF
2026-03-11T02:18:43.000Z,54.4,14.6,9.6,OFF
2026-03-11T02:19:43.000Z,54.4,14.6,9.6,OFF
2026-03-11T02:20:43.000Z,54.4,14.7,9.6,OFF
2026-03-11T02:21:43.000Z,54.4,14.6,9.6,OFF
2026-03-11T02:22:43.000Z,54.4,14.6,9.7,OFF
2026-03-11T02:23:43.000Z,54.4,14.7,9.7,OFF
2026-03-11T02:24:43.000Z,54.4,14.7,9.7,OFF
2026-03-11T02:25:43.000Z,54.4,14.8,9.7,OFF
2026-03-11T02:26:43.000Z,54.4,14.8,9.7,OFF
2026-03-11T02:27:43.000Z,54.4,14.8,9.8,OFF
2026-03-11T02:28:43.000Z,54.4,14.7,9.8,OFF
2026-03-11T02:29:43.000Z,54.4,14.7,9.8,OFF
2026-03-11T02:30:43.000Z,54.4,14.6,9.8,OFF
2026-03-11T02:31:43.000Z,54.4,14.7,9.8,OFF
2026-03-11T02:32:43.000Z,54.4,14.6,9.8,OFF
2026-03-11T02:33:43.000Z,54.4,14.7,9.8,OFF
2026-03-11T02:34:43.000Z,54.4,14.7,9.8,OFF
2026-03-11T02:35:43.000Z,54.4,14.8,9.8,OFF
2026-03-11T02:36:43.000Z,54.4,14.8,9.8,OFF
2026-03-11T02:37:43.000Z,54.4,14.7,9.8,OFF
2026-03-11T02:38:43.000Z,54.4,14.7,9.8,OFF
2026-03-11T02:39:43.000Z,54.4,14.7,9.8,OFF
2026-03-11T02:40:43.000Z,54.4,14.8,9.8,OFF
2026-03-11T02:41:43.000Z,54.4,14.7,9.8,OFF
2026-03-11T02:42:43.000Z,54.4,14.8,9.8,OFF
2026-03-11T02:43:43.000Z,54.4,14.7,9.8,OFF
2026-03-11T02:44:43.000Z,54.4,14.8,9.8,OFF
2026-03-11T02:45:43.000Z,54.4,14.7,9.8,OFF
2026-03-11T02:46:43.000Z,54.4,14.8,9.8,OFF
2026-03-11T02:47:43.000Z,54.4,14.7,9.8,OFF
2026-03-11T02:48:43.000Z,54.4,14.9,9.8,OFF
2026-03-11T02:49:43.000Z,54.4,14.7,9.8,OFF
2026-03-11T02:50:43.000Z,54.4,14.7,9.8,OFF
2026-03-11T02:51:43.000Z,54.4,14.9,9.8,OFF
2026-03-11T02:52:43.000Z,54.4,14.8,9.8,OFF
2026-03-11T02:53:43.000Z,54.4,14.7,9.8,OFF
2026-03-11T02:54:43.000Z,54.4,14.7,9.8,OFF
2026-03-11T02:55:43.000Z,54.4,14.7,9.8,OFF
2026-03-11T02:56:43.000Z,54.4,14.7,9.8,OFF
2026-03-11T02:57:43.000Z,54.4,14.8,9.8,OFF
2026-03-11T02:58:43.000Z,54.4,14.9,9.8,OFF
2026-03-11T02:59:43.000Z,54.4,14.7,9.7,OFF
2026-03-11T03:00:43.000Z,54.4,14.8,9.7,OFF
2026-03-11T03:01:43.000Z,54.4,14.7,9.7,OFF
2026-03-11T03:02:43.000Z,54.3,14.7,9.7,OFF
2026-03-11T03:03:43.000Z,54.4,14.7,9.7,OFF
2026-03-11T03:04:43.000Z,54.3,14.7,9.7,OFF
2026-03-11T03:05:43.000Z,54.3,14.6,9.7,OFF
2026-03-11T03:06:43.000Z,54.4,14.6,9.7,OFF
2026-03-11T03:07:43.000Z,54.4,14.6,9.7,OFF
2026-03-11T03:08:43.000Z,54.4,14.7,9.7,OFF
2026-03-11T03:09:43.000Z,54.3,14.6,9.7,OFF
2026-03-11T03:10:43.000Z,54.4,14.7,9.7,OFF
2026-03-11T03:11:43.000Z,54.4,14.7,9.7,OFF
2026-03-11T03:12:43.000Z,54.3,14.7,9.7,OFF
2026-03-11T03:13:43.000Z,54.4,14.6,9.7,OFF
2026-03-11T03:14:43.000Z,54.4,14.7,9.7,OFF
2026-03-11T03:15:43.000Z,54.4,14.7,9.7,OFF
2026-03-11T03:16:43.000Z,54.3,14.7,9.7,OFF
2026-03-11T03:17:43.000Z,54.4,14.7,9.7,OFF
2026-03-11T03:18:43.000Z,54.4,14.7,9.7,OFF
2026-03-11T03:19:43.000Z,54.4,14.7,9.7,OFF
2026-03-11T03:20:43.000Z,54.4,14.7,9.7,OFF
2026-03-11T03:21:43.000Z,54.3,14.8,9.7,OFF
2026-03-11T03:22:43.000Z,54.4,14.8,9.7,OFF
2026-03-11T03:23:43.000Z,54.4,14.6,9.7,OFF
2026-03-11T03:24:43.000Z,54.3,14.6,9.7,OFF
2026-03-11T03:25:43.000Z,54.4,14.5,9.7,OFF
2026-03-11T03:26:43.000Z,54.4,14.8,9.7,OFF
2026-03-11T03:27:43.000Z,54.4,14.7,9.7,OFF
2026-03-11T03:28:43.000Z,54.3,14.6,9.7,OFF
2026-03-11T03:29:43.000Z,54.3,14.6,9.7,OFF
2026-03-11T03:30:43.000Z,54.3,14.6,9.7,OFF
2026-03-11T03:31:43.000Z,54.4,15.1,9.7,OFF
2026-03-11T03:32:43.000Z,54.4,14.7,9.7,OFF
2026-03-11T03:33:43.000Z,54.4,14.6,9.7,OFF
2026-03-11T03:34:43.000Z,54.3,14.7,9.7,OFF
2026-03-11T03:35:43.000Z,54.3,14.7,9.7,OFF
2026-03-11T03:36:43.000Z,54.3,14.7,9.7,OFF
2026-03-11T03:37:43.000Z,54.3,14.8,9.7,OFF
2026-03-11T03:38:43.000Z,54.4,14.7,9.7,OFF
2026-03-11T03:39:43.000Z,54.3,14.7,9.7,OFF
2026-03-11T03:40:43.000Z,54.4,14.8,9.7,OFF
2026-03-11T03:41:43.000Z,54.3,14.8,9.7,OFF
2026-03-11T03:42:43.000Z,54.4,14.9,9.7,OFF
2026-03-11T03:43:43.000Z,54.3,14.8,9.7,OFF
2026-03-11T03:44:43.000Z,54.4,14.6,9.7,OFF
2026-03-11T03:45:43.000Z,54.3,14.6,9.7,OFF
2026-03-11T03:46:43.000Z,54.4,14.5,9.7,OFF
2026-03-11T03:47:43.000Z,54.4,14.6,9.7,OFF
2026-03-11T03:48:43.000Z,54.4,14.6,9.7,OFF
2026-03-11T03:49:43.000Z,54.3,14.6,9.7,OFF
2026-03-11T03:50:43.000Z,54.4,14.7,9.7,OFF
2026-03-11T03:51:43.000Z,54.4,14.7,9.7,OFF
2026-03-11T03:52:43.000Z,54.3,14.7,9.7,OFF
2026-03-11T03:53:43.000Z,54.3,14.7,9.7,OFF
2026-03-11T03:54:43.000Z,54.3,14.8,9.7,OFF
2026-03-11T03:55:43.000Z,54.3,14.7,9.7,OFF
2026-03-11T03:56:43.000Z,54.4,14.8,9.7,OFF
2026-03-11T03:57:43.000Z,54.4,14.7,9.7,OFF
2026-03-11T03:58:43.000Z,54.3,14.8,9.7,OFF
2026-03-11T03:59:43.000Z,54.2,14.5,9.7,OFF
2026-03-11T04:00:43.000Z,54.3,14.8,9.7,OFF
2026-03-11T04:01:43.000Z,54.3,14.6,9.7,OFF
2026-03-11T04:02:43.000Z,54.3,14.6,9.7,OFF
2026-03-11T04:03:43.000Z,54.3,14.7,9.7,OFF
2026-03-11T04:04:43.000Z,54.3,14.6,9.7,OFF
2026-03-11T04:05:43.000Z,54.3,14.7,9.7,OFF
2026-03-11T04:06:43.000Z,54.3,14.7,9.7,OFF
2026-03-11T04:07:43.000Z,54.3,14.7,9.7,OFF
2026-03-11T04:08:43.000Z,54.3,14.7,9.7,OFF
2026-03-11T04:09:43.000Z,54.4,14.7,9.7,OFF
2026-03-11T04:10:43.000Z,54.3,14.7,9.7,OFF
2026-03-11T04:11:43.000Z,54.3,14.7,9.7,OFF
2026-03-11T04:12:43.000Z,54.3,14.8,9.7,OFF
2026-03-11T04:13:43.000Z,54.3,14.6,9.7,OFF
2026-03-11T04:14:43.000Z,54.3,14.7,9.7,OFF
2026-03-11T04:15:43.000Z,54.3,14.6,9.7,OFF
2026-03-11T04:16:43.000Z,54.3,14.8,9.7,OFF
2026-03-11T04:17:43.000Z,54.3,14.6,9.7,OFF
2026-03-11T04:18:43.000Z,54.3,14.7,9.7,OFF
2026-03-11T04:19:43.000Z,54.3,14.7,9.7,OFF
2026-03-11T04:20:43.000Z,54.3,15,9.7,OFF
2026-03-11T04:21:43.000Z,54.3,14.7,9.7,OFF
2026-03-11T04:22:43.000Z,54.3,14.7,10.1,OFF
2026-03-11T04:23:43.000Z,54.3,14.7,10.1,OFF
2026-03-11T04:24:43.000Z,54.3,14.9,10.1,OFF
2026-03-11T04:25:43.000Z,54.2,14.7,10.1,OFF
2026-03-11T04:26:43.000Z,54.3,14.5,10.1,OFF
2026-03-11T04:27:43.000Z,54.3,14.8,10.1,OFF
2026-03-11T04:28:43.000Z,54.4,15.1,10.1,OFF
2026-03-11T04:29:43.000Z,54.2,14.6,10.1,OFF
2026-03-11T04:30:43.000Z,54.2,14.7,10.1,OFF
2026-03-11T04:31:43.000Z,54.2,14.7,10.1,OFF
2026-03-11T04:32:43.000Z,54.3,14.8,10.1,OFF
2026-03-11T04:33:43.000Z,54.2,14.8,10.1,OFF
2026-03-11T04:34:43.000Z,54.3,14.8,10.1,OFF
2026-03-11T04:35:43.000Z,54.3,14.8,10.1,OFF
2026-03-11T04:36:43.000Z,54.3,14.8,10.1,OFF
2026-03-11T04:37:43.000Z,54.3,14.8,10.1,OFF
2026-03-11T04:38:43.000Z,54.3,14.9,10.1,OFF
2026-03-11T04:39:43.000Z,54.2,14.7,10.1,OFF
2026-03-11T04:40:43.000Z,54.2,14.6,10.1,OFF
2026-03-11T04:41:43.000Z,54.3,14.7,10.1,OFF
2026-03-11T04:42:43.000Z,54.3,14.7,10.1,OFF
2026-03-11T04:43:43.000Z,54.2,14.6,10.1,OFF
2026-03-11T04:44:43.000Z,54.3,14.6,10.1,OFF
2026-03-11T04:45:43.000Z,54.2,14.7,10.1,OFF
2026-03-11T04:46:43.000Z,54.3,14.9,10.1,OFF
2026-03-11T04:47:43.000Z,54.2,14.8,10.1,OFF
2026-03-11T04:48:43.000Z,54.2,14.8,10.1,OFF
2026-03-11T04:49:43.000Z,54.2,14.8,10.1,OFF
2026-03-11T04:50:43.000Z,54.3,14.7,10.1,OFF
2026-03-11T04:51:43.000Z,54.3,14.7,10.1,OFF
2026-03-11T04:52:43.000Z,54.3,14.8,10.1,OFF
2026-03-11T04:53:43.000Z,54.2,14.7,10.1,OFF
2026-03-11T04:54:43.000Z,54.3,14.8,10.1,OFF
2026-03-11T04:55:43.000Z,54.2,14.7,10.1,OFF
2026-03-11T04:56:43.000Z,54.3,14.8,10.2,OFF
2026-03-11T04:57:43.000Z,54.2,14.7,10.2,OFF
2026-03-11T04:58:43.000Z,54.2,14.8,10.2,OFF
2026-03-11T04:59:43.000Z,54.2,14.8,10.2,OFF
2026-03-11T05:00:43.000Z,54.2,14.8,10.2,OFF
2026-03-11T05:01:43.000Z,54.2,14.8,10.2,OFF
2026-03-11T05:02:43.000Z,54.2,14.8,10.2,OFF
2026-03-11T05:03:43.000Z,54.3,14.8,10.2,OFF
2026-03-11T05:04:43.000Z,54.2,14.8,10.2,OFF
2026-03-11T05:05:43.000Z,54.2,14.8,10.2,OFF
2026-03-11T05:06:43.000Z,54.2,14.9,10.2,OFF
2026-03-11T05:07:43.000Z,54.2,14.7,10.2,OFF
2026-03-11T05:08:43.000Z,54.2,14.7,10.2,OFF
2026-03-11T05:09:43.000Z,54.2,14.7,10.2,OFF
2026-03-11T05:10:43.000Z,54.2,14.8,10.2,OFF
2026-03-11T05:11:43.000Z,54.2,14.7,10.2,OFF
2026-03-11T05:12:43.000Z,54.2,14.7,10.2,OFF
2026-03-11T05:13:43.000Z,54.2,14.9,10.2,OFF
2026-03-11T05:14:43.000Z,54.2,14.8,10.2,OFF
2026-03-11T05:15:43.000Z,54.2,14.8,10.2,OFF
2026-03-11T05:16:43.000Z,54.2,14.9,10.2,OFF
2026-03-11T05:17:43.000Z,54.3,14.8,10.2,OFF
2026-03-11T05:18:43.000Z,54.2,14.8,10.2,OFF
2026-03-11T05:19:43.000Z,54.2,14.9,10.2,OFF
2026-03-11T05:20:43.000Z,54.2,14.7,10.2,OFF
2026-03-11T05:21:43.000Z,54.2,14.8,10.2,OFF
2026-03-11T05:22:43.000Z,54.2,14.8,10.2,OFF
2026-03-11T05:23:43.000Z,54.2,14.9,10.2,OFF
2026-03-11T05:24:43.000Z,54.2,14.9,10.2,OFF
2026-03-11T05:25:43.000Z,54.2,14.8,10.2,OFF
2026-03-11T05:26:43.000Z,54.2,14.8,10.2,OFF
2026-03-11T05:27:43.000Z,54.2,14.9,10.2,OFF
2026-03-11T05:28:43.000Z,54.2,14.8,10.2,OFF
2026-03-11T05:29:43.000Z,54.2,14.9,10.2,OFF
2026-03-11T05:30:43.000Z,54.1,14.9,10.2,OFF
2026-03-11T05:31:43.000Z,54.2,14.8,10.2,OFF
2026-03-11T05:32:43.000Z,54.2,14.9,10.2,OFF
2026-03-11T05:33:43.000Z,54.2,14.9,10.2,OFF
2026-03-11T05:34:43.000Z,54.2,14.8,10.2,OFF
2026-03-11T05:35:43.000Z,54.2,14.9,10.2,OFF
2026-03-11T05:36:43.000Z,54.2,14.8,10.2,OFF
2026-03-11T05:37:43.000Z,54.2,14.9,10.2,OFF
2026-03-11T05:38:43.000Z,54.2,14.9,10.2,OFF
2026-03-11T05:39:43.000Z,54.2,14.9,10.2,OFF
2026-03-11T05:40:43.000Z,54.2,14.8,10.2,OFF
2026-03-11T05:41:43.000Z,54.2,15,10.2,OFF
2026-03-11T05:42:43.000Z,54.2,15,10.2,OFF
2026-03-11T05:43:43.000Z,54.2,15,10.2,OFF
2026-03-11T05:44:43.000Z,54.2,14.7,10.2,OFF
2026-03-11T05:45:43.000Z,54.2,14.8,10.2,OFF
2026-03-11T05:46:43.000Z,54.2,14.7,10.2,OFF
2026-03-11T05:47:43.000Z,54.2,14.8,10.2,OFF
2026-03-11T05:48:43.000Z,54.2,14.8,10.2,OFF
2026-03-11T05:49:43.000Z,54.1,14.9,10.2,OFF
2026-03-11T05:50:43.000Z,54.2,14.9,10.2,OFF
2026-03-11T05:51:43.000Z,54.2,14.8,10.2,OFF
2026-03-11T05:52:43.000Z,54.2,14.9,10.2,OFF
2026-03-11T05:53:43.000Z,54.2,14.8,10.2,OFF
2026-03-11T05:54:43.000Z,54.2,14.9,10.2,OFF
2026-03-11T05:55:43.000Z,54.2,14.9,10.2,OFF
2026-03-11T05:56:43.000Z,54.2,15,10.2,OFF
2026-03-11T05:57:43.000Z,54.1,14.9,10.2,OFF
2026-03-11T05:58:43.000Z,54.1,14.8,10.2,OFF
2026-03-11T05:59:43.000Z,54.1,14.9,10.2,OFF
2026-03-11T06:00:43.000Z,54.2,14.8,10.2,OFF
2026-03-11T06:01:43.000Z,54.2,14.9,10.2,OFF
2026-03-11T06:02:43.000Z,54.2,14.8,10.2,OFF
2026-03-11T06:03:43.000Z,54.2,14.9,10.2,OFF
2026-03-11T06:04:43.000Z,54.2,14.9,10.2,OFF
2026-03-11T06:05:43.000Z,54.1,14.8,10.2,OFF
2026-03-11T06:06:43.000Z,54.1,14.9,10.2,OFF
2026-03-11T06:07:43.000Z,54.1,14.9,10.2,OFF
2026-03-11T06:08:43.000Z,54.1,14.9,10.2,OFF
2026-03-11T06:09:43.000Z,54.1,14.9,10.2,OFF
2026-03-11T06:10:43.000Z,54.2,14.9,10.2,OFF
2026-03-11T06:11:43.000Z,54.1,14.9,10.2,OFF
2026-03-11T06:12:43.000Z,54.1,14.9,10.2,OFF
2026-03-11T06:13:43.000Z,54.1,14.9,10.2,OFF
2026-03-11T06:14:43.000Z,54.2,14.8,10.2,OFF
2026-03-11T06:15:43.000Z,54.1,14.8,10.2,OFF
2026-03-11T06:16:43.000Z,54.1,14.7,10.2,OFF
2026-03-11T06:17:43.000Z,54.1,14.9,10.2,OFF
2026-03-11T06:18:43.000Z,54.1,14.9,10.2,OFF
2026-03-11T06:19:43.000Z,54.1,14.9,10.2,OFF
2026-03-11T06:20:43.000Z,54.1,14.9,10.2,OFF
2026-03-11T06:21:43.000Z,54.1,14.9,10.2,OFF
2026-03-11T06:22:43.000Z,54.1,14.9,10.2,OFF
2026-03-11T06:23:43.000Z,54.1,15.1,10.2,OFF
2026-03-11T06:24:43.000Z,54.1,15,10.2,OFF
2026-03-11T06:25:43.000Z,54.1,14.7,10.2,OFF
2026-03-11T06:26:43.000Z,54.1,14.9,10.2,OFF
2026-03-11T06:27:43.000Z,54.1,14.9,10.2,OFF
2026-03-11T06:28:43.000Z,54.1,15,10.2,OFF
2026-03-11T06:29:43.000Z,54.1,14.9,10.2,OFF
2026-03-11T06:30:43.000Z,54.1,14.9,10.2,OFF
2026-03-11T06:31:43.000Z,54.1,14.9,10.2,OFF
2026-03-11T06:32:43.000Z,54.1,14.9,10.2,OFF
2026-03-11T06:33:43.000Z,54.1,14.9,10.2,OFF
2026-03-11T06:34:43.000Z,54.1,15,10.2,OFF
2026-03-11T06:35:43.000Z,54.1,14.9,10.2,OFF
2026-03-11T06:36:43.000Z,54.1,14.9,10.2,OFF
2026-03-11T06:37:43.000Z,54.1,14.9,10.2,OFF
2026-03-11T06:38:43.000Z,54.1,14.9,9.2,OFF
2026-03-11T06:39:43.000Z,54.1,14.8,9.2,OFF
2026-03-11T06:40:43.000Z,54.1,14.9,9.2,OFF
2026-03-11T06:41:43.000Z,54.1,14.9,9.2,OFF
2026-03-11T06:42:43.000Z,54.1,14.9,9.2,OFF
2026-03-11T06:43:43.000Z,54.1,14.9,9.2,OFF
2026-03-11T06:44:43.000Z,54.1,14.9,9.2,OFF
2026-03-11T06:45:43.000Z,54.1,15,9.2,OFF
2026-03-11T06:46:43.000Z,54.1,14.9,9.2,OFF
2026-03-11T06:47:43.000Z,54.1,15,9.2,OFF
2026-03-11T06:48:43.000Z,54.1,15,9.2,OFF
2026-03-11T06:49:43.000Z,54.1,15,9.2,OFF
2026-03-11T06:50:43.000Z,54.1,14.9,9.2,OFF
2026-03-11T06:51:43.000Z,54.1,14.8,9.2,OFF
2026-03-11T06:52:43.000Z,54.1,15.2,9.2,OFF
2026-03-11T06:53:43.000Z,54.1,14.9,9.2,OFF
2026-03-11T06:54:43.000Z,54.1,14.9,9.2,OFF
2026-03-11T06:55:43.000Z,54.1,14.9,9.2,OFF
2026-03-11T06:56:43.000Z,54.1,15,9.2,OFF
2026-03-11T06:57:43.000Z,54.1,14.9,9.2,OFF
2026-03-11T06:58:43.000Z,54.1,15,9.2,OFF
2026-03-11T06:59:43.000Z,54.1,15,9.2,OFF
2026-03-11T07:00:43.000Z,54.1,14.9,9.2,OFF
2026-03-11T07:01:43.000Z,54.1,14.8,9.2,OFF
2026-03-11T07:02:43.000Z,54.1,14.9,9.2,OFF
2026-03-11T07:03:43.000Z,54.1,14.9,9.2,OFF
2026-03-11T07:04:43.000Z,54.1,15,9.2,OFF
2026-03-11T07:05:43.000Z,54.1,14.9,9.2,OFF
2026-03-11T07:06:43.000Z,54.1,14.9,9.2,OFF
2026-03-11T07:07:43.000Z,54.1,14.9,9.2,OFF
2026-03-11T07:08:43.000Z,54.1,15,9.2,OFF
2026-03-11T07:09:43.000Z,54,15,9.2,OFF
2026-03-11T07:10:43.000Z,54.1,15,9.2,OFF
2026-03-11T07:11:43.000Z,54.1,14.8,9.2,OFF
2026-03-11T07:12:43.000Z,54.1,14.9,9.2,OFF
2026-03-11T07:13:43.000Z,54.1,15.3,9.2,OFF
2026-03-11T07:14:43.000Z,54,15,9.2,OFF
2026-03-11T07:15:43.000Z,54,14.9,9.2,OFF
2026-03-11T07:16:43.000Z,54.1,15,9.2,OFF
2026-03-11T07:17:43.000Z,54.1,15,9.2,OFF
2026-03-11T07:18:43.000Z,54.1,15,9.2,OFF
2026-03-11T07:19:43.000Z,54,15,9.2,OFF
2026-03-11T07:20:43.000Z,54.1,15,9.2,OFF
2026-03-11T07:21:43.000Z,54.1,14.9,9.2,OFF
2026-03-11T07:22:43.000Z,54,14.9,9.2,OFF
2026-03-11T07:23:43.000Z,54.1,15,9.2,OFF
2026-03-11T07:24:43.000Z,54,15,9.2,OFF
2026-03-11T07:25:43.000Z,54.1,15,9.2,OFF
2026-03-11T07:26:43.000Z,54.1,15,9.2,OFF
2026-03-11T07:27:43.000Z,54,15.1,9.2,OFF
2026-03-11T07:28:43.000Z,54.1,15,9.2,OFF
2026-03-11T07:29:43.000Z,54,15.1,9.2,OFF
2026-03-11T07:30:43.000Z,54.1,15,9.2,OFF
2026-03-11T07:31:43.000Z,54.1,15,9.2,OFF
2026-03-11T07:32:43.000Z,54,14.9,9.2,OFF
2026-03-11T07:33:43.000Z,54.1,15,9.2,OFF
2026-03-11T07:34:43.000Z,54,15,9.2,OFF
2026-03-11T07:35:43.000Z,54.1,15.1,9.2,OFF
2026-03-11T07:36:43.000Z,54.1,14.9,9.2,OFF
2026-03-11T07:37:43.000Z,54,15,9.2,OFF
2026-03-11T07:38:43.000Z,54,15.1,9.2,OFF
2026-03-11T07:39:43.000Z,54,15.1,9.2,OFF
2026-03-11T07:40:43.000Z,54,15.2,9.2,OFF
2026-03-11T07:41:43.000Z,54,15.2,9.2,OFF
2026-03-11T07:42:43.000Z,54,15.1,9.2,OFF
2026-03-11T07:43:43.000Z,54,15.1,9.2,OFF
2026-03-11T07:44:43.000Z,54,15.1,9.2,OFF
2026-03-11T07:45:43.000Z,54,15,9.2,OFF
2026-03-11T07:46:43.000Z,54,15.1,9.2,OFF
2026-03-11T07:47:43.000Z,54,15.1,9.2,OFF
2026-03-11T07:48:43.000Z,54,15.2,9.2,OFF
2026-03-11T07:49:43.000Z,54,15.2,9.2,OFF
2026-03-11T07:50:43.000Z,54,15.2,9.2,OFF
2026-03-11T07:51:43.000Z,54,15.1,9.2,OFF
2026-03-11T07:52:43.000Z,54,15.1,9.2,OFF
2026-03-11T07:53:43.000Z,54,15.2,9.2,OFF
2026-03-11T07:54:43.000Z,54,15.2,9.2,OFF
2026-03-11T07:55:43.000Z,54,15,9.2,OFF
2026-03-11T07:56:43.000Z,54,15.1,9.2,OFF
2026-03-11T07:57:43.000Z,54,15.1,9.2,OFF
2026-03-11T07:58:43.000Z,54.1,15.1,9.2,OFF
2026-03-11T07:59:43.000Z,54.1,15.1,9.2,OFF
2026-03-11T08:00:43.000Z,54.1,15.1,9.2,OFF
2026-03-11T08:01:43.000Z,54.1,15.1,9.2,OFF
2026-03-11T08:02:43.000Z,54.1,15.1,9.2,OFF
2026-03-11T08:03:43.000Z,54.1,15.1,9.2,OFF
2026-03-11T08:04:43.000Z,54.1,15,9.2,OFF
2026-03-11T08:05:43.000Z,54,15,9.2,OFF
2026-03-11T08:06:43.000Z,54.1,15,9.2,OFF
2026-03-11T08:07:43.000Z,54,15,9.2,OFF
2026-03-11T08:08:43.000Z,54.1,15,9.2,OFF
2026-03-11T08:09:43.000Z,54.1,15.1,9.2,OFF
2026-03-11T08:10:43.000Z,54.1,15.1,9.2,OFF
2026-03-11T08:11:43.000Z,54.1,15.1,9.2,OFF
2026-03-11T08:12:43.000Z,54.1,15.2,9.2,OFF
2026-03-11T08:13:43.000Z,54.1,15.1,9.2,OFF
2026-03-11T08:14:43.000Z,54.1,15.2,9.2,OFF
2026-03-11T08:15:43.000Z,54.1,15.2,9.2,OFF
2026-03-11T08:16:43.000Z,54.1,15.2,9.2,OFF
2026-03-11T08:17:43.000Z,54,15.2,9.2,OFF
2026-03-11T08:18:43.000Z,54,15.2,9.2,OFF
2026-03-11T08:19:43.000Z,54.1,15.1,9.2,OFF
2026-03-11T08:20:43.000Z,54.1,15.2,9.2,OFF
2026-03-11T08:21:43.000Z,54.1,15.1,9.2,OFF
2026-03-11T08:22:43.000Z,54.1,15.2,9.2,OFF
2026-03-11T08:23:43.000Z,54.1,15.2,9.2,OFF
2026-03-11T08:24:43.000Z,54,15.2,9.2,OFF
2026-03-11T08:25:43.000Z,54.1,15.3,9.2,OFF
2026-03-11T08:26:43.000Z,54.1,15.3,9.2,OFF
2026-03-11T08:27:43.000Z,54.1,15.3,9.2,OFF
2026-03-11T08:28:43.000Z,54,15.2,9.2,OFF
2026-03-11T08:29:43.000Z,54.1,15.3,9.2,OFF
2026-03-11T08:30:43.000Z,54,15.2,9.2,OFF
2026-03-11T08:31:43.000Z,54.1,15.2,9.2,OFF
2026-03-11T08:32:43.000Z,54.1,15.3,9.2,OFF
2026-03-11T08:33:43.000Z,54,15.2,9.2,OFF
2026-03-11T08:34:43.000Z,54.1,15.2,9.2,OFF
2026-03-11T08:35:43.000Z,54.1,15.1,9.2,OFF
2026-03-11T08:36:43.000Z,54.1,15.6,9.2,OFF
2026-03-11T08:37:43.000Z,54,15.3,9.2,OFF
2026-03-11T08:38:43.000Z,54,15.2,9.2,OFF
2026-03-11T08:39:43.000Z,54.1,15.2,9.2,OFF
2026-03-11T08:40:43.000Z,54.1,15.3,9.2,OFF
2026-03-11T08:41:43.000Z,54,15.4,9.2,OFF
2026-03-11T08:42:43.000Z,54,15.3,9.2,OFF
2026-03-11T08:43:43.000Z,54.1,15.2,9.2,OFF
2026-03-11T08:44:43.000Z,54,15.2,9.2,OFF
2026-03-11T08:45:43.000Z,54.1,15.2,9.2,OFF
2026-03-11T08:46:43.000Z,54.1,15.3,9.2,OFF
2026-03-11T08:47:43.000Z,54,15.3,9.2,OFF
2026-03-11T08:48:43.000Z,54.1,15.2,9.2,OFF
2026-03-11T08:49:43.000Z,54,15.3,9.2,OFF
2026-03-11T08:50:43.000Z,54.1,15.2,9.2,OFF
2026-03-11T08:51:43.000Z,54.1,15.3,9.2,OFF
2026-03-11T08:52:43.000Z,54.1,15.4,9.2,OFF
2026-03-11T08:53:43.000Z,54.1,15.3,9.2,OFF
2026-03-11T08:54:43.000Z,54.1,15.2,9.2,OFF
2026-03-11T08:55:43.000Z,54.1,15.2,9.2,OFF
2026-03-11T08:56:43.000Z,54,15.2,9.2,OFF
2026-03-11T08:57:43.000Z,54.1,15.3,9.2,OFF
2026-03-11T08:58:43.000Z,54,15.3,9.2,OFF
2026-03-11T08:59:43.000Z,54,15.3,9.2,OFF
2026-03-11T09:00:43.000Z,54.1,15.3,9.2,OFF
2026-03-11T09:01:43.000Z,54.1,15.4,9.2,OFF
2026-03-11T09:02:43.000Z,54.1,15.3,9.2,OFF
2026-03-11T09:03:43.000Z,54.1,15.3,9.2,OFF
2026-03-11T09:04:43.000Z,54,15.8,9.2,OFF
2026-03-11T09:05:43.000Z,54,15.4,9.2,OFF
2026-03-11T09:06:43.000Z,54.1,15.4,9.2,OFF
2026-03-11T09:07:43.000Z,54.1,15.6,9.2,OFF
2026-03-11T09:08:43.000Z,54.1,15.4,9.2,OFF
2026-03-11T09:09:43.000Z,54,15.4,9.2,OFF
2026-03-11T09:10:43.000Z,54,15.5,9.2,OFF
2026-03-11T09:11:43.000Z,54.1,15.3,9.2,OFF
2026-03-11T09:12:43.000Z,54,15.5,9.2,OFF
2026-03-11T09:13:43.000Z,54,15.3,9.2,OFF
2026-03-11T09:14:43.000Z,54,15.4,9.2,OFF
2026-03-11T09:15:43.000Z,54,15.3,9.2,OFF
2026-03-11T09:16:43.000Z,54,15.4,9.2,OFF
2026-03-11T09:17:43.000Z,54,15.4,9.2,OFF
2026-03-11T09:18:43.000Z,54,15.5,9.2,OFF
2026-03-11T09:19:43.000Z,54.1,15.5,9.2,OFF
2026-03-11T09:20:43.000Z,54,15.3,9.2,OFF
2026-03-11T09:21:43.000Z,54,15.4,9.2,OFF
2026-03-11T09:22:43.000Z,54,15.6,9.2,OFF
2026-03-11T09:23:43.000Z,54,15.7,9.2,OFF
2026-03-11T09:24:43.000Z,54,15.6,9.2,OFF
2026-03-11T09:25:43.000Z,54,15.6,9.2,OFF
2026-03-11T09:26:43.000Z,54,15.4,9.2,OFF
2026-03-11T09:27:43.000Z,54.1,15.5,9.2,OFF
2026-03-11T09:28:43.000Z,54.1,15.4,9.2,OFF
2026-03-11T09:29:43.000Z,54,15.4,9.2,OFF
2026-03-11T09:30:43.000Z,54,15.5,9.2,OFF
2026-03-11T09:31:43.000Z,54,15.4,9.2,OFF
2026-03-11T09:32:43.000Z,54,15.5,9.2,OFF
2026-03-11T09:33:43.000Z,54,15.6,9.2,OFF
2026-03-11T09:34:43.000Z,54,15.6,9.2,OFF
2026-03-11T09:35:43.000Z,54,15.5,9.2,OFF
2026-03-11T09:36:43.000Z,54,15.6,9.2,OFF
2026-03-11T09:37:43.000Z,54,15.7,9.2,OFF
2026-03-11T09:38:43.000Z,54,15.5,9.2,OFF
2026-03-11T09:39:43.000Z,54,15.7,9.2,OFF
2026-03-11T09:40:43.000Z,54.1,15.7,9.2,OFF
2026-03-11T09:41:43.000Z,54,15.5,9.2,OFF
2026-03-11T09:42:43.000Z,54,15.5,9.2,OFF
2026-03-11T09:43:43.000Z,54,15.8,9.2,OFF
2026-03-11T09:44:43.000Z,54,15.7,9.2,OFF
2026-03-11T09:45:43.000Z,54,15.6,9.2,OFF
2026-03-11T09:46:43.000Z,54,15.6,9.2,OFF
2026-03-11T09:47:43.000Z,54,15.7,9.2,OFF
2026-03-11T09:48:43.000Z,54,16,9.2,OFF
2026-03-11T09:49:43.000Z,54,15.8,9.2,OFF
2026-03-11T09:50:43.000Z,54,15.8,9.2,OFF
2026-03-11T09:51:43.000Z,54,15.8,9.2,OFF
2026-03-11T09:52:43.000Z,54,15.8,9.2,OFF
2026-03-11T09:53:43.000Z,53.9,15.8,9.2,OFF
2026-03-11T09:54:43.000Z,53.9,16,9.2,OFF
2026-03-11T09:55:43.000Z,53.9,16.1,9.2,OFF
2026-03-11T09:56:43.000Z,53.9,16.5,9.2,OFF
2026-03-11T09:57:43.000Z,53.9,16.4,9.2,OFF
2026-03-11T09:58:43.000Z,53.8,16.4,9.2,OFF
2026-03-11T09:59:43.000Z,53.8,16.6,9.2,OFF
2026-03-11T10:00:43.000Z,53.7,16.8,9.2,OFF
2026-03-11T10:01:43.000Z,53.7,16.9,9.2,OFF
2026-03-11T10:02:43.000Z,53.8,16.8,9.2,OFF
2026-03-11T10:03:43.000Z,53.8,16.7,9.2,OFF
2026-03-11T10:04:43.000Z,53.8,16.7,9.2,OFF
2026-03-11T10:05:43.000Z,53.8,16.6,9.2,OFF
2026-03-11T10:06:43.000Z,53.8,16.5,10.7,OFF
2026-03-11T10:07:43.000Z,53.7,16.4,10.7,OFF
2026-03-11T10:08:43.000Z,53.8,16.7,10.7,OFF
2026-03-11T10:09:43.000Z,53.8,16.9,10.7,OFF
2026-03-11T10:10:43.000Z,53.8,16.8,10.7,OFF
2026-03-11T10:11:43.000Z,53.8,16.8,10.7,OFF
2026-03-11T10:12:43.000Z,53.8,16.7,10.7,OFF
2026-03-11T10:13:43.000Z,53.8,16.5,10.7,OFF
2026-03-11T10:14:43.000Z,53.8,16.5,10.7,OFF
2026-03-11T10:15:43.000Z,53.8,16.4,10.7,OFF
2026-03-11T10:16:43.000Z,53.9,16.4,10.7,OFF
2026-03-11T10:17:43.000Z,53.9,16.3,10.7,OFF
2026-03-11T10:18:43.000Z,53.9,16.3,10.7,OFF
2026-03-11T10:19:43.000Z,53.9,16.6,10.7,OFF
2026-03-11T10:20:43.000Z,53.9,16.3,10.7,OFF
2026-03-11T10:21:43.000Z,53.9,16.3,10.7,OFF
2026-03-11T10:22:43.000Z,53.8,16.3,10.7,OFF
2026-03-11T10:23:43.000Z,54,16.3,10.7,OFF
2026-03-11T10:24:43.000Z,53.9,16.2,10.7,OFF
2026-03-11T10:25:43.000Z,53.9,16.1,10.7,OFF
2026-03-11T10:26:43.000Z,53.9,15.9,10.7,OFF
2026-03-11T10:27:43.000Z,53.9,16,10.7,OFF
2026-03-11T10:28:43.000Z,53.9,15.9,10.7,OFF
2026-03-11T10:29:43.000Z,53.9,16.2,10.7,OFF
2026-03-11T10:30:43.000Z,53.9,16.6,10.7,OFF
2026-03-11T10:31:43.000Z,53.9,16.7,10.7,OFF
2026-03-11T10:32:43.000Z,53.9,17.3,10.7,OFF
2026-03-11T10:33:43.000Z,53.8,17,10.7,OFF
2026-03-11T10:34:43.000Z,53.8,17.1,10.7,OFF
2026-03-11T10:35:43.000Z,53.8,17.1,10.7,OFF
2026-03-11T10:36:43.000Z,53.8,17.1,10.7,OFF
2026-03-11T10:37:43.000Z,53.8,17.1,10.7,OFF
2026-03-11T10:38:43.000Z,53.8,17.2,10.7,OFF
2026-03-11T10:39:43.000Z,53.8,17,10.7,OFF
2026-03-11T10:40:43.000Z,53.8,17,10.7,OFF
2026-03-11T10:41:43.000Z,53.8,16.9,10.7,OFF
2026-03-11T10:42:43.000Z,53.8,17,10.7,OFF
2026-03-11T10:43:43.000Z,53.8,17.3,10.7,OFF
2026-03-11T10:44:43.000Z,53.7,16.9,10.7,OFF
2026-03-11T10:45:43.000Z,53.7,16.8,10.7,OFF
2026-03-11T10:46:43.000Z,53.8,16.7,10.7,OFF
2026-03-11T10:47:43.000Z,53.8,16.8,10.7,OFF
2026-03-11T10:48:43.000Z,53.8,16.7,10.7,OFF
2026-03-11T10:49:43.000Z,53.8,16.7,10.7,OFF
2026-03-11T10:50:43.000Z,53.8,16.8,10.7,OFF
2026-03-11T10:51:43.000Z,53.8,16.7,10.7,OFF
2026-03-11T10:52:43.000Z,53.7,16.5,10.7,OFF
2026-03-11T10:53:43.000Z,53.8,16.6,10.7,OFF
2026-03-11T10:54:43.000Z,53.8,16.6,10.7,OFF
2026-03-11T10:55:43.000Z,53.8,16.5,10.7,OFF
2026-03-11T10:56:43.000Z,53.8,16.5,10.7,OFF
2026-03-11T10:57:43.000Z,53.8,16.5,10.7,OFF
2026-03-11T10:58:43.000Z,53.8,17,10.7,OFF
2026-03-11T10:59:43.000Z,53.8,17,10.7,OFF
2026-03-11T11:00:43.000Z,53.8,16.5,10.7,OFF
2026-03-11T11:01:43.000Z,53.8,16.6,10.7,OFF
2026-03-11T11:02:43.000Z,53.8,16.5,10.7,OFF
2026-03-11T11:03:43.000Z,53.8,16.4,10.7,OFF
2026-03-11T11:04:43.000Z,53.8,16.6,10.7,OFF
2026-03-11T11:05:43.000Z,53.8,16.5,10.7,OFF
2026-03-11T11:06:43.000Z,53.8,16.5,10.7,OFF
2026-03-11T11:07:43.000Z,53.8,16.3,10.7,OFF
2026-03-11T11:08:43.000Z,53.8,16.4,10.7,OFF
2026-03-11T11:09:43.000Z,53.8,16.4,10.7,OFF
2026-03-11T11:10:43.000Z,53.8,16.3,10.7,OFF
2026-03-11T11:11:43.000Z,53.8,16.4,10.7,OFF
2026-03-11T11:12:43.000Z,53.8,16.4,10.7,OFF
2026-03-11T11:13:43.000Z,53.8,16.4,10.7,OFF
2026-03-11T11:14:43.000Z,53.8,16.3,10.7,OFF
2026-03-11T11:15:43.000Z,53.8,16.3,10.7,OFF
2026-03-11T11:16:43.000Z,53.8,16.4,10.7,OFF
2026-03-11T11:17:43.000Z,53.9,16.4,10.7,OFF
2026-03-11T11:18:43.000Z,53.8,16.3,10.7,OFF
2026-03-11T11:19:43.000Z,53.9,16.3,10.7,OFF
2026-03-11T11:20:43.000Z,53.8,16.3,10.7,OFF
2026-03-11T11:21:43.000Z,53.8,16.3,10.7,OFF
2026-03-11T11:22:43.000Z,53.8,16.4,10.7,OFF
2026-03-11T11:23:43.000Z,53.8,16.2,10.7,OFF
2026-03-11T11:24:43.000Z,53.8,16.3,10.7,OFF
2026-03-11T11:25:43.000Z,53.9,16.4,10.7,OFF
2026-03-11T11:26:43.000Z,53.8,16.4,10.7,OFF
2026-03-11T11:27:43.000Z,53.8,16.3,10.7,OFF
2026-03-11T11:28:43.000Z,53.8,16.3,10.7,OFF
2026-03-11T11:29:43.000Z,53.8,16.4,10.7,OFF
2026-03-11T11:30:43.000Z,53.8,16.4,10.7,OFF
2026-03-11T11:31:43.000Z,53.8,16.6,10.7,OFF
2026-03-11T11:32:43.000Z,53.8,16.4,10.7,OFF
2026-03-11T11:33:43.000Z,53.8,16.4,10.7,OFF
2026-03-11T11:34:43.000Z,53.8,16.6,10.7,OFF
2026-03-11T11:35:43.000Z,53.8,16.4,10.7,OFF
2026-03-11T11:36:43.000Z,53.8,16.5,10.7,OFF
2026-03-11T11:37:43.000Z,53.8,16.4,11.8,OFF
2026-03-11T11:38:43.000Z,53.9,16.5,11.8,OFF
2026-03-11T11:39:43.000Z,53.8,16.3,11.8,OFF
2026-03-11T11:40:43.000Z,53.8,16.4,11.8,OFF
2026-03-11T11:41:43.000Z,53.8,16.3,11.8,OFF
2026-03-11T11:42:43.000Z,53.8,16.3,11.8,OFF
2026-03-11T11:43:43.000Z,53.8,16.2,11.8,OFF
2026-03-11T11:44:43.000Z,53.8,16.2,11.8,OFF
2026-03-11T11:45:43.000Z,53.8,16.3,11.8,OFF
2026-03-11T11:46:43.000Z,53.8,16.3,11.8,OFF
2026-03-11T11:47:43.000Z,53.9,16.4,11.8,OFF
2026-03-11T11:48:43.000Z,53.8,16.4,11.8,OFF
2026-03-11T11:49:43.000Z,53.8,16.8,11.8,OFF
2026-03-11T11:50:43.000Z,53.8,16.4,11.8,OFF
2026-03-11T11:51:43.000Z,53.8,16.3,11.8,OFF
2026-03-11T11:52:43.000Z,53.8,16.5,11.8,OFF
2026-03-11T11:53:43.000Z,53.8,16.5,11.8,OFF
2026-03-11T11:54:43.000Z,53.8,16.6,11.8,OFF
2026-03-11T11:55:43.000Z,53.8,16.6,11.8,OFF
2026-03-11T11:56:43.000Z,53.8,16.6,11.8,OFF
2026-03-11T11:57:43.000Z,53.8,16.4,11.8,OFF
2026-03-11T11:58:43.000Z,53.8,16.4,11.8,OFF
2026-03-11T11:59:43.000Z,53.8,16.4,11.8,OFF
2026-03-11T12:00:43.000Z,53.8,16.6,11.8,OFF
2026-03-11T12:01:43.000Z,53.8,17,11.8,OFF
2026-03-11T12:02:43.000Z,53.8,16.5,11.8,OFF
2026-03-11T12:03:43.000Z,53.8,16.9,11.8,OFF
2026-03-11T12:04:43.000Z,53.8,16.6,11.8,OFF
2026-03-11T12:05:43.000Z,53.8,16.6,11.8,OFF
2026-03-11T12:06:43.000Z,53.8,16.5,11.8,OFF
2026-03-11T12:07:43.000Z,53.8,16.6,11.8,OFF
2026-03-11T12:08:43.000Z,53.8,16.5,11.8,OFF
2026-03-11T12:09:43.000Z,53.8,16.5,11.8,OFF
2026-03-11T12:10:43.000Z,53.8,16.6,11.8,OFF
2026-03-11T12:11:43.000Z,53.7,16.7,11.8,OFF
2026-03-11T12:12:43.000Z,53.8,17,11.9,OFF
2026-03-11T12:13:43.000Z,53.8,16.6,11.9,OFF
2026-03-11T12:14:43.000Z,53.8,16.6,11.9,OFF
2026-03-11T12:15:43.000Z,53.7,16.4,11.9,OFF
2026-03-11T12:16:43.000Z,53.8,16.8,11.9,OFF
2026-03-11T12:17:43.000Z,53.7,16.4,11.9,OFF
2026-03-11T12:18:43.000Z,53.7,16.4,11.9,OFF
2026-03-11T12:19:43.000Z,53.7,16.6,11.9,OFF
2026-03-11T12:20:43.000Z,53.7,16.6,11.9,OFF
2026-03-11T12:21:43.000Z,53.7,16.6,11.9,OFF
2026-03-11T12:22:43.000Z,53.7,16.6,11.9,OFF
2026-03-11T12:23:43.000Z,53.7,16.5,11.8,OFF
2026-03-11T12:24:43.000Z,53.7,17,11.8,OFF
2026-03-11T12:25:43.000Z,53.8,16.7,11.8,OFF
2026-03-11T12:26:43.000Z,53.7,16.6,11.8,OFF
2026-03-11T12:27:43.000Z,53.7,16.4,11.8,OFF
2026-03-11T12:28:43.000Z,53.7,16.6,11.8,OFF
2026-03-11T12:29:43.000Z,53.7,16.7,11.8,OFF
2026-03-11T12:30:43.000Z,53.7,16.3,11.8,OFF
2026-03-11T12:31:43.000Z,53.7,16.3,11.8,OFF
2026-03-11T12:32:43.000Z,53.7,16.4,11.8,OFF
2026-03-11T12:33:43.000Z,53.7,16.4,11.8,OFF
2026-03-11T12:34:43.000Z,53.7,16.6,11.8,OFF
2026-03-11T12:35:43.000Z,53.7,16.6,11.8,OFF
2026-03-11T12:36:43.000Z,53.7,16.6,11.8,OFF
2026-03-11T12:37:43.000Z,53.7,16.7,11.8,OFF
2026-03-11T12:38:43.000Z,53.7,17.1,11.8,OFF
2026-03-11T12:39:43.000Z,53.7,16.7,11.8,OFF
2026-03-11T12:40:43.000Z,53.7,16.8,11.8,OFF
2026-03-11T12:41:43.000Z,53.7,16.8,11.8,OFF
2026-03-11T12:42:43.000Z,53.7,16.8,11.8,OFF
2026-03-11T12:43:43.000Z,53.7,16.6,11.8,OFF
2026-03-11T12:44:43.000Z,53.7,16.7,11.8,OFF
2026-03-11T12:45:43.000Z,53.7,16.6,11.8,OFF
2026-03-11T12:46:43.000Z,53.7,16.5,11.8,OFF
2026-03-11T12:47:43.000Z,53.7,16.6,11.8,OFF
2026-03-11T12:48:43.000Z,53.8,16.4,11.8,OFF
2026-03-11T12:49:43.000Z,53.8,16.4,11.8,OFF
2026-03-11T12:50:43.000Z,53.7,16.4,11.8,OFF
2026-03-11T12:51:43.000Z,53.7,16.5,11.8,OFF
2026-03-11T12:52:43.000Z,53.8,16.9,11.8,OFF
2026-03-11T12:53:43.000Z,53.7,16.6,11.8,OFF
2026-03-11T12:54:43.000Z,53.7,16.5,11.8,OFF
2026-03-11T12:55:43.000Z,53.8,16.5,11.8,OFF
2026-03-11T12:56:43.000Z,53.7,16.5,11.8,OFF
2026-03-11T12:57:43.000Z,53.7,16.4,11.8,OFF
2026-03-11T12:58:43.000Z,53.8,16.5,11.8,OFF
2026-03-11T12:59:43.000Z,53.8,16.4,11.8,OFF
2026-03-11T13:00:43.000Z,53.7,16.9,11.8,OFF
2026-03-11T13:01:43.000Z,53.7,16.5,11.8,OFF
2026-03-11T13:02:43.000Z,53.7,16.7,11.8,OFF
2026-03-11T13:03:43.000Z,53.7,16.4,11.8,OFF
2026-03-11T13:04:43.000Z,53.7,16.4,11.8,OFF
2026-03-11T13:05:43.000Z,53.7,16.5,11.8,OFF
2026-03-11T13:06:43.000Z,53.7,16.4,11.8,OFF
2026-03-11T13:07:43.000Z,53.7,16.5,11.8,OFF
2026-03-11T13:08:43.000Z,53.8,16.9,11.8,OFF
2026-03-11T13:09:43.000Z,53.7,16.4,11.8,OFF
2026-03-11T13:10:43.000Z,53.7,16.5,11.8,OFF
2026-03-11T13:11:43.000Z,53.7,16.5,11.8,OFF
2026-03-11T13:12:43.000Z,53.8,16.9,11.8,OFF
2026-03-11T13:13:43.000Z,53.7,16.4,11.8,OFF
2026-03-11T13:14:43.000Z,53.7,16.5,11.8,OFF
2026-03-11T13:15:43.000Z,53.7,16.9,11.8,OFF
2026-03-11T13:16:43.000Z,53.7,16.4,11.8,OFF
2026-03-11T13:17:43.000Z,53.7,16.5,11.8,OFF
2026-03-11T13:18:43.000Z,53.7,16.4,11.8,OFF
2026-03-11T13:19:43.000Z,53.7,16.3,11.8,OFF
2026-03-11T13:20:43.000Z,53.7,16.5,11.8,OFF
2026-03-11T13:21:43.000Z,53.7,16.5,11.8,OFF
2026-03-11T13:22:43.000Z,53.7,16.3,11.8,OFF
2026-03-11T13:23:43.000Z,53.7,16.3,11.8,OFF
2026-03-11T13:24:43.000Z,53.7,16.2,11.8,OFF
2026-03-11T13:25:43.000Z,53.7,16.2,11.8,OFF
2026-03-11T13:26:43.000Z,53.7,16.3,11.8,OFF
2026-03-11T13:27:43.000Z,53.8,16.9,12.5,OFF
2026-03-11T13:28:43.000Z,53.7,16.4,12.5,OFF
2026-03-11T13:29:43.000Z,53.7,16.5,12.5,OFF
2026-03-11T13:30:43.000Z,53.7,15.1,12.5,OFF
2026-03-11T13:31:43.000Z,53.8,14.5,12.5,OFF
2026-03-11T13:32:43.000Z,53.8,14,12.5,OFF
2026-03-11T13:33:43.000Z,53.9,13.1,12.5,OFF
2026-03-11T13:34:43.000Z,54,13.4,12.5,OFF
2026-03-11T13:35:43.000Z,54,13.3,12.5,OFF
2026-03-11T13:36:43.000Z,54,12.8,12.5,OFF
2026-03-11T13:37:43.000Z,54,12.7,12.5,OFF
2026-03-11T13:38:43.000Z,54,12.8,12.5,OFF
2026-03-11T13:39:43.000Z,54,12.7,12.5,OFF
2026-03-11T13:40:43.000Z,54,12.5,12.5,OFF
2026-03-11T13:41:43.000Z,54.1,13.1,12.5,OFF
2026-03-11T13:42:43.000Z,54.1,12.7,12.5,OFF
2026-03-11T13:43:43.000Z,54.1,12.6,12.5,OFF
2026-03-11T13:44:43.000Z,54.1,12.4,12.5,OFF
2026-03-11T13:45:43.000Z,54.1,12.8,12.5,OFF
2026-03-11T13:46:43.000Z,54.1,12.8,12.5,OFF
2026-03-11T13:47:43.000Z,54.1,12.9,12.5,OFF
2026-03-11T13:48:43.000Z,54.1,13.2,12.5,OFF
2026-03-11T13:49:43.000Z,54.1,12.7,12.5,OFF
2026-03-11T13:50:43.000Z,54.1,12.8,12.5,OFF
2026-03-11T13:51:43.000Z,54.1,12.7,12.5,OFF
2026-03-11T13:52:43.000Z,54.1,12.4,12.5,OFF
2026-03-11T13:53:43.000Z,54.1,13,12.5,OFF
2026-03-11T13:54:43.000Z,54.1,12.5,12.5,OFF
2026-03-11T13:55:43.000Z,54.1,13.1,12.5,OFF
2026-03-11T13:56:43.000Z,54.1,12.8,12.5,OFF
2026-03-11T13:57:43.000Z,54.1,12.8,12.5,OFF
2026-03-11T13:58:43.000Z,54.1,12.7,12.5,OFF
2026-03-11T13:59:43.000Z,54.1,12.7,12.5,OFF
2026-03-11T14:00:43.000Z,54.1,12.7,12.5,OFF
2026-03-11T14:01:43.000Z,54.1,13,12.5,OFF
2026-03-11T14:02:43.000Z,54.1,13.1,12.5,OFF
2026-03-11T14:03:43.000Z,54.1,13.2,12.5,OFF
2026-03-11T14:04:43.000Z,54.1,12.8,12.5,OFF
2026-03-11T14:05:43.000Z,54.1,12.6,12.5,OFF
2026-03-11T14:06:43.000Z,54.1,12.6,12.5,OFF
2026-03-11T14:07:43.000Z,54.1,12.8,12.5,OFF
2026-03-11T14:08:43.000Z,54.1,12.4,12.5,OFF
2026-03-11T14:09:43.000Z,54.1,12.6,12.5,OFF
2026-03-11T14:10:43.000Z,54.1,12.7,12.5,OFF
2026-03-11T14:11:43.000Z,54.1,12.8,12.5,OFF
2026-03-11T14:12:43.000Z,54.1,12.9,12.5,OFF
2026-03-11T14:13:43.000Z,54.1,13,12.5,OFF
2026-03-11T14:14:43.000Z,54.1,12.8,12.5,OFF
2026-03-11T14:15:43.000Z,54.1,12.9,12.5,OFF
2026-03-11T14:16:43.000Z,54.1,13.2,12.5,OFF
2026-03-11T14:17:43.000Z,54.1,13.3,12.5,OFF
2026-03-11T14:18:43.000Z,54,12.5,12.5,OFF
2026-03-11T14:19:43.000Z,54.1,13,12.5,OFF
2026-03-11T14:20:43.000Z,54,12.8,12.5,OFF
2026-03-11T14:21:43.000Z,54.1,12.5,12.5,OFF
2026-03-11T14:22:43.000Z,54.1,12.7,12.5,OFF
2026-03-11T14:23:43.000Z,54.1,12.4,12.5,OFF
2026-03-11T14:24:43.000Z,54.1,12.7,12.5,OFF
2026-03-11T14:25:43.000Z,54.1,13,12.5,OFF
2026-03-11T14:26:43.000Z,54,13,12.5,OFF
2026-03-11T14:27:43.000Z,54.1,12.8,12.5,OFF
2026-03-11T14:28:43.000Z,54.1,13.1,12.5,OFF
2026-03-11T14:29:43.000Z,54.1,12.6,12.5,OFF
2026-03-11T14:30:43.000Z,54.1,12.8,12.5,OFF
2026-03-11T14:31:43.000Z,54.1,12.6,12.5,OFF
2026-03-11T14:32:43.000Z,54.1,12.6,12.5,OFF
2026-03-11T14:33:43.000Z,54.1,12.2,12.5,OFF
2026-03-11T14:34:43.000Z,54.1,12.7,12.5,OFF
2026-03-11T14:35:43.000Z,54,12.8,12.5,OFF
2026-03-11T14:36:43.000Z,54,12.8,12.5,OFF
2026-03-11T14:37:43.000Z,54,12.8,12.5,OFF
2026-03-11T14:38:43.000Z,54,12.5,12.5,OFF
2026-03-11T14:39:43.000Z,54,12.7,12.5,OFF
2026-03-11T14:40:43.000Z,54,12.5,12.5,OFF
2026-03-11T14:41:43.000Z,54,12.9,13,OFF
2026-03-11T14:42:43.000Z,54,12.7,13,OFF
2026-03-11T14:43:43.000Z,54,12.7,13,OFF
2026-03-11T14:44:43.000Z,54,12.5,13,OFF
2026-03-11T14:45:43.000Z,54.1,12.8,13,OFF
2026-03-11T14:46:43.000Z,54,12.7,13,OFF
2026-03-11T14:47:43.000Z,54,12.9,13,OFF
2026-03-11T14:48:43.000Z,54.1,13,13,OFF
2026-03-11T14:49:43.000Z,54,13.1,13,OFF
2026-03-11T14:50:43.000Z,54,13.1,13,OFF
2026-03-11T14:51:43.000Z,54,13.1,13,OFF
2026-03-11T14:52:43.000Z,54,12.6,13,OFF
2026-03-11T14:53:43.000Z,54.1,12.9,13,OFF
2026-03-11T14:54:43.000Z,54,12.8,13,OFF
2026-03-11T14:55:43.000Z,54,13.2,13,OFF
2026-03-11T14:56:43.000Z,54,12.9,13,OFF
2026-03-11T14:57:43.000Z,54,12.5,13,OFF
2026-03-11T14:58:43.000Z,54,12.5,13,OFF
2026-03-11T14:59:43.000Z,54,12.6,13,OFF
2026-03-11T15:00:43.000Z,54,12.7,13,OFF
2026-03-11T15:01:43.000Z,54,12.3,13,OFF
2026-03-11T15:02:43.000Z,54,12.1,13,OFF
2026-03-11T15:03:43.000Z,54.1,12.1,13,OFF
2026-03-11T15:04:43.000Z,54.1,12.1,13,OFF
2026-03-11T15:05:43.000Z,54,12.3,13,OFF
2026-03-11T15:06:43.000Z,54,11.8,13,OFF
2026-03-11T15:07:43.000Z,54.1,12.1,13,OFF
2026-03-11T15:08:43.000Z,54.1,12.2,13,OFF
2026-03-11T15:09:43.000Z,54,12,13,OFF
2026-03-11T15:10:43.000Z,54.1,12.1,13,OFF
2026-03-11T15:11:43.000Z,54,11.8,13,OFF
2026-03-11T15:12:43.000Z,54.1,11.9,13,OFF
2026-03-11T15:13:43.000Z,54.1,12,13,OFF
2026-03-11T15:14:43.000Z,54.1,11.9,13,OFF
2026-03-11T15:15:43.000Z,54.1,11.9,13,OFF
2026-03-11T15:16:43.000Z,54,11.9,13,OFF
2026-03-11T15:17:43.000Z,54,12,13,OFF
2026-03-11T15:18:43.000Z,54,12,13,OFF
2026-03-11T15:19:43.000Z,54,12,13,OFF
2026-03-11T15:20:43.000Z,54,11.9,13,OFF
2026-03-11T15:21:43.000Z,54.1,11.8,13,OFF
2026-03-11T15:22:43.000Z,54.1,12.3,13,OFF
2026-03-11T15:23:43.000Z,54.1,12.1,13,OFF
2026-03-11T15:24:43.000Z,54,12,13,OFF
2026-03-11T15:25:43.000Z,54,11.8,13,OFF
2026-03-11T15:26:43.000Z,54,11.8,13,OFF
2026-03-11T15:27:43.000Z,54.1,11.7,13,OFF
2026-03-11T15:28:43.000Z,54,11.9,13,OFF
2026-03-11T15:29:43.000Z,54,11.8,13,OFF
2026-03-11T15:30:43.000Z,54,11.5,13,OFF
2026-03-11T15:31:43.000Z,54,11.9,12.6,OFF
2026-03-11T15:32:43.000Z,54,11.7,12.6,OFF
2026-03-11T15:33:43.000Z,54,11.9,12.6,OFF
2026-03-11T15:34:43.000Z,54,11.8,12.6,OFF
2026-03-11T15:35:43.000Z,54,11.9,12.6,OFF
2026-03-11T15:36:43.000Z,54,12,12.6,OFF
2026-03-11T15:37:43.000Z,54,11.7,12.6,OFF
2026-03-11T15:38:43.000Z,54,11.8,12.6,OFF
2026-03-11T15:39:43.000Z,54,11.8,12.6,OFF
2026-03-11T15:40:43.000Z,54,11.7,12.6,OFF
2026-03-11T15:41:43.000Z,54,11.6,12.6,OFF
2026-03-11T15:42:43.000Z,54,12,12.6,OFF
2026-03-11T15:43:43.000Z,54,11.8,12.6,OFF
2026-03-11T15:44:43.000Z,54,11.6,12.6,OFF
2026-03-11T15:45:43.000Z,54,11.9,12.6,OFF
2026-03-11T15:46:43.000Z,54,11.7,12.6,OFF
2026-03-11T15:47:43.000Z,53.9,11.9,12.6,OFF
2026-03-11T15:48:43.000Z,54,11.9,12.6,OFF
2026-03-11T15:49:43.000Z,54,11.6,12.6,OFF
2026-03-11T15:50:43.000Z,54,11.9,12.6,OFF
2026-03-11T15:51:43.000Z,54,11.8,12.6,OFF
2026-03-11T15:52:43.000Z,54,11.7,12.6,OFF
2026-03-11T15:53:43.000Z,54,11.8,12.6,OFF
2026-03-11T15:54:43.000Z,54,12.2,12.6,OFF
2026-03-11T15:55:43.000Z,54,12.1,12.6,OFF
2026-03-11T15:56:43.000Z,54,11.9,12.6,OFF
2026-03-11T15:57:43.000Z,54,12,12.6,OFF
2026-03-11T15:58:43.000Z,54,11.8,12.6,OFF
2026-03-11T15:59:43.000Z,54,11.8,12.6,OFF
2026-03-11T16:00:43.000Z,54,12,12.6,OFF
2026-03-11T16:01:43.000Z,54,11.6,12.6,OFF
2026-03-11T16:02:43.000Z,54,12.2,12.6,OFF
2026-03-11T16:03:43.000Z,54,12.1,12.6,OFF
2026-03-11T16:04:43.000Z,54,11.9,12.6,OFF
2026-03-11T16:05:43.000Z,54,11.7,12.6,OFF
2026-03-11T16:06:43.000Z,54,12.1,12.6,OFF
2026-03-11T16:07:43.000Z,54,11.9,12.6,OFF
2026-03-11T16:08:43.000Z,54,11.9,12.6,OFF
2026-03-11T16:09:43.000Z,54,11.8,12.6,OFF
2026-03-11T16:10:43.000Z,54,12.1,12.6,OFF
2026-03-11T16:11:43.000Z,54,12,12.6,OFF
2026-03-11T16:12:43.000Z,54,11.8,12.6,OFF
2026-03-11T16:13:43.000Z,54,11.9,12.6,OFF
2026-03-11T16:14:43.000Z,54,11.5,12.6,OFF
2026-03-11T16:15:43.000Z,54,11.8,12.6,OFF
2026-03-11T16:16:43.000Z,54,11.8,12.6,OFF
2026-03-11T16:17:43.000Z,54,11.9,12.6,OFF
2026-03-11T16:18:43.000Z,53.9,11.8,12.6,OFF
2026-03-11T16:19:43.000Z,53.9,11.8,12.6,OFF
2026-03-11T16:20:43.000Z,54,11.6,12.6,OFF
2026-03-11T16:21:43.000Z,54,11.8,12.6,OFF
2026-03-11T16:22:43.000Z,53.9,11.9,12.6,OFF
2026-03-11T16:23:43.000Z,53.9,11.8,12.6,OFF
2026-03-11T16:24:43.000Z,54,11.7,12.6,OFF
2026-03-11T16:25:43.000Z,54,11.5,12.6,OFF
2026-03-11T16:26:43.000Z,54,11.3,12.6,OFF
2026-03-11T16:27:43.000Z,54,11.3,12.6,OFF
2026-03-11T16:28:43.000Z,54,11.4,12.6,OFF
2026-03-11T16:29:43.000Z,53.9,11.3,12.6,OFF
2026-03-11T16:30:43.000Z,54,11.3,12.6,OFF
2026-03-11T16:31:43.000Z,53.9,11.5,12.6,OFF
2026-03-11T16:32:43.000Z,54,11.6,12.6,OFF
2026-03-11T16:33:43.000Z,54,11.4,12.6,OFF
2026-03-11T16:34:43.000Z,54,11.5,12.6,OFF
2026-03-11T16:35:43.000Z,54,11.6,12.6,OFF
2026-03-11T16:36:43.000Z,53.9,11.5,12.6,OFF
2026-03-11T16:37:43.000Z,53.9,11.7,12.6,OFF
2026-03-11T16:38:43.000Z,54,11.5,12.6,OFF
2026-03-11T16:39:43.000Z,53.9,11.5,12.6,OFF
2026-03-11T16:40:43.000Z,53.9,11.3,12.6,OFF
2026-03-11T16:41:43.000Z,53.9,11.4,12.6,OFF
2026-03-11T16:42:43.000Z,53.9,11.5,12.6,OFF
2026-03-11T16:43:43.000Z,53.9,11.3,12.6,OFF
2026-03-11T16:44:43.000Z,53.9,11.5,12.6,OFF
2026-03-11T16:45:43.000Z,53.8,11.7,12.6,OFF
2026-03-11T16:46:43.000Z,53.8,11.5,12.6,OFF
2026-03-11T16:47:43.000Z,53.9,11.6,12.6,OFF
2026-03-11T16:48:43.000Z,53.9,11.4,12.6,OFF
2026-03-11T16:49:43.000Z,53.9,11.4,12.6,OFF
2026-03-11T16:50:43.000Z,53.9,11.7,12.6,OFF
2026-03-11T16:51:43.000Z,53.8,11.8,12.6,OFF
2026-03-11T16:52:43.000Z,53.8,11.3,12.6,OFF
2026-03-11T16:53:43.000Z,53.9,11.4,12.6,OFF
2026-03-11T16:54:43.000Z,53.9,11.3,12.6,OFF
2026-03-11T16:55:43.000Z,53.8,11.4,12.6,OFF
2026-03-11T16:56:43.000Z,53.9,11.3,12.6,OFF
2026-03-11T16:57:43.000Z,53.9,11.4,12.6,OFF
2026-03-11T16:58:43.000Z,53.8,11.8,12.6,OFF
2026-03-11T16:59:43.000Z,53.8,11.4,12.6,OFF
2026-03-11T17:00:43.000Z,53.9,11.2,12.6,OFF
2026-03-11T17:01:43.000Z,53.8,11,12.6,OFF
2026-03-11T17:02:43.000Z,53.8,11.2,12.6,OFF
2026-03-11T17:03:43.000Z,53.8,11.2,12.6,OFF
2026-03-11T17:04:43.000Z,53.8,11.1,12.6,OFF
2026-03-11T17:05:43.000Z,53.8,11.1,12.6,OFF
2026-03-11T17:06:43.000Z,53.8,11.3,12.6,OFF
2026-03-11T17:07:43.000Z,53.8,11.2,12.6,OFF
2026-03-11T17:08:43.000Z,53.8,11.3,12.6,OFF
2026-03-11T17:09:43.000Z,53.8,11.4,12.6,OFF
2026-03-11T17:10:43.000Z,53.8,11.4,12.6,OFF
2026-03-11T17:11:43.000Z,53.8,11.4,12.6,OFF
2026-03-11T17:12:43.000Z,53.9,11.1,12.6,OFF
2026-03-11T17:13:43.000Z,53.8,11.2,12.6,OFF
2026-03-11T17:14:43.000Z,53.8,10.8,12.6,OFF
2026-03-11T17:15:43.000Z,53.9,11.2,12.6,OFF
2026-03-11T17:16:43.000Z,53.8,11.2,12.6,OFF
2026-03-11T17:17:43.000Z,53.9,11.3,12.6,OFF
2026-03-11T17:18:43.000Z,53.8,11.3,12.6,OFF
2026-03-11T17:19:43.000Z,53.8,11.2,12.6,OFF
2026-03-11T17:20:43.000Z,53.8,11.1,12.6,OFF
2026-03-11T17:21:43.000Z,53.8,11.1,12.6,OFF
2026-03-11T17:22:43.000Z,53.8,11.1,12.6,OFF
2026-03-11T17:23:43.000Z,53.8,11.1,12.6,OFF
2026-03-11T17:24:43.000Z,53.8,11.2,12.6,OFF
2026-03-11T17:25:43.000Z,53.9,11.2,12.6,OFF
2026-03-11T17:26:43.000Z,53.8,11.2,12.6,OFF
2026-03-11T17:27:43.000Z,53.8,11.1,12.6,OFF
2026-03-11T17:28:43.000Z,53.8,11.1,12.6,OFF
2026-03-11T17:29:43.000Z,53.8,10.8,12.6,OFF
2026-03-11T17:30:43.000Z,53.8,10.5,12.6,OFF
2026-03-11T17:31:43.000Z,53.8,11,12.6,OFF
2026-03-11T17:32:43.000Z,53.8,11,12.6,OFF
2026-03-11T17:33:43.000Z,53.8,11.1,12.6,OFF
2026-03-11T17:34:43.000Z,53.8,11,12.6,OFF
2026-03-11T17:35:43.000Z,53.8,10.8,12.6,OFF
2026-03-11T17:36:43.000Z,53.8,10.7,12.6,OFF
2026-03-11T17:37:43.000Z,53.9,11.2,12.6,OFF
2026-03-11T17:38:43.000Z,53.8,10.8,12.6,OFF
2026-03-11T17:39:43.000Z,53.8,10.5,12.6,OFF
2026-03-11T17:40:43.000Z,53.8,10.7,12.6,OFF
2026-03-11T17:41:43.000Z,53.8,10.8,12.6,OFF
2026-03-11T17:42:43.000Z,53.8,10.6,12.6,OFF
2026-03-11T17:43:43.000Z,53.8,10.9,12.6,OFF
2026-03-11T17:44:43.000Z,53.8,11,12.6,OFF
2026-03-11T17:45:43.000Z,53.8,10.9,12.6,OFF
2026-03-11T17:46:43.000Z,53.8,10.8,12.6,OFF
2026-03-11T17:47:43.000Z,53.8,10.9,12.6,OFF
2026-03-11T17:48:43.000Z,53.8,10.7,12.6,OFF
2026-03-11T17:49:43.000Z,53.8,10.8,12.6,OFF
2026-03-11T17:50:43.000Z,53.8,10.8,12.6,OFF
2026-03-11T17:51:43.000Z,53.8,10.9,12.6,OFF
2026-03-11T17:52:43.000Z,53.8,11,12.6,OFF
2026-03-11T17:53:43.000Z,53.8,11,12.6,OFF
2026-03-11T17:54:43.000Z,53.7,11.4,12.6,OFF
2026-03-11T17:55:43.000Z,53.8,11.8,12.6,OFF
2026-03-11T17:56:43.000Z,53.7,12.1,12.6,OFF
2026-03-11T17:57:43.000Z,53.7,12.4,12.6,OFF
2026-03-11T17:58:43.000Z,53.7,12.5,12.6,OFF
2026-03-11T17:59:43.000Z,53.7,12.8,12.6,OFF
2026-03-11T18:00:43.000Z,53.7,12.8,12.6,OFF
2026-03-11T18:01:43.000Z,53.7,13,12.6,OFF
2026-03-11T18:02:43.000Z,53.7,12.9,12.6,OFF
2026-03-11T18:03:43.000Z,53.7,13,12.6,OFF
2026-03-11T18:04:43.000Z,53.7,13.1,12.6,OFF
2026-03-11T18:05:43.000Z,53.6,13.1,12.6,OFF
2026-03-11T18:06:43.000Z,53.6,13.1,12.6,OFF
2026-03-11T18:07:43.000Z,53.7,13.5,12.6,OFF
2026-03-11T18:08:43.000Z,53.6,13.2,12.6,OFF
2026-03-11T18:09:43.000Z,53.6,13.3,12.6,OFF
2026-03-11T18:10:43.000Z,53.6,13.3,12.6,OFF
2026-03-11T18:11:43.000Z,53.6,13.4,12.6,OFF
2026-03-11T18:12:43.000Z,53.6,13.4,12.6,OFF
2026-03-11T18:13:43.000Z,53.6,13.5,12.6,OFF
2026-03-11T18:14:43.000Z,53.6,13.6,12.6,OFF
2026-03-11T18:15:43.000Z,53.6,13.4,12.6,OFF
2026-03-11T18:16:43.000Z,53.6,13.5,12.6,OFF
2026-03-11T18:17:29.000Z,53.5,13.5,12.6,ON
2026-03-11T18:17:31.000Z,52.1,13.9,12.6,OFF
2026-03-11T18:18:32.000Z,53.6,13.6,12.6,OFF
2026-03-11T18:19:32.000Z,53.5,13.5,12.6,OFF
2026-03-11T18:20:32.000Z,53.6,13.6,12.6,OFF
2026-03-11T18:21:32.000Z,53.5,13.5,12.6,OFF
2026-03-11T18:22:32.000Z,53.5,13.6,12.6,OFF
2026-03-11T18:22:41.000Z,53.5,13.7,12.6,ON
2026-03-11T18:22:43.000Z,51.8,13.9,12.6,OFF
2026-03-11T18:23:44.000Z,53.6,13.6,12.6,OFF
2026-03-11T18:23:45.000Z,53.5,13.7,12.6,ON
2026-03-11T18:23:47.000Z,51.8,14,12.6,OFF
2026-03-11T18:24:48.000Z,53.5,13.7,12.6,OFF
2026-03-11T18:25:43.000Z,53.5,13.7,12.6,ON
2026-03-11T18:25:45.000Z,52,14,12.6,OFF
2026-03-11T18:26:15.000Z,53.5,13.8,12.6,ON
2026-03-11T18:26:17.000Z,50,9.2,12.6,OFF
2026-03-11T18:27:18.000Z,59.6,13.7,12.6,OFF
2026-03-11T18:28:18.000Z,58.4,13.7,12.6,OFF
2026-03-11T18:29:18.000Z,58.2,13.8,12.6,OFF
2026-03-11T18:30:18.000Z,58.1,13.9,12.6,OFF
2026-03-11T18:31:18.000Z,58,13.8,12.6,OFF
2026-03-11T18:32:18.000Z,58,14.1,12.6,OFF
2026-03-11T18:33:18.000Z,58,13.9,12.6,OFF
2026-03-11T18:34:18.000Z,58,13.9,12.6,OFF
2026-03-11T18:35:18.000Z,58,14,12.6,OFF
2026-03-11T18:36:18.000Z,58,14,12.6,OFF
2026-03-11T18:37:18.000Z,58,13.8,12.6,OFF
2026-03-11T18:38:18.000Z,58,14,12.6,OFF
2026-03-11T18:39:18.000Z,58,14,12.6,OFF
2026-03-11T18:40:18.000Z,58,13.9,12.6,OFF
2026-03-11T18:41:18.000Z,57.9,13.8,10.2,OFF
2026-03-11T18:42:18.000Z,58,13.9,10.2,OFF
2026-03-11T18:43:18.000Z,58,13.9,10.2,OFF
2026-03-11T18:44:18.000Z,57.9,13.9,10.2,OFF
2026-03-11T18:45:17.000Z,57.9,14,10.2,OFF
2026-03-11T18:46:17.000Z,58,13.9,10.2,OFF
2026-03-11T18:47:17.000Z,57.9,13.9,10.2,OFF
2026-03-11T18:48:17.000Z,57.9,14.2,10.2,OFF
2026-03-11T18:49:17.000Z,57.9,14,10.2,OFF
2026-03-11T18:50:17.000Z,57.9,14.1,10.2,OFF
2026-03-11T18:51:17.000Z,57.9,14,10.2,OFF
2026-03-11T18:52:17.000Z,57.9,14,10.2,OFF
2026-03-11T18:53:17.000Z,57.9,13.9,10.2,OFF
2026-03-11T18:54:17.000Z,57.9,14.1,10.2,OFF
2026-03-11T18:55:17.000Z,57.9,13.9,10.2,OFF
2026-03-11T18:56:17.000Z,57.9,14,10.2,OFF
2026-03-11T18:57:17.000Z,57.9,14.1,10.2,OFF
2026-03-11T18:58:17.000Z,57.9,14,10.2,OFF
2026-03-11T18:59:17.000Z,57.9,14.1,10.2,OFF
2026-03-11T19:00:17.000Z,57.9,14.1,10.2,OFF
2026-03-11T19:01:17.000Z,57.8,14,10.2,OFF
2026-03-11T19:02:17.000Z,57.8,14.2,10.2,OFF
2026-03-11T19:03:17.000Z,57.8,14.1,10.2,OFF
2026-03-11T19:04:17.000Z,57.8,14.2,10.2,OFF
2026-03-11T19:05:17.000Z,57.8,14,10.2,OFF
2026-03-11T19:06:17.000Z,57.8,14.2,10.2,OFF
2026-03-11T19:07:17.000Z,57.8,14,10.2,OFF
2026-03-11T19:08:17.000Z,57.8,14.3,10.2,OFF
2026-03-11T19:09:17.000Z,57.7,14.2,10.2,OFF
2026-03-11T19:10:17.000Z,57.7,14.1,10.2,OFF
2026-03-11T19:11:17.000Z,57.6,14.1,10.2,OFF
2026-03-11T19:12:17.000Z,57.7,14.3,10.2,OFF
2026-03-11T19:13:17.000Z,57.7,14.3,10.2,OFF
2026-03-11T19:14:17.000Z,57.7,14.3,10.2,OFF
2026-03-11T19:15:17.000Z,57.7,14.3,10.2,OFF
2026-03-11T19:16:17.000Z,57.7,14.3,10.2,OFF
2026-03-11T19:17:17.000Z,57.6,14.3,10.2,OFF
2026-03-11T19:18:17.000Z,57.7,14.2,10.2,OFF
2026-03-11T19:19:17.000Z,57.6,14.3,10.2,OFF
2026-03-11T19:20:17.000Z,57.6,14.5,10.2,OFF
2026-03-11T19:21:17.000Z,57.6,14.1,10.2,OFF
2026-03-11T19:22:17.000Z,57.7,14.2,10.2,OFF
2026-03-11T19:23:17.000Z,57.6,14.2,10.2,OFF
2026-03-11T19:24:17.000Z,57.6,14.3,10.2,OFF
2026-03-11T19:25:17.000Z,57.6,14.2,10.2,OFF
2026-03-11T19:26:17.000Z,57.6,14.3,10.2,OFF
2026-03-11T19:27:17.000Z,57.6,14.3,10.2,OFF
2026-03-11T19:28:17.000Z,57.6,14.4,10.2,OFF
2026-03-11T19:29:17.000Z,57.6,14.2,10.2,OFF
2026-03-11T19:30:17.000Z,57.6,14.3,10.2,OFF
2026-03-11T19:31:17.000Z,57.6,14.3,10.2,OFF
2026-03-11T19:32:17.000Z,57.6,14.3,10.2,OFF
2026-03-11T19:33:17.000Z,57.6,14.2,10.2,OFF
2026-03-11T19:34:17.000Z,57.6,14.4,10.2,OFF
2026-03-11T19:35:17.000Z,57.6,14.3,10.2,OFF
2026-03-11T19:36:17.000Z,57.6,14.4,10.2,OFF
2026-03-11T19:37:17.000Z,57.6,14.4,10.2,OFF
2026-03-11T19:38:17.000Z,57.6,14.4,10.2,OFF
2026-03-11T19:39:17.000Z,57.6,14.5,10.2,OFF
2026-03-11T19:40:17.000Z,57.5,14.4,10.2,OFF
2026-03-11T19:41:17.000Z,57.5,14.4,10.2,OFF
2026-03-11T19:42:17.000Z,57.5,14.3,10.2,OFF
2026-03-11T19:43:17.000Z,57.5,14.5,10.2,OFF
2026-03-11T19:44:17.000Z,57.5,14.5,10.2,OFF
2026-03-11T19:45:17.000Z,57.5,14.3,10.2,OFF
2026-03-11T19:46:17.000Z,57.5,14.3,10.2,OFF
2026-03-11T19:47:17.000Z,57.5,14.5,10.2,OFF
2026-03-11T19:48:17.000Z,57.5,14.4,10.2,OFF
2026-03-11T19:49:17.000Z,57.5,14.4,10.2,OFF
2026-03-11T19:50:17.000Z,57.5,14.4,10.2,OFF
2026-03-11T19:51:17.000Z,57.5,14.5,10.2,OFF
2026-03-11T19:52:17.000Z,57.5,14.5,10.2,OFF
2026-03-11T19:53:17.000Z,57.5,14.5,10.2,OFF
2026-03-11T19:54:17.000Z,57.5,14.5,10.2,OFF
2026-03-11T19:55:17.000Z,57.5,14.6,10.2,OFF
2026-03-11T19:56:17.000Z,57.4,14.6,10.2,OFF
2026-03-11T19:57:17.000Z,57.4,14.5,10.2,OFF
2026-03-11T19:58:17.000Z,57.5,14.7,10.2,OFF
2026-03-11T19:59:17.000Z,57.4,14.6,10.2,OFF
2026-03-11T20:00:17.000Z,57.4,14.4,10.2,OFF
2026-03-11T20:01:17.000Z,57.5,14.5,10.2,OFF
2026-03-11T20:02:17.000Z,57.5,14.5,10.2,OFF
2026-03-11T20:03:17.000Z,57.5,14.7,10.2,OFF
2026-03-11T20:04:17.000Z,57.4,14.6,10.2,OFF
2026-03-11T20:05:17.000Z,57.4,14.5,10.2,OFF
2026-03-11T20:06:17.000Z,57.5,14.6,10.2,OFF
2026-03-11T20:07:17.000Z,57.4,14.6,10.2,OFF
2026-03-11T20:08:17.000Z,57.4,14.6,10.2,OFF
2026-03-11T20:09:17.000Z,57.4,14.7,10.2,OFF
2026-03-11T20:10:17.000Z,57.4,14.6,10.2,OFF
2026-03-11T20:11:17.000Z,57.4,14.5,10.2,OFF
2026-03-11T20:12:17.000Z,57.3,14.5,10.2,OFF
2026-03-11T20:13:17.000Z,57.4,14.6,10.2,OFF
2026-03-11T20:14:17.000Z,57.4,14.7,10.2,OFF
2026-03-11T20:15:17.000Z,57.3,14.5,10.2,OFF
2026-03-11T20:16:17.000Z,57.3,14.6,10.2,OFF
2026-03-11T20:17:17.000Z,57.3,14.5,10.2,OFF
2026-03-11T20:18:17.000Z,57.3,14.6,10.2,OFF
2026-03-11T20:19:17.000Z,57.3,14.7,10.2,OFF
2026-03-11T20:20:17.000Z,57.3,15,10.2,OFF
2026-03-11T20:21:17.000Z,57.3,14.6,10.2,OFF
2026-03-11T20:22:17.000Z,57.3,14.7,10.2,OFF
2026-03-11T20:23:17.000Z,57.3,14.7,10.2,OFF
2026-03-11T20:24:17.000Z,57.3,14.6,10.2,OFF
2026-03-11T20:25:17.000Z,57.3,14.7,10.2,OFF
2026-03-11T20:26:17.000Z,57.3,14.7,10.2,OFF
2026-03-11T20:27:17.000Z,57.3,14.7,10.2,OFF
2026-03-11T20:28:17.000Z,57.3,14.7,10.2,OFF
2026-03-11T20:29:17.000Z,57.2,14.7,10.2,OFF
2026-03-11T20:30:17.000Z,57.3,14.7,10.2,OFF
2026-03-11T20:31:17.000Z,57.2,14.6,10.2,OFF
2026-03-11T20:32:17.000Z,57.2,14.5,10.2,OFF
2026-03-11T20:33:17.000Z,57.2,14.5,10.2,OFF
2026-03-11T20:34:17.000Z,57.2,14.7,10.2,OFF
2026-03-11T20:35:17.000Z,57.2,14.6,10.2,OFF
2026-03-11T20:36:17.000Z,57.2,14.7,10.2,OFF
2026-03-11T20:37:17.000Z,57.2,14.7,10.2,OFF
2026-03-11T20:38:17.000Z,57.2,14.6,10.2,OFF
2026-03-11T20:39:17.000Z,57.2,14.7,10.2,OFF
2026-03-11T20:40:17.000Z,57.2,14.8,10.2,OFF
2026-03-11T20:41:17.000Z,57.2,14.7,10.2,OFF
2026-03-11T20:42:17.000Z,57.2,14.7,10.2,OFF
2026-03-11T20:43:17.000Z,57.2,14.7,10.2,OFF
2026-03-11T20:44:17.000Z,57.2,14.8,10.2,OFF
2026-03-11T20:45:17.000Z,57.2,14.7,10.2,OFF
2026-03-11T20:46:17.000Z,57.2,14.7,10.2,OFF
2026-03-11T20:47:17.000Z,57.2,14.7,10.2,OFF
2026-03-11T20:48:17.000Z,57.2,14.8,10.2,OFF
2026-03-11T20:49:17.000Z,57.2,14.7,10.2,OFF
2026-03-11T20:50:17.000Z,57.2,14.5,10.2,OFF
2026-03-11T20:51:17.000Z,57.2,14.6,10.2,OFF
2026-03-11T20:52:17.000Z,57.2,14.7,10.2,OFF
2026-03-11T20:53:17.000Z,57.2,14.6,10.2,OFF
2026-03-11T20:54:17.000Z,57.2,14.6,10.2,OFF
2026-03-11T20:55:17.000Z,57.2,14.5,10.2,OFF
2026-03-11T20:56:17.000Z,57.2,14.7,10.2,OFF
2026-03-11T20:57:17.000Z,57.2,14.6,10.2,OFF
2026-03-11T20:58:17.000Z,57.1,14.6,10.2,OFF
2026-03-11T20:59:17.000Z,57.2,14.6,10.2,OFF
2026-03-11T21:00:17.000Z,57.2,14.7,10.2,OFF
2026-03-11T21:01:17.000Z,57.2,14.8,10.2,OFF
2026-03-11T21:02:17.000Z,57.2,14.6,10.2,OFF
2026-03-11T21:03:17.000Z,57.2,14.5,10.2,OFF
2026-03-11T21:04:17.000Z,57.2,14.6,10.2,OFF
2026-03-11T21:05:17.000Z,57.2,14.5,10.2,OFF
2026-03-11T21:06:17.000Z,57.2,14.6,10.2,OFF
2026-03-11T21:07:17.000Z,57.2,14.5,10.2,OFF
2026-03-11T21:08:17.000Z,57.2,14.5,10.2,OFF
2026-03-11T21:09:17.000Z,57.2,14.6,10.2,OFF
2026-03-11T21:10:17.000Z,57.2,14.5,10.2,OFF
2026-03-11T21:11:17.000Z,57.2,14.7,10.2,OFF
2026-03-11T21:12:17.000Z,57.2,14.7,10.2,OFF
2026-03-11T21:13:17.000Z,57.2,14.6,10.2,OFF
2026-03-11T21:14:17.000Z,57.2,14.7,10.2,OFF
2026-03-11T21:15:17.000Z,57.2,14.7,10.2,OFF
2026-03-11T21:16:17.000Z,57.2,14.8,10.2,OFF
2026-03-11T21:17:17.000Z,57.2,14.9,10.2,OFF
2026-03-11T21:18:17.000Z,57.2,14.8,10.2,OFF
2026-03-11T21:19:17.000Z,57.1,14.8,10.2,OFF
2026-03-11T21:20:17.000Z,57.2,14.6,10.2,OFF
2026-03-11T21:21:17.000Z,57.2,14.8,10.2,OFF
2026-03-11T21:22:17.000Z,57.2,14.6,10.2,OFF
2026-03-11T21:23:17.000Z,57.2,14.7,10.2,OFF
2026-03-11T21:24:17.000Z,57.2,14.6,10.2,OFF
2026-03-11T21:25:17.000Z,57.1,14.7,10.2,OFF
2026-03-11T21:26:17.000Z,57.2,14.6,10.2,OFF
2026-03-11T21:27:17.000Z,57.2,14.7,10.2,OFF
2026-03-11T21:28:17.000Z,57.2,14.8,10.2,OFF
2026-03-11T21:29:17.000Z,57.1,14.8,10.2,OFF
2026-03-11T21:30:17.000Z,57.1,14.8,10.2,OFF
2026-03-11T21:31:17.000Z,57.2,14.7,10.2,OFF
2026-03-11T21:32:17.000Z,57.2,14.8,10.2,OFF
2026-03-11T21:33:17.000Z,57.2,14.9,10.2,OFF
2026-03-11T21:34:17.000Z,57.2,14.6,10.2,OFF
2026-03-11T21:35:17.000Z,57.1,14.8,10.2,OFF
2026-03-11T21:36:17.000Z,57.1,14.7,10.2,OFF
2026-03-11T21:37:17.000Z,57.2,14.7,10.2,OFF
2026-03-11T21:38:17.000Z,57.2,14.8,10.2,OFF
2026-03-11T21:39:17.000Z,57.2,14.7,7.8,OFF
2026-03-11T21:40:17.000Z,57.2,14.7,7.8,OFF
2026-03-11T21:41:17.000Z,57.2,14.9,7.8,OFF
2026-03-11T21:42:17.000Z,57.1,14.7,7.8,OFF
2026-03-11T21:43:17.000Z,57.1,14.7,7.8,OFF
2026-03-11T21:44:17.000Z,57.1,14.9,7.8,OFF
2026-03-11T21:45:17.000Z,57.1,14.8,7.8,OFF
2026-03-11T21:46:17.000Z,57.1,14.8,7.8,OFF
2026-03-11T21:47:17.000Z,57.1,14.8,7.8,OFF
2026-03-11T21:48:17.000Z,57.1,15,7.8,OFF
2026-03-11T21:49:17.000Z,57.2,14.8,7.8,OFF
2026-03-11T21:50:17.000Z,57.1,14.7,7.8,OFF
2026-03-11T21:51:17.000Z,57.1,14.8,7.8,OFF
2026-03-11T21:52:17.000Z,57.2,14.8,7.8,OFF
2026-03-11T21:53:17.000Z,57.1,14.8,7.8,OFF
2026-03-11T21:54:17.000Z,57.1,14.7,7.8,OFF
2026-03-11T21:55:17.000Z,57.1,14.9,7.8,OFF
2026-03-11T21:56:17.000Z,57.2,14.8,7.8,OFF
2026-03-11T21:57:17.000Z,57.1,14.9,7.8,OFF
2026-03-11T21:58:17.000Z,57.1,14.9,7.8,OFF
2026-03-11T21:59:17.000Z,57.1,14.9,7.8,OFF
2026-03-11T22:00:17.000Z,57.1,15,7.8,OFF
2026-03-11T22:01:17.000Z,57.1,15,7.8,OFF
2026-03-11T22:02:17.000Z,57.1,14.9,7.8,OFF
2026-03-11T22:03:17.000Z,57.1,14.9,7.8,OFF
2026-03-11T22:04:17.000Z,57.1,14.9,7.8,OFF
2026-03-11T22:05:17.000Z,57.1,14.9,7.8,OFF
2026-03-11T22:06:17.000Z,57.1,14.9,7.8,OFF
2026-03-11T22:07:17.000Z,57.1,15,7.8,OFF
2026-03-11T22:08:17.000Z,57.1,14.9,7.8,OFF
2026-03-11T22:09:17.000Z,57.1,15,7.8,OFF
2026-03-11T22:10:17.000Z,57.1,15,7.8,OFF
2026-03-11T22:11:17.000Z,57.1,15,7.8,OFF
2026-03-11T22:12:17.000Z,57.1,15,7.8,OFF
2026-03-11T22:13:17.000Z,57.1,15.4,7.8,OFF
2026-03-11T22:14:17.000Z,57.1,15,7.8,OFF
2026-03-11T22:15:17.000Z,57.1,15,7.8,OFF
2026-03-11T22:16:17.000Z,57.1,15.2,7.8,OFF
2026-03-11T22:17:17.000Z,57.1,15.1,7.8,OFF
2026-03-11T22:18:17.000Z,57.1,15.1,7.8,OFF
2026-03-11T22:19:17.000Z,57.1,14.9,7.8,OFF
2026-03-11T22:20:17.000Z,57.1,15,7.8,OFF
2026-03-11T22:21:17.000Z,57.1,15,7.8,OFF
2026-03-11T22:22:17.000Z,57.1,15.1,7.8,OFF
2026-03-11T22:23:17.000Z,57.1,15.1,7.8,OFF
2026-03-11T22:24:17.000Z,57.1,15.1,7.8,OFF
2026-03-11T22:25:17.000Z,57.1,15.1,7.8,OFF
2026-03-11T22:26:17.000Z,57.1,15.1,7.8,OFF
2026-03-11T22:27:17.000Z,57.1,15.1,7.8,OFF
2026-03-11T22:28:17.000Z,57.1,15.5,7.8,OFF
2026-03-11T22:29:17.000Z,57.1,15.2,7.8,OFF
2026-03-11T22:30:17.000Z,57.1,15,7.8,OFF
2026-03-11T22:31:17.000Z,57.1,15,7.8,OFF
2026-03-11T22:32:17.000Z,57.1,15.1,7.8,OFF
2026-03-11T22:33:17.000Z,57.1,15.1,7.8,OFF
2026-03-11T22:34:17.000Z,57.1,15.1,7.8,OFF
2026-03-11T22:35:17.000Z,57,15,7.8,OFF
2026-03-11T22:36:17.000Z,57.1,15.2,7.8,OFF
2026-03-11T22:37:17.000Z,57,15.2,7.8,OFF
2026-03-11T22:38:17.000Z,57.1,15.4,7.3,OFF
2026-03-11T22:39:17.000Z,57.1,15,7.3,OFF
2026-03-11T22:40:17.000Z,57.1,15.2,7.3,OFF
2026-03-11T22:41:17.000Z,57.1,15.3,7.3,OFF
2026-03-11T22:42:17.000Z,57,15.3,7.3,OFF
2026-03-11T22:43:17.000Z,57,15,7.3,OFF
2026-03-11T22:44:17.000Z,57,15.3,7.3,OFF
2026-03-11T22:45:17.000Z,57,15,7.3,OFF
2026-03-11T22:46:17.000Z,57,15.1,7.3,OFF
2026-03-11T22:47:17.000Z,57,15.2,7.3,OFF
2026-03-11T22:48:17.000Z,57.1,15.3,7.3,OFF
2026-03-11T22:49:17.000Z,57.1,15.3,7.3,OFF
2026-03-11T22:50:17.000Z,57,15.2,7.3,OFF
2026-03-11T22:51:17.000Z,57.1,15.3,7.3,OFF
2026-03-11T22:52:17.000Z,57,15.3,7.3,OFF
2026-03-11T22:53:17.000Z,57,15.2,7.3,OFF
2026-03-11T22:54:17.000Z,56.9,15.2,7.3,OFF
2026-03-11T22:55:17.000Z,56.9,15.3,7.3,OFF
2026-03-11T22:56:17.000Z,57,15.4,7.3,OFF
2026-03-11T22:57:17.000Z,56.9,15.5,7.3,OFF
2026-03-11T22:58:17.000Z,57,15.3,7.3,OFF
2026-03-11T22:59:17.000Z,56.9,15.4,7.3,OFF
2026-03-11T23:00:17.000Z,57,15.3,7.3,OFF
2026-03-11T23:01:17.000Z,57,15.4,7.3,OFF
2026-03-11T23:02:17.000Z,56.9,15.3,7.3,OFF
2026-03-11T23:03:17.000Z,56.9,15.4,7.3,OFF
2026-03-11T23:04:17.000Z,57,15.2,7.3,OFF
2026-03-11T23:05:17.000Z,56.9,15.2,7.3,OFF
2026-03-11T23:06:17.000Z,56.9,15.4,7.3,OFF
2026-03-11T23:07:17.000Z,56.9,15.4,7.3,OFF
2026-03-11T23:08:17.000Z,56.9,15.4,7.3,OFF
2026-03-11T23:09:17.000Z,56.9,15.2,7.3,OFF
2026-03-11T23:10:17.000Z,56.9,15.4,7.3,OFF
2026-03-11T23:11:17.000Z,56.9,15.5,7.3,OFF
2026-03-11T23:12:17.000Z,56.9,15.5,7.3,OFF
2026-03-11T23:13:17.000Z,56.9,15.5,7.3,OFF
2026-03-11T23:14:17.000Z,56.9,15.7,7.3,OFF
2026-03-11T23:15:17.000Z,56.9,15.5,7.3,OFF
2026-03-11T23:16:17.000Z,56.9,15.4,7.3,OFF
2026-03-11T23:17:17.000Z,56.9,15.4,7.3,OFF
2026-03-11T23:18:17.000Z,56.9,15.4,7.3,OFF
2026-03-11T23:19:17.000Z,56.9,15.4,7.3,OFF
2026-03-11T23:20:17.000Z,56.9,15.5,7.3,OFF
2026-03-11T23:21:17.000Z,56.9,15.4,7.3,OFF
2026-03-11T23:22:17.000Z,56.9,15.5,7.3,OFF
2026-03-11T23:23:17.000Z,56.9,15.4,7.3,OFF
2026-03-11T23:24:17.000Z,56.9,15.6,7.3,OFF
2026-03-11T23:25:17.000Z,56.9,15.5,7.3,OFF
2026-03-11T23:26:17.000Z,56.9,15.6,7.3,OFF
2026-03-11T23:27:17.000Z,56.9,15.6,7.3,OFF
2026-03-11T23:28:17.000Z,56.9,15.6,7.3,OFF
2026-03-11T23:29:17.000Z,56.9,15.5,7.3,OFF
2026-03-11T23:30:17.000Z,56.9,15.7,7.3,OFF
2026-03-11T23:31:17.000Z,56.9,15.5,7.3,OFF
2026-03-11T23:32:17.000Z,56.9,15.4,7.3,OFF
2026-03-11T23:33:17.000Z,56.9,15.5,7.3,OFF
2026-03-11T23:34:17.000Z,56.9,15.6,7.3,OFF
2026-03-11T23:35:17.000Z,56.9,15.4,7.3,OFF
2026-03-11T23:36:17.000Z,56.9,15.5,7.3,OFF
2026-03-11T23:37:17.000Z,56.9,15.4,7.3,OFF
2026-03-11T23:38:17.000Z,56.9,15.6,7.3,OFF
2026-03-11T23:39:17.000Z,56.9,15.5,7.3,OFF
2026-03-11T23:40:17.000Z,56.9,15.6,7.3,OFF
2026-03-11T23:41:17.000Z,56.9,15.5,7.3,OFF
2026-03-11T23:42:17.000Z,56.9,15.6,7.3,OFF
2026-03-11T23:43:17.000Z,56.8,15.7,7.3,OFF
2026-03-11T23:44:17.000Z,56.8,15.7,7.3,OFF
2026-03-11T23:45:17.000Z,56.8,15.6,7.1,OFF
2026-03-11T23:46:17.000Z,56.8,15.5,7.1,OFF
2026-03-11T23:47:17.000Z,56.8,15.5,7.1,OFF
2026-03-11T23:48:17.000Z,56.8,15.6,7.1,OFF
2026-03-11T23:49:17.000Z,56.8,15.7,7.1,OFF
2026-03-11T23:50:17.000Z,56.8,15.6,7.1,OFF
2026-03-11T23:51:17.000Z,56.8,15.7,7.1,OFF
2026-03-11T23:52:17.000Z,56.8,15.6,7.1,OFF
2026-03-11T23:53:17.000Z,56.8,15.7,7.1,OFF
2026-03-11T23:54:17.000Z,56.8,15.8,7.1,OFF
2026-03-11T23:55:17.000Z,56.8,15.7,7.1,OFF
2026-03-11T23:56:17.000Z,56.8,15.6,7.1,OFF
2026-03-11T23:57:17.000Z,56.8,15.7,7.1,OFF
2026-03-11T23:58:17.000Z,56.8,15.7,7.1,OFF
2026-03-11T23:59:17.000Z,56.8,15.6,7.1,OFF
2026-03-12T00:00:17.000Z,56.8,15.7,7.1,OFF
2026-03-12T00:01:17.000Z,56.8,15.7,7.1,OFF
2026-03-12T00:02:17.000Z,56.8,15.8,7.1,OFF
2026-03-12T00:03:17.000Z,56.8,15.8,7.1,OFF
2026-03-12T00:04:17.000Z,56.8,15.7,7.1,OFF
2026-03-12T00:05:17.000Z,56.8,15.8,7.1,OFF
2026-03-12T00:06:17.000Z,56.8,15.8,7.1,OFF
2026-03-12T00:07:17.000Z,56.8,15.8,7.1,OFF
2026-03-12T00:08:17.000Z,56.8,15.8,7.1,OFF
2026-03-12T00:09:17.000Z,56.8,15.9,7.1,OFF
2026-03-12T00:10:17.000Z,56.8,15.8,7.1,OFF
2026-03-12T00:11:17.000Z,56.8,15.8,7.1,OFF
2026-03-12T00:12:17.000Z,56.7,15.7,7.1,OFF
2026-03-12T00:13:17.000Z,56.8,15.8,7.1,OFF
2026-03-12T00:14:17.000Z,56.8,15.7,7.1,OFF
2026-03-12T00:15:17.000Z,56.8,15.8,7.1,OFF
2026-03-12T00:16:17.000Z,56.8,15.7,7.1,OFF
2026-03-12T00:17:17.000Z,56.8,15.8,7.1,OFF
2026-03-12T00:18:17.000Z,56.8,15.8,7.1,OFF
2026-03-12T00:19:17.000Z,56.8,15.8,7.1,OFF
2026-03-12T00:20:17.000Z,56.8,15.8,7.1,OFF
2026-03-12T00:21:17.000Z,56.8,16.3,7.1,OFF
2026-03-12T00:22:17.000Z,56.8,15.9,7.1,OFF
2026-03-12T00:23:17.000Z,56.8,15.8,7,OFF
2026-03-12T00:24:17.000Z,56.8,15.9,7,OFF
2026-03-12T00:25:17.000Z,56.8,15.9,7,OFF
2026-03-12T00:26:17.000Z,56.8,15.9,7,OFF
2026-03-12T00:27:17.000Z,56.8,15.8,7,OFF
2026-03-12T00:28:17.000Z,56.8,15.8,7,OFF
2026-03-12T00:29:17.000Z,56.8,15.9,7,OFF
2026-03-12T00:30:17.000Z,56.8,15.9,7,OFF
2026-03-12T00:31:17.000Z,56.8,15.9,7,OFF
2026-03-12T00:32:17.000Z,56.8,15.9,7,OFF
2026-03-12T00:33:17.000Z,56.8,15.9,6.8,OFF
2026-03-12T00:34:17.000Z,56.8,16,6.8,OFF
2026-03-12T00:35:17.000Z,56.8,16,6.8,OFF
2026-03-12T00:36:17.000Z,56.8,15.9,6.8,OFF
2026-03-12T00:37:17.000Z,56.8,15.9,6.8,OFF
2026-03-12T00:38:17.000Z,56.8,15.8,6.8,OFF
2026-03-12T00:39:17.000Z,56.8,15.9,6.8,OFF
2026-03-12T00:40:17.000Z,56.8,15.9,6.8,OFF
2026-03-12T00:41:17.000Z,56.8,15.9,6.8,OFF
2026-03-12T00:42:17.000Z,56.8,15.9,6.8,OFF
2026-03-12T00:43:17.000Z,56.8,16,6.8,OFF
2026-03-12T00:44:17.000Z,56.8,16.1,6.8,OFF
2026-03-12T00:45:17.000Z,56.8,16,6.8,OFF
2026-03-12T00:46:17.000Z,56.8,16.1,6.8,OFF
2026-03-12T00:47:17.000Z,56.8,15.9,6.8,OFF
2026-03-12T00:48:17.000Z,56.8,15.8,6.8,OFF
2026-03-12T00:49:17.000Z,56.8,15.8,6.8,OFF
2026-03-12T00:50:17.000Z,56.8,15.8,6.8,OFF
2026-03-12T00:51:17.000Z,56.8,15.9,6.8,OFF
2026-03-12T00:52:17.000Z,56.8,15.8,6.8,OFF
2026-03-12T00:53:17.000Z,56.8,15.8,6.6,OFF
2026-03-12T00:54:17.000Z,56.8,15.8,6.6,OFF
2026-03-12T00:55:17.000Z,56.8,15.8,6.6,OFF
2026-03-12T00:56:17.000Z,56.9,15.8,6.6,OFF
2026-03-12T00:57:17.000Z,56.9,15.9,6.6,OFF
2026-03-12T00:58:17.000Z,56.9,16.1,6.6,OFF
2026-03-12T00:59:17.000Z,56.8,15.7,6.6,OFF
2026-03-12T01:00:17.000Z,56.9,15.9,6.6,OFF
2026-03-12T01:01:17.000Z,56.9,15.7,6.6,OFF
2026-03-12T01:02:17.000Z,56.9,15.7,6.6,OFF
2026-03-12T01:03:17.000Z,56.9,15.8,6.6,OFF
2026-03-12T01:04:17.000Z,56.9,15.8,6.5,OFF
2026-03-12T01:05:17.000Z,56.9,15.8,6.5,OFF
2026-03-12T01:06:17.000Z,56.9,15.8,6.5,OFF
2026-03-12T01:07:17.000Z,56.9,15.8,6.5,OFF
2026-03-12T01:08:17.000Z,56.9,15.9,6.5,OFF
2026-03-12T01:09:17.000Z,56.9,15.9,6.5,OFF
2026-03-12T01:10:17.000Z,56.9,15.8,6.5,OFF
2026-03-12T01:11:17.000Z,56.9,15.9,6.5,OFF
2026-03-12T01:12:17.000Z,56.9,15.9,6.5,OFF
2026-03-12T01:13:17.000Z,56.9,15.7,6.5,OFF
2026-03-12T01:14:17.000Z,56.9,15.8,6.5,OFF
2026-03-12T01:15:17.000Z,56.9,15.7,6.5,OFF
2026-03-12T01:16:17.000Z,56.9,15.8,6.5,OFF
2026-03-12T01:17:17.000Z,56.9,15.8,6.5,OFF
2026-03-12T01:18:17.000Z,56.9,15.7,6.5,OFF
2026-03-12T01:19:17.000Z,56.9,15.7,6.5,OFF
2026-03-12T01:20:17.000Z,56.9,15.7,6.5,OFF
2026-03-12T01:21:17.000Z,56.9,15.8,6.6,OFF
2026-03-12T01:22:17.000Z,56.9,15.7,6.6,OFF
2026-03-12T01:23:17.000Z,56.9,15.8,6.6,OFF
2026-03-12T01:24:17.000Z,56.9,15.8,6.6,OFF
2026-03-12T01:25:17.000Z,56.9,15.6,6.6,OFF
2026-03-12T01:26:17.000Z,56.9,15.8,6.6,OFF
2026-03-12T01:27:17.000Z,56.9,15.6,6.7,OFF
2026-03-12T01:28:17.000Z,56.9,15.7,6.7,OFF
2026-03-12T01:29:17.000Z,56.9,15.8,6.7,OFF
2026-03-12T01:30:17.000Z,56.9,15.7,6.7,OFF
2026-03-12T01:31:17.000Z,56.9,15.8,6.7,OFF
2026-03-12T01:32:17.000Z,56.9,15.7,6.7,OFF
2026-03-12T01:33:17.000Z,56.9,15.8,6.7,OFF
2026-03-12T01:34:17.000Z,56.9,15.8,6.7,OFF
2026-03-12T01:35:17.000Z,56.9,15.7,6.7,OFF
2026-03-12T01:36:17.000Z,56.9,15.8,6.7,OFF
2026-03-12T01:37:17.000Z,56.9,15.7,6.6,OFF
2026-03-12T01:38:17.000Z,56.9,15.8,6.6,OFF
2026-03-12T01:39:17.000Z,56.8,15.8,6.6,OFF
2026-03-12T01:40:17.000Z,56.9,16,6.6,OFF
2026-03-12T01:41:17.000Z,56.9,15.8,6.6,OFF
2026-03-12T01:42:17.000Z,56.9,15.8,6.6,OFF
2026-03-12T01:43:17.000Z,56.9,15.7,6.6,OFF
2026-03-12T01:44:17.000Z,56.9,15.9,6.6,OFF
2026-03-12T01:45:17.000Z,56.9,15.8,6.6,OFF
2026-03-12T01:46:17.000Z,56.9,15.8,6.6,OFF
2026-03-12T01:47:17.000Z,56.9,15.7,6.7,OFF
2026-03-12T01:48:17.000Z,56.8,15.7,6.7,OFF
2026-03-12T01:49:17.000Z,56.9,15.7,6.7,OFF
2026-03-12T01:50:17.000Z,56.9,15.7,6.7,OFF
2026-03-12T01:51:17.000Z,56.9,15.7,6.7,OFF
2026-03-12T01:52:17.000Z,56.9,15.7,6.7,OFF
2026-03-12T01:53:17.000Z,56.9,15.9,6.7,OFF
2026-03-12T01:54:17.000Z,56.9,15.8,6.7,OFF
2026-03-12T01:55:17.000Z,56.9,15.8,6.7,OFF
2026-03-12T01:56:17.000Z,56.9,15.9,6.7,OFF
2026-03-12T01:57:17.000Z,56.9,15.7,6.7,OFF
2026-03-12T01:58:17.000Z,56.9,15.7,6.7,OFF
2026-03-12T01:59:17.000Z,56.9,15.6,6.7,OFF
2026-03-12T02:00:17.000Z,56.9,15.6,6.7,OFF
2026-03-12T02:01:17.000Z,56.9,15.7,6.7,OFF
2026-03-12T02:02:17.000Z,56.9,15.7,6.7,OFF
2026-03-12T02:03:17.000Z,56.8,15.7,6.7,OFF
2026-03-12T02:04:17.000Z,56.9,15.6,6.7,OFF
2026-03-12T02:05:17.000Z,56.9,15.7,6.7,OFF
2026-03-12T02:06:17.000Z,56.9,15.7,6.7,OFF
2026-03-12T02:07:17.000Z,56.9,15.7,6.7,OFF
2026-03-12T02:08:17.000Z,56.9,15.7,6.7,OFF
2026-03-12T02:09:17.000Z,56.9,15.8,6.7,OFF
2026-03-12T02:10:17.000Z,56.9,15.6,6.7,OFF
2026-03-12T02:11:17.000Z,56.9,15.7,6.7,OFF
2026-03-12T02:12:17.000Z,56.9,15.5,6.7,OFF
2026-03-12T02:13:17.000Z,56.9,15.6,6.7,OFF
2026-03-12T02:14:17.000Z,56.9,15.7,6.7,OFF
2026-03-12T02:15:17.000Z,56.9,15.6,6.7,OFF
2026-03-12T02:16:17.000Z,56.9,15.6,6.7,OFF
2026-03-12T02:17:17.000Z,56.8,15.7,6.7,OFF
2026-03-12T02:18:17.000Z,56.9,15.7,6.7,OFF
2026-03-12T02:19:17.000Z,56.9,15.6,6.7,OFF
2026-03-12T02:20:17.000Z,56.9,15.7,6.7,OFF
2026-03-12T02:21:17.000Z,56.9,15.7,6.7,OFF
2026-03-12T02:22:17.000Z,56.9,15.7,6.7,OFF
2026-03-12T02:23:17.000Z,56.9,15.8,6.7,OFF
2026-03-12T02:24:17.000Z,56.9,15.7,6.7,OFF
2026-03-12T02:25:17.000Z,56.9,15.6,6.7,OFF
2026-03-12T02:26:17.000Z,56.9,15.5,6.7,OFF
2026-03-12T02:27:17.000Z,56.9,15.6,6.7,OFF
2026-03-12T02:28:17.000Z,56.9,15.6,6.7,OFF
2026-03-12T02:29:17.000Z,56.9,15.6,6.7,OFF
2026-03-12T02:30:17.000Z,56.9,15.6,6.7,OFF
2026-03-12T02:31:17.000Z,56.8,15.6,6.7,OFF
2026-03-12T02:32:17.000Z,56.9,15.6,6.7,OFF
2026-03-12T02:33:17.000Z,56.9,15.7,6.7,OFF
2026-03-12T02:34:17.000Z,56.9,15.6,6.7,OFF
2026-03-12T02:35:17.000Z,56.9,15.6,6.7,OFF
2026-03-12T02:36:17.000Z,56.9,15.6,6.7,OFF
2026-03-12T02:37:17.000Z,56.9,15.5,6.7,OFF
2026-03-12T02:38:17.000Z,56.9,15.6,6.7,OFF
2026-03-12T02:39:17.000Z,56.9,15.6,6.7,OFF
2026-03-12T02:40:17.000Z,56.9,15.7,6.7,OFF
2026-03-12T02:41:17.000Z,56.9,15.5,6.7,OFF
2026-03-12T02:42:17.000Z,56.9,15.6,6.7,OFF
2026-03-12T02:43:17.000Z,56.9,15.5,6.7,OFF
2026-03-12T02:44:17.000Z,56.9,15.5,6.7,OFF
2026-03-12T02:45:17.000Z,56.8,15.6,6.7,OFF
2026-03-12T02:46:17.000Z,56.8,15.5,6.7,OFF
2026-03-12T02:47:17.000Z,56.9,15.5,6.7,OFF
2026-03-12T02:48:17.000Z,56.8,15.5,6.7,OFF
2026-03-12T02:49:17.000Z,56.9,15.9,6.7,OFF
2026-03-12T02:50:17.000Z,56.8,15.5,6.7,OFF
2026-03-12T02:51:17.000Z,56.9,15.4,6.7,OFF
2026-03-12T02:52:17.000Z,56.8,15.5,6.7,OFF
2026-03-12T02:53:17.000Z,56.8,15.4,6.7,OFF
2026-03-12T02:54:17.000Z,56.8,15.5,6.7,OFF
2026-03-12T02:55:17.000Z,56.8,15.6,6.7,OFF
2026-03-12T02:56:17.000Z,56.8,15.4,6.7,OFF
2026-03-12T02:57:17.000Z,56.9,15.5,6.7,OFF
2026-03-12T02:58:17.000Z,56.8,15.5,6.7,OFF
2026-03-12T02:59:17.000Z,56.9,15.5,6.7,OFF
2026-03-12T03:00:17.000Z,56.8,15.5,6.7,OFF
2026-03-12T03:01:17.000Z,56.8,15.5,6.7,OFF
2026-03-12T03:02:17.000Z,56.9,15.5,6.7,OFF
2026-03-12T03:03:17.000Z,56.8,15.6,6.7,OFF
2026-03-12T03:04:17.000Z,56.8,15.6,6.7,OFF
2026-03-12T03:05:17.000Z,56.9,15.5,6.7,OFF
2026-03-12T03:06:17.000Z,56.9,15.3,6.8,OFF
2026-03-12T03:07:17.000Z,56.9,15.4,6.8,OFF
2026-03-12T03:08:17.000Z,56.8,15.4,6.8,OFF
2026-03-12T03:09:17.000Z,56.8,15.4,6.8,OFF
2026-03-12T03:10:17.000Z,56.9,15.5,6.8,OFF
2026-03-12T03:11:17.000Z,56.8,15.5,6.8,OFF
2026-03-12T03:12:17.000Z,56.9,15.4,6.8,OFF
2026-03-12T03:13:17.000Z,56.9,15.4,6.8,OFF
2026-03-12T03:14:17.000Z,56.9,15.4,6.8,OFF
2026-03-12T03:15:17.000Z,56.9,15.4,6.8,OFF
2026-03-12T03:16:17.000Z,56.9,15.4,6.8,OFF
2026-03-12T03:17:17.000Z,56.9,15.5,6.8,OFF
2026-03-12T03:18:17.000Z,56.9,15.4,6.8,OFF
2026-03-12T03:19:17.000Z,56.9,15.3,6.8,OFF
2026-03-12T03:20:17.000Z,56.9,15.3,6.8,OFF
2026-03-12T03:21:17.000Z,56.9,15.4,6.8,OFF
2026-03-12T03:22:17.000Z,56.9,15.3,6.8,OFF
2026-03-12T03:23:17.000Z,56.9,15.4,6.8,OFF
2026-03-12T03:24:17.000Z,56.9,15.4,6.8,OFF
2026-03-12T03:25:17.000Z,57,15.4,6.8,OFF
2026-03-12T03:26:17.000Z,56.9,15.4,6.8,OFF
2026-03-12T03:27:17.000Z,56.9,15.4,6.8,OFF
2026-03-12T03:28:17.000Z,56.9,15.3,6.8,OFF
2026-03-12T03:29:17.000Z,56.9,15.2,6.8,OFF
2026-03-12T03:30:17.000Z,57,15.3,6.8,OFF
2026-03-12T03:31:17.000Z,56.9,15.4,6.8,OFF
2026-03-12T03:32:17.000Z,56.9,15.3,6.8,OFF
2026-03-12T03:33:17.000Z,56.9,15.3,6.8,OFF
2026-03-12T03:34:17.000Z,56.9,15.3,6.8,OFF
2026-03-12T03:35:17.000Z,56.9,15.3,6.8,OFF
2026-03-12T03:36:17.000Z,56.9,15.3,6.8,OFF
2026-03-12T03:37:17.000Z,56.9,15.3,6.8,OFF
2026-03-12T03:38:17.000Z,56.9,15.3,6.8,OFF
2026-03-12T03:39:17.000Z,56.9,15.5,6.8,OFF
2026-03-12T03:40:17.000Z,56.9,15.3,6.8,OFF
2026-03-12T03:41:17.000Z,56.9,15.3,6.8,OFF
2026-03-12T03:42:17.000Z,56.9,15.2,6.8,OFF
2026-03-12T03:43:17.000Z,56.9,15.3,6.8,OFF
2026-03-12T03:44:17.000Z,56.9,15.1,6.8,OFF
2026-03-12T03:45:17.000Z,56.9,15.4,6.8,OFF
2026-03-12T03:46:17.000Z,56.9,15.2,6.8,OFF
2026-03-12T03:47:17.000Z,56.9,15.4,6.8,OFF
2026-03-12T03:48:17.000Z,56.9,15.3,6.8,OFF
2026-03-12T03:49:17.000Z,56.9,15.3,6.8,OFF
2026-03-12T03:50:17.000Z,56.9,15.3,6.8,OFF
2026-03-12T03:51:17.000Z,56.9,15.3,6.8,OFF
2026-03-12T03:52:17.000Z,56.9,15.3,6.9,OFF
2026-03-12T03:53:17.000Z,56.9,15.4,6.9,OFF
2026-03-12T03:54:17.000Z,56.9,15.2,6.9,OFF
2026-03-12T03:55:17.000Z,56.9,15.2,6.9,OFF
2026-03-12T03:56:17.000Z,56.9,15.2,6.9,OFF
2026-03-12T03:57:17.000Z,56.9,15.2,6.9,OFF
2026-03-12T03:58:17.000Z,56.9,15.2,6.9,OFF
2026-03-12T03:59:17.000Z,56.9,15.2,6.9,OFF
2026-03-12T04:00:17.000Z,56.9,15.2,6.9,OFF
2026-03-12T04:01:17.000Z,56.9,15.3,6.9,OFF
2026-03-12T04:02:17.000Z,56.9,15.2,6.9,OFF
2026-03-12T04:03:17.000Z,56.9,15.2,6.9,OFF
2026-03-12T04:04:17.000Z,56.9,15.2,6.9,OFF
2026-03-12T04:05:17.000Z,56.8,15.2,6.9,OFF
2026-03-12T04:06:17.000Z,56.9,15.2,6.9,OFF
2026-03-12T04:07:17.000Z,56.9,15.2,6.9,OFF
2026-03-12T04:08:17.000Z,56.9,15.2,6.9,OFF
2026-03-12T04:09:17.000Z,56.9,15.2,6.9,OFF
2026-03-12T04:10:17.000Z,56.9,15.2,6.9,OFF
2026-03-12T04:11:17.000Z,56.9,15.3,6.9,OFF
2026-03-12T04:12:17.000Z,56.9,15.2,6.9,OFF
2026-03-12T04:13:17.000Z,56.9,15.3,6.9,OFF
2026-03-12T04:14:17.000Z,56.9,15.2,6.9,OFF
2026-03-12T04:15:17.000Z,56.9,15.2,6.9,OFF
2026-03-12T04:16:17.000Z,56.9,15.1,6.9,OFF
2026-03-12T04:17:17.000Z,56.9,15.2,6.9,OFF
2026-03-12T04:18:17.000Z,56.9,15.1,6.9,OFF
2026-03-12T04:19:17.000Z,56.9,15.1,6.9,OFF
2026-03-12T04:20:17.000Z,56.9,15.1,6.9,OFF
2026-03-12T04:21:17.000Z,56.9,15.1,6.9,OFF
2026-03-12T04:22:17.000Z,56.9,15.1,6.9,OFF
2026-03-12T04:23:17.000Z,56.9,15.2,6.9,OFF
2026-03-12T04:24:17.000Z,56.9,15.1,6.9,OFF
2026-03-12T04:25:17.000Z,56.9,15.2,6.9,OFF
2026-03-12T04:26:17.000Z,56.9,15.1,6.9,OFF
2026-03-12T04:27:17.000Z,56.9,15.3,6.9,OFF
2026-03-12T04:28:17.000Z,56.9,15.1,6.9,OFF
2026-03-12T04:29:17.000Z,56.9,15.1,6.9,OFF
2026-03-12T04:30:17.000Z,56.9,15.1,6.9,OFF
2026-03-12T04:31:17.000Z,56.9,15.1,6.9,OFF
2026-03-12T04:32:17.000Z,56.9,15.1,6.9,OFF
2026-03-12T04:33:17.000Z,56.9,15.2,6.9,OFF
2026-03-12T04:34:17.000Z,56.9,15.1,6.9,OFF
2026-03-12T04:35:17.000Z,56.9,15.1,6.9,OFF
2026-03-12T04:36:17.000Z,56.9,15.2,6.9,OFF
2026-03-12T04:37:17.000Z,56.9,15.1,6.9,OFF
2026-03-12T04:38:17.000Z,56.9,15.1,6.9,OFF
2026-03-12T04:39:17.000Z,56.9,15.1,6.9,OFF
2026-03-12T04:40:17.000Z,56.9,15.2,6.9,OFF
2026-03-12T04:41:17.000Z,56.9,15.2,6.9,OFF
2026-03-12T04:42:17.000Z,56.9,15.1,6.9,OFF
2026-03-12T04:43:17.000Z,56.9,15,6.9,OFF
2026-03-12T04:44:17.000Z,56.9,15.1,6.9,OFF
2026-03-12T04:45:17.000Z,56.9,15.1,6.9,OFF
2026-03-12T04:46:17.000Z,56.9,15.1,6.9,OFF
2026-03-12T04:47:17.000Z,56.9,15.1,6.9,OFF
2026-03-12T04:48:17.000Z,56.9,15.1,6.9,OFF
2026-03-12T04:49:17.000Z,56.9,15.1,6.9,OFF
2026-03-12T04:50:17.000Z,56.9,15.2,6.9,OFF
2026-03-12T04:51:17.000Z,56.9,15.1,6.9,OFF
2026-03-12T04:52:17.000Z,56.9,15.1,6.9,OFF
2026-03-12T04:53:17.000Z,56.9,15.3,6.9,OFF
2026-03-12T04:54:17.000Z,56.9,15,6.9,OFF
2026-03-12T04:55:17.000Z,56.9,15,6.9,OFF
2026-03-12T04:56:17.000Z,56.9,15,6.9,OFF
2026-03-12T04:57:17.000Z,56.9,15.1,6.9,OFF
2026-03-12T04:58:17.000Z,56.9,15.2,6.9,OFF
2026-03-12T04:59:17.000Z,56.9,15.1,6.9,OFF
2026-03-12T05:00:17.000Z,56.9,15.1,6.9,OFF
2026-03-12T05:01:17.000Z,56.9,14.9,6.9,OFF
2026-03-12T05:02:17.000Z,56.9,15.1,6.9,OFF
2026-03-12T05:03:17.000Z,56.9,15.1,6.9,OFF
2026-03-12T05:04:17.000Z,56.9,15.1,6.9,OFF
2026-03-12T05:05:17.000Z,56.9,15,6.9,OFF
2026-03-12T05:06:17.000Z,56.9,15.1,6.9,OFF
2026-03-12T05:07:17.000Z,56.9,15.2,6.9,OFF
2026-03-12T05:08:17.000Z,56.9,15.1,6.9,OFF
2026-03-12T05:09:17.000Z,56.9,15.1,6.9,OFF
2026-03-12T05:10:17.000Z,56.9,15.2,6.9,OFF
2026-03-12T05:11:17.000Z,56.9,15.1,7.6,OFF
2026-03-12T05:12:17.000Z,56.9,15.2,7.6,OFF
2026-03-12T05:13:17.000Z,56.9,15.1,7.6,OFF
2026-03-12T05:14:17.000Z,56.9,15.2,7.6,OFF
2026-03-12T05:15:17.000Z,56.9,15,7.6,OFF
2026-03-12T05:16:17.000Z,56.9,15,7.6,OFF
2026-03-12T05:17:17.000Z,56.9,15.1,7.6,OFF
2026-03-12T05:18:17.000Z,56.9,15.1,7.6,OFF
2026-03-12T05:19:17.000Z,56.9,15.1,7.6,OFF
2026-03-12T05:20:17.000Z,56.9,15.1,7.6,OFF
2026-03-12T05:21:17.000Z,56.9,15.1,7.6,OFF
2026-03-12T05:22:17.000Z,56.9,15.1,7.6,OFF
2026-03-12T05:23:17.000Z,56.9,15,7.6,OFF
2026-03-12T05:24:17.000Z,56.9,15,7.6,OFF
2026-03-12T05:25:17.000Z,56.9,15.1,7.6,OFF
2026-03-12T05:26:17.000Z,56.9,14.9,7.6,OFF
2026-03-12T05:27:17.000Z,56.9,15,7.6,OFF
2026-03-12T05:28:17.000Z,56.9,15,7.6,OFF
2026-03-12T05:29:17.000Z,56.9,15,7.6,OFF
2026-03-12T05:30:17.000Z,56.9,15.1,7.6,OFF
2026-03-12T05:31:17.000Z,56.9,15.1,7.6,OFF
2026-03-12T05:32:17.000Z,56.9,15.1,7.6,OFF
2026-03-12T05:33:17.000Z,56.9,15.1,7.6,OFF
2026-03-12T05:34:17.000Z,56.9,15.1,7.6,OFF
2026-03-12T05:35:17.000Z,56.9,14.9,7.6,OFF
2026-03-12T05:36:17.000Z,56.9,15,7.6,OFF
2026-03-12T05:37:17.000Z,56.9,15,7.6,OFF
2026-03-12T05:38:17.000Z,56.9,15.1,7.6,OFF
2026-03-12T05:39:17.000Z,56.9,15.1,7.6,OFF
2026-03-12T05:40:17.000Z,56.8,14.9,7.6,OFF
2026-03-12T05:41:17.000Z,56.9,15.1,7.6,OFF
2026-03-12T05:42:17.000Z,56.9,15,7.6,OFF
2026-03-12T05:43:17.000Z,56.9,15,7.6,OFF
2026-03-12T05:44:17.000Z,56.9,15.2,7.6,OFF
2026-03-12T05:45:17.000Z,56.9,15.1,7.6,OFF
2026-03-12T05:46:17.000Z,56.9,15.2,7.6,OFF
2026-03-12T05:47:17.000Z,56.8,15,7.6,OFF
2026-03-12T05:48:17.000Z,56.9,15,7.6,OFF
2026-03-12T05:49:17.000Z,56.9,15.1,7.6,OFF
2026-03-12T05:50:17.000Z,56.9,14.9,7.6,OFF
2026-03-12T05:51:17.000Z,56.9,15,7.6,OFF
2026-03-12T05:52:17.000Z,56.9,15,7.6,OFF
2026-03-12T05:53:17.000Z,56.9,15,7.6,OFF
2026-03-12T05:54:17.000Z,56.9,15.1,7.6,OFF
2026-03-12T05:55:17.000Z,56.9,15,7.6,OFF
2026-03-12T05:56:17.000Z,56.9,15.1,7.6,OFF
2026-03-12T05:57:17.000Z,56.9,15.1,7.6,OFF
2026-03-12T05:58:17.000Z,56.9,15,7.6,OFF
2026-03-12T05:59:17.000Z,56.9,15,7.6,OFF
2026-03-12T06:00:17.000Z,56.9,14.9,7.6,OFF
2026-03-12T06:01:17.000Z,56.9,15.1,7.6,OFF
2026-03-12T06:02:17.000Z,56.9,15.1,7.6,OFF
2026-03-12T06:03:17.000Z,56.9,15,7.6,OFF
2026-03-12T06:04:17.000Z,56.9,15,7.6,OFF
2026-03-12T06:05:17.000Z,56.9,14.9,7.6,OFF
2026-03-12T06:06:17.000Z,56.9,15,7.6,OFF
2026-03-12T06:07:17.000Z,56.9,15.1,7.6,OFF
2026-03-12T06:08:17.000Z,56.9,15,7.6,OFF
2026-03-12T06:09:17.000Z,56.9,15.1,7.6,OFF
2026-03-12T06:10:17.000Z,56.9,15,7.6,OFF
2026-03-12T06:11:17.000Z,56.9,15,7.6,OFF
2026-03-12T06:12:17.000Z,56.9,14.9,7.6,OFF
2026-03-12T06:13:17.000Z,56.9,15.1,7.6,OFF
2026-03-12T06:14:17.000Z,56.9,15,7.6,OFF
2026-03-12T06:15:17.000Z,56.9,15,7.6,OFF
2026-03-12T06:16:17.000Z,56.9,15.1,7.6,OFF
2026-03-12T06:17:17.000Z,56.9,15,7.6,OFF
2026-03-12T06:18:17.000Z,56.9,15.1,7.6,OFF
2026-03-12T06:19:17.000Z,56.9,15.2,7.6,OFF
2026-03-12T06:20:17.000Z,56.9,15.2,7.6,OFF
2026-03-12T06:21:17.000Z,56.9,15,7.6,OFF
2026-03-12T06:22:17.000Z,56.9,14.9,7.6,OFF
2026-03-12T06:23:17.000Z,56.8,14.9,7.6,OFF
2026-03-12T06:24:17.000Z,56.8,15,7.6,OFF
2026-03-12T06:25:17.000Z,56.8,15,7.6,OFF
2026-03-12T06:26:17.000Z,56.9,15,7.6,OFF
2026-03-12T06:27:17.000Z,56.9,15,7.6,OFF
2026-03-12T06:28:17.000Z,56.9,15,7.6,OFF
2026-03-12T06:29:17.000Z,56.9,15,7.6,OFF
2026-03-12T06:30:17.000Z,56.9,15.2,7.6,OFF
2026-03-12T06:31:17.000Z,56.9,15.1,7.6,OFF
2026-03-12T06:32:17.000Z,56.9,15,7.6,OFF
2026-03-12T06:33:17.000Z,56.9,15.1,7.6,OFF
2026-03-12T06:34:17.000Z,56.9,15.1,7.6,OFF
2026-03-12T06:35:17.000Z,56.9,15,7.6,OFF
2026-03-12T06:36:17.000Z,56.9,14.9,7.6,OFF
2026-03-12T06:37:17.000Z,56.9,15.5,7.6,OFF
2026-03-12T06:38:17.000Z,56.8,15,7.6,OFF
2026-03-12T06:39:17.000Z,56.8,15.1,7.6,OFF
2026-03-12T06:40:17.000Z,56.9,15.1,7.6,OFF
2026-03-12T06:41:17.000Z,56.9,15.1,7.6,OFF
2026-03-12T06:42:17.000Z,56.9,15.1,7.6,OFF
2026-03-12T06:43:17.000Z,56.8,15,7.6,OFF
2026-03-12T06:44:17.000Z,56.9,15,7.6,OFF
2026-03-12T06:45:17.000Z,56.9,15.1,7.6,OFF
2026-03-12T06:46:17.000Z,56.9,15,7.6,OFF
2026-03-12T06:47:17.000Z,56.9,14.9,7.6,OFF
2026-03-12T06:48:17.000Z,56.9,15,7.6,OFF
2026-03-12T06:49:17.000Z,56.9,14.9,7.6,OFF
2026-03-12T06:50:17.000Z,56.9,15.1,7.6,OFF
2026-03-12T06:51:17.000Z,56.9,15.1,7.6,OFF
2026-03-12T06:52:17.000Z,56.9,15.1,7.6,OFF
2026-03-12T06:53:17.000Z,56.9,15.2,7.6,OFF
2026-03-12T06:54:17.000Z,56.8,15.1,7.6,OFF
2026-03-12T06:55:17.000Z,56.9,15.1,7.6,OFF
2026-03-12T06:56:17.000Z,56.8,15.1,7.6,OFF
2026-03-12T06:57:17.000Z,56.8,15,7.6,OFF
2026-03-12T06:58:17.000Z,56.8,15.1,7.6,OFF
2026-03-12T06:59:17.000Z,56.8,15.1,7.6,OFF
2026-03-12T07:00:17.000Z,56.8,15.1,7.6,OFF
2026-03-12T07:01:17.000Z,56.8,15.1,7.6,OFF
2026-03-12T07:02:17.000Z,56.8,15.3,7.6,OFF
2026-03-12T07:03:17.000Z,56.8,15,7.6,OFF
2026-03-12T07:04:17.000Z,56.8,15.1,7.6,OFF
2026-03-12T07:05:17.000Z,56.8,15.1,7.6,OFF
2026-03-12T07:06:17.000Z,56.8,15.2,7.6,OFF
2026-03-12T07:07:17.000Z,56.8,15.1,7.6,OFF
2026-03-12T07:08:17.000Z,56.8,15,7.6,OFF
2026-03-12T07:09:17.000Z,56.9,15,7.6,OFF
2026-03-12T07:10:17.000Z,56.9,15,7.6,OFF
2026-03-12T07:11:17.000Z,56.8,15.1,7.6,OFF
2026-03-12T07:12:17.000Z,56.9,15.1,7.6,OFF
2026-03-12T07:13:17.000Z,56.9,15.1,7.6,OFF
2026-03-12T07:14:17.000Z,56.9,15.1,7.6,OFF
2026-03-12T07:15:17.000Z,56.8,15.2,7.6,OFF
2026-03-12T07:16:17.000Z,56.9,15.1,7.6,OFF
2026-03-12T07:17:17.000Z,56.8,15,7.6,OFF
2026-03-12T07:18:17.000Z,56.9,15.1,7.6,OFF
2026-03-12T07:19:17.000Z,56.9,15.1,7.6,OFF
2026-03-12T07:20:17.000Z,56.8,15.1,7.6,OFF
2026-03-12T07:21:17.000Z,56.8,15.1,7.6,OFF
2026-03-12T07:22:17.000Z,56.8,15.1,7.6,OFF
2026-03-12T07:23:17.000Z,56.8,15.1,7.6,OFF
2026-03-12T07:24:17.000Z,56.8,15.1,7.6,OFF
2026-03-12T07:25:17.000Z,56.8,15.1,7.6,OFF
2026-03-12T07:26:17.000Z,56.8,15.1,7.6,OFF
2026-03-12T07:27:17.000Z,56.9,15.1,7.6,OFF
2026-03-12T07:28:17.000Z,56.8,15.1,7.6,OFF
2026-03-12T07:29:17.000Z,56.8,15,7.6,OFF
2026-03-12T07:30:17.000Z,56.8,15.2,7.6,OFF
2026-03-12T07:31:17.000Z,56.8,15,7.6,OFF
2026-03-12T07:32:17.000Z,56.9,15.1,7.6,OFF
2026-03-12T07:33:17.000Z,56.8,15,7.6,OFF
2026-03-12T07:34:17.000Z,56.8,15,7.6,OFF
2026-03-12T07:35:17.000Z,56.8,15.1,7.6,OFF
2026-03-12T07:36:17.000Z,56.8,15.1,7.6,OFF
2026-03-12T07:37:17.000Z,56.9,15.1,7.6,OFF
2026-03-12T07:38:17.000Z,56.8,15.1,7.6,OFF
2026-03-12T07:39:17.000Z,56.8,15.1,7.6,OFF
2026-03-12T07:40:17.000Z,56.8,15.2,7.6,OFF
2026-03-12T07:41:17.000Z,56.8,15.2,7.6,OFF
2026-03-12T07:42:17.000Z,56.9,15,7.6,OFF
2026-03-12T07:43:17.000Z,56.8,15.1,7.6,OFF
2026-03-12T07:44:17.000Z,56.9,15.1,7.6,OFF
2026-03-12T07:45:17.000Z,56.8,15.2,7.6,OFF
2026-03-12T07:46:17.000Z,56.8,15.1,7.6,OFF
2026-03-12T07:47:17.000Z,56.8,15.1,7.6,OFF
2026-03-12T07:48:17.000Z,56.8,15,7.6,OFF
2026-03-12T07:49:17.000Z,56.8,15,7.6,OFF
2026-03-12T07:50:17.000Z,56.8,15.2,7.6,OFF
2026-03-12T07:51:17.000Z,56.8,15.1,7.6,OFF
2026-03-12T07:52:17.000Z,56.9,15.1,7.6,OFF
2026-03-12T07:53:17.000Z,56.8,15.1,7.6,OFF
2026-03-12T07:54:17.000Z,56.8,15.1,7.6,OFF
2026-03-12T07:55:17.000Z,56.8,15,7.6,OFF
2026-03-12T07:56:17.000Z,56.8,15,7.6,OFF
2026-03-12T07:57:17.000Z,56.8,15.1,7.6,OFF
2026-03-12T07:58:17.000Z,56.8,15.1,7.6,OFF
2026-03-12T07:59:17.000Z,56.8,15.1,7.6,OFF
2026-03-12T08:00:17.000Z,56.8,15.2,7.6,OFF
2026-03-12T08:01:17.000Z,56.8,15.2,7.6,OFF
2026-03-12T08:02:17.000Z,56.8,15.2,7.6,OFF
2026-03-12T08:03:17.000Z,56.8,15.2,7.6,OFF
2026-03-12T08:04:17.000Z,56.8,15.3,7.6,OFF
2026-03-12T08:05:17.000Z,56.8,15.3,7.6,OFF
2026-03-12T08:06:17.000Z,56.8,15.3,7.6,OFF
2026-03-12T08:07:17.000Z,56.8,15.3,7.6,OFF
2026-03-12T08:08:17.000Z,56.8,15.4,7.6,OFF
2026-03-12T08:09:17.000Z,56.8,15.2,7.6,OFF
2026-03-12T08:10:17.000Z,56.8,15.3,7.6,OFF
2026-03-12T08:11:17.000Z,56.8,15.2,7.6,OFF
2026-03-12T08:12:17.000Z,56.8,15.2,7.6,OFF
2026-03-12T08:13:17.000Z,56.8,15.3,7.6,OFF
2026-03-12T08:14:17.000Z,56.8,15.3,7.6,OFF
2026-03-12T08:15:17.000Z,56.8,15.3,7.6,OFF
2026-03-12T08:16:17.000Z,56.8,15.3,7.6,OFF
2026-03-12T08:17:17.000Z,56.8,15.2,7.6,OFF
2026-03-12T08:18:17.000Z,56.8,15.3,7.6,OFF
2026-03-12T08:19:17.000Z,56.8,15.3,7.6,OFF
2026-03-12T08:20:17.000Z,56.8,15.2,7.6,OFF
2026-03-12T08:21:17.000Z,56.8,15.2,7.6,OFF
2026-03-12T08:22:17.000Z,56.8,15.4,7.6,OFF
2026-03-12T08:23:17.000Z,56.8,15.2,7.6,OFF
2026-03-12T08:24:17.000Z,56.8,15.2,7.6,OFF
2026-03-12T08:25:17.000Z,56.8,15.4,7.6,OFF
2026-03-12T08:26:17.000Z,56.8,15.2,7.6,OFF
2026-03-12T08:27:17.000Z,56.8,15.2,7.6,OFF
2026-03-12T08:28:17.000Z,56.8,15.2,7.6,OFF
2026-03-12T08:30:17.000Z,56.8,15.4,7.6,OFF
2026-03-12T08:31:17.000Z,56.8,15.2,7.6,OFF
2026-03-12T08:32:17.000Z,56.8,15.2,7.6,OFF
2026-03-12T08:33:17.000Z,56.8,15.4,7.6,OFF
2026-03-12T08:34:17.000Z,56.8,15.2,7.6,OFF
2026-03-12T08:35:17.000Z,56.8,15.3,7.6,OFF
2026-03-12T08:36:17.000Z,56.8,15.2,7.6,OFF
2026-03-12T08:37:17.000Z,56.8,15.2,7.6,OFF
2026-03-12T08:38:17.000Z,56.8,15.2,7.6,OFF
2026-03-12T08:39:17.000Z,56.8,15.2,7.6,OFF
2026-03-12T08:40:17.000Z,56.8,15.2,7.6,OFF
2026-03-12T08:41:17.000Z,56.8,15.2,7.6,OFF
2026-03-12T08:42:17.000Z,56.8,15.2,7.6,OFF
2026-03-12T08:43:17.000Z,56.8,15.3,7.6,OFF
2026-03-12T08:44:17.000Z,56.8,15.2,7.6,OFF
2026-03-12T08:45:17.000Z,56.8,15.3,7.6,OFF
2026-03-12T08:46:17.000Z,56.8,15.2,7.6,OFF
2026-03-12T08:47:17.000Z,56.8,15.1,7.6,OFF
2026-03-12T08:48:17.000Z,56.8,15.3,7.6,OFF
2026-03-12T08:49:17.000Z,56.8,15.2,7.6,OFF
2026-03-12T08:50:17.000Z,56.8,15.2,7.6,OFF
2026-03-12T08:51:17.000Z,56.8,15.4,7.6,OFF
2026-03-12T08:52:17.000Z,56.8,15.3,7.6,OFF
2026-03-12T08:53:17.000Z,56.8,15.3,7.6,OFF
2026-03-12T08:54:17.000Z,56.8,15.3,7.6,OFF
2026-03-12T08:55:17.000Z,56.7,15.3,7.6,OFF
2026-03-12T08:56:17.000Z,56.8,15.3,7.6,OFF
2026-03-12T08:57:17.000Z,56.8,15.2,7.6,OFF
2026-03-12T08:58:17.000Z,56.8,15.4,7.6,OFF
2026-03-12T08:59:17.000Z,56.8,15.2,7.6,OFF
2026-03-12T09:00:17.000Z,56.8,15.3,7.6,OFF
2026-03-12T09:01:17.000Z,56.8,15.3,7.6,OFF
2026-03-12T09:02:17.000Z,56.8,15,7.6,OFF
2026-03-12T09:03:17.000Z,56.8,15.1,7.6,OFF
2026-03-12T09:04:17.000Z,56.8,15.2,7.6,OFF
2026-03-12T09:05:17.000Z,56.8,15.2,7.6,OFF
2026-03-12T09:06:17.000Z,56.7,15.3,7.6,OFF
2026-03-12T09:07:17.000Z,56.8,15.3,7.6,OFF
2026-03-12T09:08:17.000Z,56.8,15.3,7.6,OFF
2026-03-12T09:09:17.000Z,56.8,15.3,7.6,OFF
2026-03-12T09:10:17.000Z,56.8,15.3,7.6,OFF
2026-03-12T09:11:17.000Z,56.8,15.3,7.6,OFF
2026-03-12T09:12:17.000Z,56.8,15.4,7.6,OFF
2026-03-12T09:13:17.000Z,56.8,15.5,7.6,OFF
2026-03-12T09:14:17.000Z,56.8,15.5,7.6,OFF
2026-03-12T09:15:17.000Z,56.8,15.3,7.6,OFF
2026-03-12T09:16:17.000Z,56.8,15.3,7.6,OFF
2026-03-12T09:17:17.000Z,56.8,15.3,7.6,OFF
2026-03-12T09:18:17.000Z,56.8,15.4,7.6,OFF
2026-03-12T09:19:17.000Z,56.8,15.3,7.6,OFF
2026-03-12T09:20:17.000Z,56.8,15.4,7.6,OFF
2026-03-12T09:21:17.000Z,56.8,15.4,7.6,OFF
2026-03-12T09:22:17.000Z,56.7,15.5,7.6,OFF
2026-03-12T09:23:17.000Z,56.8,15.4,7.6,OFF
2026-03-12T09:24:17.000Z,56.8,15.5,7.6,OFF
2026-03-12T09:25:17.000Z,56.7,15.5,7.6,OFF
2026-03-12T09:26:17.000Z,56.7,15.6,7.6,OFF
2026-03-12T09:27:17.000Z,56.7,15.4,7.6,OFF
2026-03-12T09:28:17.000Z,56.8,15.4,7.6,OFF
2026-03-12T09:29:17.000Z,56.7,15.4,7.6,OFF
2026-03-12T09:30:17.000Z,56.7,15.5,10.6,OFF
2026-03-12T09:31:17.000Z,56.7,15.5,10.6,OFF
2026-03-12T09:32:17.000Z,56.7,15.5,10.6,OFF
2026-03-12T09:33:17.000Z,56.7,15.5,10.6,OFF
2026-03-12T09:34:17.000Z,56.7,15.5,10.6,OFF
2026-03-12T09:35:17.000Z,56.7,15.9,10.6,OFF
2026-03-12T09:36:17.000Z,56.7,15.6,10.6,OFF
2026-03-12T09:37:17.000Z,56.7,15.6,10.6,OFF
2026-03-12T09:38:17.000Z,56.7,15.6,10.6,OFF
2026-03-12T09:39:17.000Z,56.7,15.6,10.6,OFF
2026-03-12T09:40:17.000Z,56.7,15.4,10.6,OFF
2026-03-12T09:41:17.000Z,56.7,15.5,10.6,OFF
2026-03-12T09:42:17.000Z,56.7,15.5,10.6,OFF
2026-03-12T09:43:17.000Z,56.7,15.6,10.6,OFF
2026-03-12T09:44:17.000Z,56.7,15.6,10.6,OFF
2026-03-12T09:45:17.000Z,56.7,15.7,10.6,OFF
2026-03-12T09:46:17.000Z,56.7,15.6,10.6,OFF
2026-03-12T09:47:17.000Z,56.7,15.6,10.6,OFF
2026-03-12T09:48:17.000Z,56.7,15.6,10.6,OFF
2026-03-12T09:49:17.000Z,56.7,15.7,10.6,OFF
2026-03-12T09:50:17.000Z,56.7,15.6,10.6,OFF
2026-03-12T09:51:17.000Z,56.7,15.5,10.6,OFF
2026-03-12T09:52:17.000Z,56.7,15.6,10.6,OFF
2026-03-12T09:53:17.000Z,56.7,15.6,10.6,OFF
2026-03-12T09:54:17.000Z,56.7,15.5,10.6,OFF
2026-03-12T09:55:17.000Z,56.7,15.5,10.6,OFF
2026-03-12T09:56:17.000Z,56.7,15.5,10.6,OFF
2026-03-12T09:57:17.000Z,56.7,15.6,10.6,OFF
2026-03-12T09:58:17.000Z,56.7,15.6,10.6,OFF
2026-03-12T09:59:17.000Z,56.7,15.6,10.6,OFF
2026-03-12T10:00:17.000Z,56.6,15.5,10.6,OFF
2026-03-12T10:01:17.000Z,56.7,15.7,10.6,OFF
2026-03-12T10:02:17.000Z,56.7,15.6,10.6,OFF
2026-03-12T10:03:17.000Z,56.7,15.6,10.6,OFF
2026-03-12T10:04:17.000Z,56.6,15.5,10.6,OFF
2026-03-12T10:05:17.000Z,56.7,15.7,10.6,OFF
2026-03-12T10:06:17.000Z,56.6,15.5,10.6,OFF
2026-03-12T10:07:17.000Z,56.7,15.7,10.6,OFF
2026-03-12T10:08:17.000Z,56.7,15.5,10.6,OFF
2026-03-12T10:09:17.000Z,56.7,15.5,10.6,OFF
2026-03-12T10:10:17.000Z,56.6,15.5,10.6,OFF
2026-03-12T10:11:17.000Z,56.7,15.6,10.6,OFF
2026-03-12T10:12:17.000Z,56.6,15.6,10.6,OFF
2026-03-12T10:13:17.000Z,56.7,15.6,10.6,OFF
2026-03-12T10:14:17.000Z,56.6,15.5,10.6,OFF
2026-03-12T10:15:17.000Z,56.7,15.5,10.6,OFF
2026-03-12T10:16:17.000Z,56.7,15.7,10.6,OFF
2026-03-12T10:17:17.000Z,56.6,15.5,10.6,OFF
2026-03-12T10:18:17.000Z,56.6,15.6,10.6,OFF
2026-03-12T10:19:17.000Z,56.7,15.5,10.6,OFF
2026-03-12T10:20:17.000Z,56.7,15.5,10.6,OFF
2026-03-12T10:21:17.000Z,56.6,15.6,11,OFF
2026-03-12T10:22:17.000Z,56.6,15.6,11,OFF
2026-03-12T10:23:17.000Z,56.7,15.6,11,OFF
2026-03-12T10:24:17.000Z,56.6,15.6,11,OFF
2026-03-12T10:25:17.000Z,56.7,15.7,11,OFF
2026-03-12T10:26:17.000Z,56.6,15.5,11,OFF
2026-03-12T10:27:17.000Z,56.6,15.5,11,OFF
2026-03-12T10:28:17.000Z,56.7,15.5,11,OFF
2026-03-12T10:29:17.000Z,56.7,15.5,11,OFF
2026-03-12T10:30:17.000Z,56.6,15.5,11,OFF
2026-03-12T10:31:17.000Z,56.6,15.5,11,OFF
2026-03-12T10:32:17.000Z,56.7,15.5,11,OFF
2026-03-12T10:33:17.000Z,56.6,15.6,11,OFF
2026-03-12T10:34:17.000Z,56.6,15.5,11,OFF
2026-03-12T10:35:17.000Z,56.6,15.9,11,OFF
2026-03-12T10:36:17.000Z,56.6,15.6,11,OFF
2026-03-12T10:37:17.000Z,56.6,15.6,11,OFF
2026-03-12T10:38:17.000Z,56.6,15.5,11,OFF
2026-03-12T10:39:17.000Z,56.5,15.6,11,OFF
2026-03-12T10:40:17.000Z,56.6,15.7,11,OFF
2026-03-12T10:41:17.000Z,56.6,15.6,11,OFF
2026-03-12T10:42:17.000Z,56.6,15.5,11,OFF
2026-03-12T10:43:17.000Z,56.5,15.6,11,OFF
2026-03-12T10:44:17.000Z,56.6,15.5,11,OFF
2026-03-12T10:45:17.000Z,56.6,15.5,11,OFF
2026-03-12T10:46:17.000Z,56.6,15.5,11,OFF
2026-03-12T10:47:17.000Z,56.6,15.5,11,OFF
2026-03-12T10:48:17.000Z,56.5,15.5,10.9,OFF
2026-03-12T10:49:17.000Z,56.5,15.5,10.9,OFF
2026-03-12T10:50:17.000Z,56.5,15.5,10.9,OFF
2026-03-12T10:51:17.000Z,56.5,15.6,10.9,OFF
2026-03-12T10:52:17.000Z,56.5,15.7,10.9,OFF
2026-03-12T10:53:17.000Z,56.5,15.5,10.9,OFF
2026-03-12T10:54:17.000Z,56.5,15.6,10.9,OFF
2026-03-12T10:55:17.000Z,56.5,15.6,10.9,OFF
2026-03-12T10:56:17.000Z,56.5,15.7,10.9,OFF
2026-03-12T10:57:17.000Z,56.5,15.7,10.9,OFF
2026-03-12T10:58:17.000Z,56.5,15.8,10.9,OFF
2026-03-12T10:59:17.000Z,56.5,15.8,10.9,OFF
2026-03-12T11:00:17.000Z,56.5,15.8,10.9,OFF
2026-03-12T11:01:17.000Z,56.5,15.8,10.9,OFF
2026-03-12T11:02:17.000Z,56.5,15.9,10.9,OFF
2026-03-12T11:03:17.000Z,56.5,15.9,10.9,OFF
2026-03-12T11:04:17.000Z,56.5,15.9,10.9,OFF
2026-03-12T11:05:17.000Z,56.5,15.7,10.9,OFF
2026-03-12T11:06:17.000Z,56.5,15.9,10.9,OFF
2026-03-12T11:07:17.000Z,56.5,15.7,10.9,OFF
2026-03-12T11:08:17.000Z,56.5,15.8,10.9,OFF
2026-03-12T11:09:17.000Z,56.5,15.8,10.9,OFF
2026-03-12T11:10:17.000Z,56.5,15.8,11.1,OFF
2026-03-12T11:11:17.000Z,56.5,15.8,11.1,OFF
2026-03-12T11:12:17.000Z,56.5,15.9,10.9,OFF
2026-03-12T11:13:17.000Z,56.5,15.9,11.1,OFF
2026-03-12T11:14:17.000Z,56.5,16,11.1,OFF
2026-03-12T11:15:17.000Z,56.4,16,11.1,OFF
2026-03-12T11:16:17.000Z,56.4,15.9,11.1,OFF
2026-03-12T11:17:17.000Z,56.4,16,11.1,OFF
2026-03-12T11:18:17.000Z,56.4,16,11.1,OFF
2026-03-12T11:19:17.000Z,56.4,15.9,11.1,OFF
2026-03-12T11:20:17.000Z,56.4,15.8,11.1,OFF
2026-03-12T11:21:17.000Z,56.4,15.9,11.1,OFF
2026-03-12T11:22:17.000Z,56.4,15.9,11.1,OFF
2026-03-12T11:23:17.000Z,56.4,15.9,11.1,OFF
2026-03-12T11:24:17.000Z,56.4,15.8,11.1,OFF
2026-03-12T11:25:17.000Z,56.4,15.8,11.1,OFF
2026-03-12T11:26:17.000Z,56.4,15.8,11.2,OFF
2026-03-12T11:27:17.000Z,56.4,15.9,11.2,OFF
2026-03-12T11:28:17.000Z,56.4,15.9,11.2,OFF
2026-03-12T11:29:17.000Z,56.4,15.9,11.2,OFF
2026-03-12T11:30:17.000Z,56.4,15.9,11.2,OFF
2026-03-12T11:31:17.000Z,56.3,15.9,11.2,OFF
2026-03-12T11:32:17.000Z,56.4,16.1,11.2,OFF
2026-03-12T11:33:17.000Z,56.3,15.7,11.2,OFF
2026-03-12T11:34:17.000Z,56.4,15.8,11.2,OFF
2026-03-12T11:35:17.000Z,56.3,15.8,11.2,OFF
2026-03-12T11:36:17.000Z,56.3,15.7,11.2,OFF
2026-03-12T11:37:17.000Z,56.4,15.9,11.2,OFF
2026-03-12T11:38:17.000Z,56.4,15.9,11.2,OFF
2026-03-12T11:39:17.000Z,56.4,16,11.2,OFF
2026-03-12T11:40:17.000Z,56.4,15.9,11.2,OFF
2026-03-12T11:41:17.000Z,56.4,15.9,11.2,OFF
2026-03-12T11:42:17.000Z,56.4,15.9,11.2,OFF
2026-03-12T11:43:17.000Z,56.4,15.9,11.2,OFF
2026-03-12T11:44:17.000Z,56.4,16.1,11.2,OFF
2026-03-12T11:45:17.000Z,56.5,15.9,11.2,OFF
2026-03-12T11:46:17.000Z,56.4,16,11.2,OFF
2026-03-12T11:47:17.000Z,56.4,15.9,11.5,OFF
2026-03-12T11:48:17.000Z,56.5,15.8,11.5,OFF
2026-03-12T11:49:17.000Z,56.4,15.8,11.5,OFF
2026-03-12T11:50:17.000Z,56.4,15.9,11.5,OFF
2026-03-12T11:51:17.000Z,56.4,15.8,11.5,OFF
2026-03-12T11:52:17.000Z,56.4,15.9,11.5,OFF
2026-03-12T11:53:17.000Z,56.5,16,11.5,OFF
2026-03-12T11:54:17.000Z,56.4,15.9,11.5,OFF
2026-03-12T11:55:17.000Z,56.4,16,11.5,OFF
2026-03-12T11:56:17.000Z,56.5,15.9,11.5,OFF
2026-03-12T11:57:17.000Z,56.4,15.9,11.5,OFF
2026-03-12T11:58:17.000Z,56.4,16.2,11.5,OFF
2026-03-12T11:59:17.000Z,56.4,15.9,11.5,OFF
2026-03-12T12:00:17.000Z,56.4,16,11.6,OFF
2026-03-12T12:01:17.000Z,56.5,15.9,11.6,OFF
2026-03-12T12:02:17.000Z,56.4,15.9,11.6,OFF
2026-03-12T12:03:17.000Z,56.4,16,11.6,OFF
2026-03-12T12:04:17.000Z,56.4,15.9,11.6,OFF
2026-03-12T12:05:17.000Z,56.4,15.9,11.6,OFF
2026-03-12T12:06:17.000Z,56.5,15.9,11.6,OFF
2026-03-12T12:07:17.000Z,56.4,15.8,11.6,OFF
2026-03-12T12:08:17.000Z,56.4,15.9,11.6,OFF
2026-03-12T12:09:17.000Z,56.4,15.7,11.6,OFF
2026-03-12T12:10:17.000Z,56.4,15.8,11.6,OFF
2026-03-12T12:11:17.000Z,56.4,15.9,11.6,OFF
2026-03-12T12:12:17.000Z,56.4,15.9,11.6,OFF
2026-03-12T12:13:17.000Z,56.4,15.9,11.6,OFF
2026-03-12T12:14:17.000Z,56.4,15.8,11.7,OFF
2026-03-12T12:15:17.000Z,56.4,15.9,11.7,OFF
2026-03-12T12:16:17.000Z,56.4,16.1,11.7,OFF
2026-03-12T12:17:17.000Z,56.4,15.8,11.7,OFF
2026-03-12T12:18:17.000Z,56.4,15.9,11.7,OFF
2026-03-12T12:19:17.000Z,56.4,16,11.7,OFF
2026-03-12T12:20:17.000Z,56.4,15.9,11.7,OFF
2026-03-12T12:21:17.000Z,56.4,16,11.7,OFF
2026-03-12T12:22:17.000Z,56.3,15.8,11.7,OFF
2026-03-12T12:23:17.000Z,56.3,15.9,11.7,OFF
2026-03-12T12:24:17.000Z,56.3,16,11.7,OFF
2026-03-12T12:25:17.000Z,56.3,16,11.7,OFF
2026-03-12T12:26:17.000Z,56.3,16.1,11.7,OFF
2026-03-12T12:27:17.000Z,56.3,16.1,11.7,OFF
2026-03-12T12:28:17.000Z,56.3,16.1,11.7,OFF
2026-03-12T12:29:17.000Z,56.3,16,11.7,OFF
2026-03-12T12:30:17.000Z,56.3,16.1,11.7,OFF
2026-03-12T12:31:17.000Z,56.2,16,11.7,OFF
2026-03-12T12:32:17.000Z,56.4,16.2,11.7,OFF
2026-03-12T12:33:17.000Z,56.4,16,11.7,OFF
2026-03-12T12:34:17.000Z,56.4,16,11.7,OFF
2026-03-12T12:35:17.000Z,56.5,16.1,11.7,OFF
2026-03-12T12:36:17.000Z,56.4,15.9,11.7,OFF
2026-03-12T12:37:17.000Z,56.4,16,11.7,OFF
2026-03-12T12:38:17.000Z,56.4,16,11.7,OFF
2026-03-12T12:39:17.000Z,56.5,16,11.7,OFF
2026-03-12T12:40:17.000Z,56.5,16,11.7,OFF
2026-03-12T12:41:17.000Z,56.5,15.9,11.7,OFF
2026-03-12T12:42:17.000Z,56.4,15.9,11.7,OFF
2026-03-12T12:43:17.000Z,56.4,15.9,11.7,OFF
2026-03-12T12:44:17.000Z,56.5,16,11.7,OFF
2026-03-12T12:45:17.000Z,56.4,16,11.7,OFF
2026-03-12T12:46:17.000Z,56.4,16,11.6,OFF
2026-03-12T12:47:17.000Z,56.4,16,11.6,OFF
2026-03-12T12:48:17.000Z,56.4,16,11.6,OFF
2026-03-12T12:49:17.000Z,56.4,16.1,11.6,OFF
2026-03-12T12:50:17.000Z,56.4,16,11.6,OFF
2026-03-12T12:51:17.000Z,56.4,16,11.6,OFF
2026-03-12T12:52:17.000Z,56.5,16.3,11.6,OFF
2026-03-12T12:53:17.000Z,56.4,16,11.6,OFF
2026-03-12T12:54:17.000Z,56.4,16.1,11.6,OFF
2026-03-12T12:55:17.000Z,56.4,16.1,11.6,OFF
2026-03-12T12:56:17.000Z,56.4,16,11.4,OFF
2026-03-12T12:57:17.000Z,56.4,16.1,11.4,OFF
2026-03-12T12:58:17.000Z,56.4,16.1,11.4,OFF
2026-03-12T12:59:17.000Z,56.4,16.2,11.4,OFF
2026-03-12T13:00:17.000Z,56.4,16,11.4,OFF
2026-03-12T13:01:17.000Z,56.4,16,11.4,OFF
2026-03-12T13:02:17.000Z,56.4,16.1,11.4,OFF
2026-03-12T13:03:17.000Z,56.4,16.1,11.4,OFF
2026-03-12T13:04:17.000Z,56.3,16.5,11.4,OFF
2026-03-12T13:05:17.000Z,56.4,16.1,11.4,OFF
2026-03-12T13:06:17.000Z,56.4,16.1,11.4,OFF
2026-03-12T13:07:17.000Z,56.4,16,11.4,OFF
2026-03-12T13:08:17.000Z,56.4,16.2,11.4,OFF
2026-03-12T13:09:17.000Z,56.4,16,11.4,OFF
2026-03-12T13:10:17.000Z,56.4,16,11.4,OFF
2026-03-12T13:11:17.000Z,56.4,16,11.4,OFF
2026-03-12T13:12:17.000Z,56.4,16,11.4,OFF
2026-03-12T13:13:17.000Z,56.5,16,11.4,OFF
2026-03-12T13:14:17.000Z,56.4,16.1,11.4,OFF
2026-03-12T13:15:17.000Z,56.4,16,11.4,OFF
2026-03-12T13:16:17.000Z,56.4,15.9,11.4,OFF
2026-03-12T13:17:17.000Z,56.4,16.1,11.4,OFF
2026-03-12T13:18:17.000Z,56.4,16.1,11.3,OFF
2026-03-12T13:19:17.000Z,56.4,16.1,11.3,OFF
2026-03-12T13:20:17.000Z,56.4,16.5,11.3,OFF
2026-03-12T13:21:17.000Z,56.4,16,11.3,OFF
2026-03-12T13:22:17.000Z,56.4,16.2,11.3,OFF
2026-03-12T13:23:17.000Z,56.4,16,11.3,OFF
2026-03-12T13:24:17.000Z,56.4,16.1,11.3,OFF
2026-03-12T13:25:17.000Z,56.4,16,11.3,OFF
2026-03-12T13:26:17.000Z,56.4,16.1,11.3,OFF
2026-03-12T13:27:17.000Z,56.4,16,11.2,OFF
2026-03-12T13:28:17.000Z,56.4,15.9,11.2,OFF
2026-03-12T13:29:17.000Z,56.4,15.9,11.2,OFF
2026-03-12T13:30:17.000Z,56.4,15.9,11.2,OFF
2026-03-12T13:31:17.000Z,56.4,16,11.2,OFF
2026-03-12T13:32:17.000Z,56.4,16,11.2,OFF
2026-03-12T13:33:17.000Z,56.4,16,11.2,OFF
2026-03-12T13:34:17.000Z,56.4,16,11.2,OFF
2026-03-12T13:35:17.000Z,56.4,16.1,11.2,OFF
2026-03-12T13:36:17.000Z,56.4,16.1,11.2,OFF
2026-03-12T13:37:17.000Z,56.4,15.9,11.2,OFF
2026-03-12T13:38:17.000Z,56.4,16.1,11.2,OFF
2026-03-12T13:39:17.000Z,56.4,15.9,11.2,OFF
2026-03-12T13:40:17.000Z,56.4,15.9,11.2,OFF
2026-03-12T13:41:17.000Z,56.4,16,11.2,OFF
2026-03-12T13:42:17.000Z,56.4,16,11.2,OFF
2026-03-12T13:43:17.000Z,56.4,16,11.2,OFF
2026-03-12T13:44:17.000Z,56.4,16,11.2,OFF
2026-03-12T13:45:17.000Z,56.4,16.1,11.2,OFF
2026-03-12T13:46:17.000Z,56.4,16,11.2,OFF
2026-03-12T13:47:17.000Z,56.5,16,11.2,OFF
2026-03-12T13:48:17.000Z,56.4,16.1,11.2,OFF
2026-03-12T13:49:17.000Z,56.5,16.1,11.2,OFF
2026-03-12T13:50:17.000Z,56.4,16.1,11.2,OFF
2026-03-12T13:51:17.000Z,56.4,16.1,11.2,OFF
2026-03-12T13:52:17.000Z,56.4,16.1,11.2,OFF
2026-03-12T13:53:17.000Z,56.4,16.2,11.2,OFF
2026-03-12T13:54:17.000Z,56.4,16.1,11.2,OFF
2026-03-12T13:55:17.000Z,56.4,16.2,11.2,OFF
2026-03-12T13:56:17.000Z,56.4,15.9,11.2,OFF
2026-03-12T13:57:17.000Z,56.4,16,11.2,OFF
2026-03-12T13:58:17.000Z,56.4,15.9,11.2,OFF
2026-03-12T13:59:17.000Z,56.4,15.9,11.2,OFF
2026-03-12T14:00:17.000Z,56.4,16.1,11.2,OFF
2026-03-12T14:01:17.000Z,56.5,16.1,11.2,OFF
2026-03-12T14:02:17.000Z,56.5,16.1,11.2,OFF
2026-03-12T14:03:17.000Z,56.5,16.1,11.2,OFF
2026-03-12T14:04:17.000Z,56.5,16.1,11.2,OFF
2026-03-12T14:05:17.000Z,56.4,16,11.2,OFF
2026-03-12T14:06:17.000Z,56.4,16.1,11.2,OFF
2026-03-12T14:07:17.000Z,56.5,16.1,11.2,OFF
2026-03-12T14:08:17.000Z,56.5,16.1,11.2,OFF
2026-03-12T14:09:17.000Z,56.4,16.1,11.2,OFF
2026-03-12T14:10:17.000Z,56.4,16.2,11.2,OFF
2026-03-12T14:11:17.000Z,56.4,15.9,11.2,OFF
2026-03-12T14:12:17.000Z,56.4,16,11.2,OFF
2026-03-12T14:13:17.000Z,56.4,16.1,11.2,OFF
2026-03-12T14:14:17.000Z,56.4,16,11.2,OFF
2026-03-12T14:15:17.000Z,56.4,16,11.2,OFF
2026-03-12T14:16:17.000Z,56.4,16,11.2,OFF
2026-03-12T14:17:17.000Z,56.4,16,11.2,OFF
2026-03-12T14:18:17.000Z,56.4,16,11.2,OFF
2026-03-12T14:19:17.000Z,56.4,16,11.2,OFF
2026-03-12T14:20:17.000Z,56.4,16,11.2,OFF
2026-03-12T14:21:17.000Z,56.5,16.1,11.2,OFF
2026-03-12T14:22:17.000Z,56.4,16,11.2,OFF
2026-03-12T14:23:17.000Z,56.4,16.1,11.2,OFF
2026-03-12T14:24:17.000Z,56.4,16.1,11.2,OFF
2026-03-12T14:25:17.000Z,56.4,16.2,11.2,OFF
2026-03-12T14:26:17.000Z,56.4,16,11.2,OFF
2026-03-12T14:27:17.000Z,56.4,16.1,11.2,OFF
2026-03-12T14:28:17.000Z,56.4,16.2,11.2,OFF
2026-03-12T14:29:17.000Z,56.4,16.3,11.2,OFF
2026-03-12T14:30:17.000Z,56.4,16.2,11.2,OFF
2026-03-12T14:31:17.000Z,56.4,16.2,11.2,OFF
2026-03-12T14:32:17.000Z,56.4,16,11.2,OFF
2026-03-12T14:33:17.000Z,56.4,16.1,11.2,OFF
2026-03-12T14:34:17.000Z,56.4,16.2,11.2,OFF
2026-03-12T14:35:17.000Z,56.4,16.1,11.2,OFF
2026-03-12T14:36:17.000Z,56.4,16.1,11.2,OFF
2026-03-12T14:37:17.000Z,56.4,16.1,11.2,OFF
2026-03-12T14:38:17.000Z,56.4,16.1,11.2,OFF
2026-03-12T14:39:17.000Z,56.4,16.2,11.2,OFF
2026-03-12T14:40:17.000Z,56.3,16.1,11.2,OFF
2026-03-12T14:41:17.000Z,56.4,16.1,11.2,OFF
2026-03-12T14:42:17.000Z,56.4,16.1,11.2,OFF
2026-03-12T14:43:17.000Z,56.4,16.1,11.2,OFF
2026-03-12T14:44:17.000Z,56.4,16.1,11.2,OFF
2026-03-12T14:45:17.000Z,56.4,16.2,11.2,OFF
2026-03-12T14:46:17.000Z,56.4,16,11.2,OFF
2026-03-12T14:47:17.000Z,56.3,15.9,11.2,OFF
2026-03-12T14:48:17.000Z,56.4,16.1,11.2,OFF
2026-03-12T14:49:17.000Z,56.4,16,11.2,OFF
2026-03-12T14:50:17.000Z,56.3,16,11.2,OFF
2026-03-12T14:51:17.000Z,56.3,15.9,11.2,OFF
2026-03-12T14:52:17.000Z,56.3,16,11.2,OFF
2026-03-12T14:53:17.000Z,56.3,16,11.2,OFF
2026-03-12T14:54:17.000Z,56.3,15.9,11.2,OFF
2026-03-12T14:55:17.000Z,56.3,16,11.2,OFF
2026-03-12T14:56:17.000Z,56.3,15.9,11.2,OFF
2026-03-12T14:57:17.000Z,56.3,16,11.2,OFF
2026-03-12T14:58:17.000Z,56.2,16,11.2,OFF
2026-03-12T14:59:17.000Z,56.3,16,11.2,OFF
2026-03-12T15:00:17.000Z,56.3,16,11.2,OFF
2026-03-12T15:01:17.000Z,56.2,16,11.2,OFF
2026-03-12T15:02:17.000Z,56.3,15.9,11.2,OFF
2026-03-12T15:03:17.000Z,56.2,16,11.2,OFF
2026-03-12T15:04:17.000Z,56.1,16.1,11,OFF
2026-03-12T15:05:17.000Z,56.1,16,11,OFF
2026-03-12T15:06:17.000Z,56.2,16,11,OFF
2026-03-12T15:07:17.000Z,56.2,16,11,OFF
2026-03-12T15:08:17.000Z,56.1,15.8,11,OFF
2026-03-12T15:09:17.000Z,56.2,15.9,11,OFF
2026-03-12T15:10:17.000Z,56.2,15.9,11,OFF
2026-03-12T15:11:17.000Z,56.1,16,11,OFF
2026-03-12T15:12:17.000Z,56.1,15.9,11,OFF
2026-03-12T15:13:17.000Z,56.1,16,11,OFF
2026-03-12T15:14:17.000Z,56.1,15.9,11,OFF
2026-03-12T15:15:17.000Z,56.1,15.9,11,OFF
2026-03-12T15:16:17.000Z,56.1,16,11,OFF
2026-03-12T15:17:17.000Z,56.1,15.9,11,OFF
2026-03-12T15:18:17.000Z,56.1,15.9,11,OFF
2026-03-12T15:19:17.000Z,56,15.9,11,OFF
2026-03-12T15:20:17.000Z,56.1,16,11,OFF
2026-03-12T15:21:17.000Z,56,16,11,OFF
2026-03-12T15:22:17.000Z,56.1,15.9,11,OFF
2026-03-12T15:23:17.000Z,56.1,16,11.1,OFF
2026-03-12T15:24:17.000Z,56,16,11.1,OFF
2026-03-12T15:25:17.000Z,56,16,11.1,OFF
2026-03-12T15:26:17.000Z,56,15.9,11.1,OFF
2026-03-12T15:27:17.000Z,56,16.1,11.1,OFF
2026-03-12T15:28:17.000Z,56,16,11.1,OFF
2026-03-12T15:29:17.000Z,56,15.9,11.1,OFF
2026-03-12T15:30:17.000Z,56,15.9,11.1,OFF
2026-03-12T15:31:17.000Z,56,16,11.1,OFF
2026-03-12T15:32:17.000Z,56,16,11.1,OFF
2026-03-12T15:33:17.000Z,56,16,11.1,OFF
2026-03-12T15:34:17.000Z,56,16,11.1,OFF
2026-03-12T15:35:17.000Z,56,16,11.1,OFF
2026-03-12T15:36:17.000Z,56,16.1,11.1,OFF
2026-03-12T15:37:17.000Z,56,16,11.1,OFF
2026-03-12T15:38:17.000Z,56,16,11.1,OFF
2026-03-12T15:39:17.000Z,56,16,11.2,OFF
2026-03-12T15:40:17.000Z,56,16,11.2,OFF
2026-03-12T15:41:17.000Z,56,16,11.2,OFF
2026-03-12T15:42:17.000Z,56,16.2,11.2,OFF
2026-03-12T15:43:17.000Z,56,16,11.2,OFF
2026-03-12T15:44:17.000Z,56,16.1,11.2,OFF
2026-03-12T15:45:17.000Z,56,16,11.2,OFF
2026-03-12T15:46:17.000Z,56,16.1,11.2,OFF
2026-03-12T15:47:17.000Z,56,16,11.2,OFF
2026-03-12T15:48:17.000Z,56,16.1,11.2,OFF
2026-03-12T15:49:17.000Z,56,16.1,11.2,OFF
2026-03-12T15:50:17.000Z,56,16.2,11.2,OFF
2026-03-12T15:51:17.000Z,56,16.1,11.2,OFF
2026-03-12T15:52:17.000Z,56,16,11.2,OFF
2026-03-12T15:53:17.000Z,56,16.1,11.2,OFF
2026-03-12T15:54:17.000Z,56,16.1,11.4,OFF
2026-03-12T15:55:17.000Z,56,16.2,11.4,OFF
2026-03-12T15:56:17.000Z,56.1,16.1,11.4,OFF
2026-03-12T15:57:17.000Z,56,16.1,11.4,OFF
2026-03-12T15:58:17.000Z,56,16.2,11.4,OFF
2026-03-12T15:59:17.000Z,56,16.2,11.4,OFF
2026-03-12T16:00:17.000Z,56,16.1,11.4,OFF
2026-03-12T16:01:17.000Z,56,16.3,11.4,OFF
2026-03-12T16:02:17.000Z,56,16,11.4,OFF
2026-03-12T16:03:17.000Z,56,16.1,11.4,OFF
2026-03-12T16:04:17.000Z,56,16.1,11.4,OFF
2026-03-12T16:05:17.000Z,56,16.1,11.4,OFF
2026-03-12T16:06:17.000Z,56,16.1,11.4,OFF
2026-03-12T16:07:17.000Z,56,16.1,11.4,OFF
2026-03-12T16:08:17.000Z,55.9,16.1,11.4,OFF
2026-03-12T16:09:17.000Z,56,16.1,11.5,OFF
2026-03-12T16:10:17.000Z,56,16,11.5,OFF
2026-03-12T16:11:17.000Z,56,16,11.5,OFF
2026-03-12T16:12:17.000Z,56,16.1,11.5,OFF
2026-03-12T16:13:17.000Z,55.9,16.1,11.5,OFF
2026-03-12T16:14:17.000Z,56,16.1,11.5,OFF
2026-03-12T16:15:17.000Z,56,16.1,11.5,OFF
2026-03-12T16:16:17.000Z,55.9,16.1,11.5,OFF
2026-03-12T16:17:17.000Z,56,16.1,11.5,OFF
2026-03-12T16:18:17.000Z,56,16.1,11.5,OFF
2026-03-12T16:19:17.000Z,55.9,16.1,11.5,OFF
2026-03-12T16:20:17.000Z,56,16.1,11.5,OFF
2026-03-12T16:21:17.000Z,55.9,16.1,11.5,OFF
2026-03-12T16:22:17.000Z,55.9,16.1,11.5,OFF
2026-03-12T16:23:17.000Z,55.9,16,11.6,OFF
2026-03-12T16:24:17.000Z,55.9,16,11.6,OFF
2026-03-12T16:25:17.000Z,55.9,16.1,11.6,OFF
2026-03-12T16:26:17.000Z,55.9,16,11.6,OFF
2026-03-12T16:27:17.000Z,55.9,16.1,11.6,OFF
2026-03-12T16:28:17.000Z,55.9,16,11.6,OFF
2026-03-12T16:29:17.000Z,55.9,16,11.6,OFF
2026-03-12T16:30:17.000Z,55.9,16.1,11.6,OFF
2026-03-12T16:31:17.000Z,55.9,16.1,11.6,OFF
2026-03-12T16:32:17.000Z,55.9,16.2,11.6,OFF
2026-03-12T16:33:17.000Z,55.9,16.1,11.6,OFF
2026-03-12T16:34:17.000Z,55.9,16.1,11.6,OFF
2026-03-12T16:35:17.000Z,55.9,16.1,11.6,OFF
2026-03-12T16:36:17.000Z,55.9,16.1,11.6,OFF
2026-03-12T16:37:17.000Z,55.9,16.2,11.7,OFF
2026-03-12T16:38:17.000Z,55.9,16.2,11.7,OFF
2026-03-12T16:39:17.000Z,55.9,16.1,11.7,OFF
2026-03-12T16:40:17.000Z,55.9,16,11.7,OFF
2026-03-12T16:41:17.000Z,55.9,16.2,11.7,OFF
2026-03-12T16:42:17.000Z,55.9,16.1,11.7,OFF
2026-03-12T16:43:17.000Z,55.9,16.1,11.7,OFF
2026-03-12T16:44:17.000Z,55.9,16,11.7,OFF
2026-03-12T16:45:17.000Z,55.9,16,11.7,OFF
2026-03-12T16:46:17.000Z,55.9,16.2,11.7,OFF
2026-03-12T16:47:17.000Z,55.9,16,11.7,OFF
2026-03-12T16:48:17.000Z,55.9,16.1,11.7,OFF
2026-03-12T16:49:17.000Z,56,15.3,11.7,OFF
2026-03-12T16:50:17.000Z,56,15.1,11.7,OFF
2026-03-12T16:51:17.000Z,56.1,14.7,11.7,OFF
2026-03-12T16:52:17.000Z,56.1,14.4,11.7,OFF
2026-03-12T16:53:17.000Z,56.1,14.1,11.7,OFF
2026-03-12T16:54:17.000Z,56.1,14.1,11.7,OFF
2026-03-12T16:55:17.000Z,56.2,14.1,11.6,OFF
2026-03-12T16:56:17.000Z,56.2,14,11.6,OFF
2026-03-12T16:57:17.000Z,56.2,14.1,11.6,OFF
2026-03-12T16:58:17.000Z,56.3,13.6,11.6,OFF
2026-03-12T16:59:17.000Z,56.3,13.6,11.6,OFF
2026-03-12T17:00:17.000Z,56.3,13.8,11.6,OFF
2026-03-12T17:01:17.000Z,56.3,13.7,11.6,OFF
2026-03-12T17:02:17.000Z,56.3,13.1,11.6,OFF
2026-03-12T17:03:17.000Z,56.3,13.6,11.6,OFF
2026-03-12T17:04:17.000Z,56.3,13.4,11.6,OFF
2026-03-12T17:05:17.000Z,56.3,13.4,11.6,OFF
2026-03-12T17:06:17.000Z,56.3,13.4,11.6,OFF
2026-03-12T17:07:17.000Z,56.2,13.2,11.6,OFF
2026-03-12T17:08:17.000Z,56.3,13,11.6,OFF
2026-03-12T17:09:17.000Z,56.4,13.3,11.4,OFF
2026-03-12T17:10:17.000Z,56.4,13.3,11.4,OFF
2026-03-12T17:11:17.000Z,56.3,13.5,11.4,OFF
2026-03-12T17:12:17.000Z,56.3,13.4,11.4,OFF
2026-03-12T17:13:17.000Z,56.3,13.4,11.4,OFF
2026-03-12T17:14:17.000Z,56.3,13.2,11.4,OFF
2026-03-12T17:15:17.000Z,56.3,13.4,11.4,OFF
2026-03-12T17:16:17.000Z,56.4,13.1,11.4,OFF
2026-03-12T17:17:17.000Z,56.3,13.2,11.4,OFF
2026-03-12T17:18:17.000Z,56.3,13.3,11.4,OFF
2026-03-12T17:19:17.000Z,56.4,13.4,11.4,OFF
2026-03-12T17:20:17.000Z,56.3,13.2,11.4,OFF
2026-03-12T17:21:17.000Z,56.4,12.6,11.4,OFF
2026-03-12T17:22:17.000Z,56.4,13.1,11.4,OFF
2026-03-12T17:23:17.000Z,56.4,13,11.4,OFF
2026-03-12T17:24:17.000Z,56.4,13.3,11.4,OFF
2026-03-12T17:25:17.000Z,56.4,12.9,11.4,OFF
2026-03-12T17:26:17.000Z,56.4,13,11.4,OFF
2026-03-12T17:27:17.000Z,56.4,12.8,11.4,OFF
2026-03-12T17:28:17.000Z,56.4,13.1,11.4,OFF
2026-03-12T17:29:17.000Z,56.4,13,11.4,OFF
2026-03-12T17:30:17.000Z,56.4,13.1,11.4,OFF
2026-03-12T17:31:17.000Z,56.4,13.2,11.4,OFF
2026-03-12T17:32:17.000Z,56.4,13.3,11.4,OFF
2026-03-12T17:33:17.000Z,56.4,13.3,11.4,OFF
2026-03-12T17:34:17.000Z,56.4,12.8,11.4,OFF
2026-03-12T17:35:17.000Z,56.4,13.1,11.4,OFF
2026-03-12T17:36:17.000Z,56.4,12.7,11.4,OFF
2026-03-12T17:37:17.000Z,56.4,12.9,11.4,OFF
2026-03-12T17:38:17.000Z,56.4,12.7,11.4,OFF
2026-03-12T17:39:17.000Z,56.4,13,11.4,OFF
2026-03-12T17:40:17.000Z,56.4,13,11.4,OFF
2026-03-12T17:41:17.000Z,56.4,13.3,11.4,OFF
2026-03-12T17:42:17.000Z,56.4,13,11.4,OFF
2026-03-12T17:43:17.000Z,56.4,13.2,11.4,OFF
2026-03-12T17:44:17.000Z,56.4,13,11.3,OFF
2026-03-12T17:45:17.000Z,56.4,12.9,11.3,OFF
2026-03-12T17:46:17.000Z,56.4,12.8,11.3,OFF
2026-03-12T17:47:17.000Z,56.4,12.9,11.3,OFF
2026-03-12T17:48:17.000Z,56.3,12.8,11.3,OFF
2026-03-12T17:49:17.000Z,56.4,13,11.3,OFF
2026-03-12T17:50:17.000Z,56.4,13,11.3,OFF
2026-03-12T17:51:17.000Z,56.4,13.2,11.3,OFF
2026-03-12T17:52:17.000Z,56.4,12.8,11.2,OFF
2026-03-12T17:53:17.000Z,56.4,12.9,11.2,OFF
2026-03-12T17:54:17.000Z,56.3,12.8,11.2,OFF
2026-03-12T17:55:17.000Z,56.4,12.9,11.2,OFF
2026-03-12T17:56:17.000Z,56.4,12.8,11.2,OFF
2026-03-12T17:57:17.000Z,56.3,12.5,11.1,OFF
2026-03-12T17:58:17.000Z,56.3,13,11.1,OFF
2026-03-12T17:59:17.000Z,56.4,12.5,11.1,OFF
2026-03-12T18:00:17.000Z,56.3,12.9,11.1,OFF
2026-03-12T18:01:17.000Z,56.3,12.7,11.1,OFF
2026-03-12T18:02:17.000Z,56.3,12.8,11.1,OFF
2026-03-12T18:03:17.000Z,56.4,12.8,11.1,OFF
2026-03-12T18:04:17.000Z,56.4,12.4,11.1,OFF
2026-03-12T18:05:17.000Z,56.4,12.6,11.1,OFF
2026-03-12T18:06:17.000Z,56.4,12.8,11.1,OFF
2026-03-12T18:07:17.000Z,56.4,12.7,11.1,OFF
2026-03-12T18:08:17.000Z,56.4,12.8,11.1,OFF
2026-03-12T18:09:17.000Z,56.4,12.6,11.1,OFF
2026-03-12T18:10:17.000Z,56.3,12.8,11.1,OFF
2026-03-12T18:11:17.000Z,56.4,12.9,11.1,OFF
2026-03-12T18:12:17.000Z,56.4,12.6,11.1,OFF
2026-03-12T18:13:17.000Z,56.4,12.7,11.1,OFF
2026-03-12T18:14:17.000Z,56.3,12.5,11.1,OFF
2026-03-12T18:15:17.000Z,56.4,12.3,11.1,OFF
2026-03-12T18:16:17.000Z,56.3,12.8,11.1,OFF
2026-03-12T18:17:17.000Z,56.3,12.6,11.1,OFF
2026-03-12T18:18:17.000Z,56.4,12.4,11.1,OFF
2026-03-12T18:19:17.000Z,56.4,12.7,11.1,OFF
2026-03-12T18:20:17.000Z,56.4,12.6,11.1,OFF
2026-03-12T18:21:17.000Z,56.3,12.5,11.1,OFF
2026-03-12T18:22:17.000Z,56.3,12.7,11.1,OFF
2026-03-12T18:23:17.000Z,56.3,12.3,11,OFF
2026-03-12T18:24:17.000Z,56.3,12.7,11,OFF
2026-03-12T18:25:17.000Z,56.3,12.7,11,OFF
2026-03-12T18:26:17.000Z,56.3,12.6,11,OFF
2026-03-12T18:27:17.000Z,56.3,12.7,11,OFF
2026-03-12T18:28:17.000Z,56.3,12.5,11,OFF
2026-03-12T18:29:17.000Z,56.3,12.7,11,OFF
2026-03-12T18:30:17.000Z,56.3,12.5,11,OFF
2026-03-12T18:31:17.000Z,56.3,12.7,11,OFF
2026-03-12T18:32:17.000Z,56.3,12.7,11,OFF
2026-03-12T18:33:17.000Z,56.3,12.5,11,OFF
2026-03-12T18:34:17.000Z,56.3,12.8,11,OFF
2026-03-12T18:35:17.000Z,56.3,12.3,11,OFF
2026-03-12T18:36:17.000Z,56.3,12.6,11,OFF
2026-03-12T18:37:17.000Z,56.3,12.6,11,OFF
2026-03-12T18:38:17.000Z,56.3,12.5,10.9,OFF
2026-03-12T18:39:17.000Z,56.3,12.7,10.9,OFF
2026-03-12T18:40:17.000Z,56.3,12.2,10.9,OFF
2026-03-12T18:41:17.000Z,56.3,12.6,10.9,OFF
2026-03-12T18:42:17.000Z,56.3,12.5,10.9,OFF
2026-03-12T18:43:17.000Z,56.3,12.5,10.9,OFF
2026-03-12T18:44:17.000Z,56.3,12.6,10.9,OFF
2026-03-12T18:45:17.000Z,56.3,12.4,10.9,OFF
2026-03-12T18:46:17.000Z,56.3,12.6,10.9,OFF
2026-03-12T18:47:17.000Z,56.2,12.4,10.9,OFF
2026-03-12T18:48:17.000Z,56.3,12.7,10.9,OFF
2026-03-12T18:49:17.000Z,56.3,12.8,10.9,OFF
2026-03-12T18:50:17.000Z,56.3,12.9,10.9,OFF
2026-03-12T18:51:17.000Z,56.3,12.8,10.9,OFF
2026-03-12T18:52:17.000Z,56.3,12.7,10.9,OFF
2026-03-12T18:53:17.000Z,56.3,12.6,10.9,OFF
2026-03-12T18:54:17.000Z,56.3,12.6,10.9,OFF
2026-03-12T18:55:17.000Z,56.3,12.4,10.9,OFF
2026-03-12T18:56:17.000Z,56.2,12.2,10.9,OFF
2026-03-12T18:57:17.000Z,56.3,12,10.9,OFF
2026-03-12T18:58:17.000Z,56.3,12.5,10.9,OFF
2026-03-12T18:59:17.000Z,56.3,12.3,10.9,OFF
2026-03-12T19:00:17.000Z,56.3,12.3,10.9,OFF
2026-03-12T19:01:17.000Z,56.3,12.3,10.9,OFF
2026-03-12T19:02:17.000Z,56.3,12.2,10.9,OFF
2026-03-12T19:03:17.000Z,56.3,12.1,10.9,OFF
2026-03-12T19:04:17.000Z,56.3,12.2,10.9,OFF
2026-03-12T19:05:17.000Z,56.4,12.2,11.1,OFF
2026-03-12T19:06:17.000Z,56.3,12.2,11.1,OFF
2026-03-12T19:07:17.000Z,56.3,12.5,11.1,OFF
2026-03-12T19:08:17.000Z,56.3,12.3,11.1,OFF
2026-03-12T19:09:17.000Z,56.3,12,11.1,OFF
2026-03-12T19:10:17.000Z,56.3,12.4,11.1,OFF
2026-03-12T19:11:17.000Z,56.3,12.4,11.1,OFF
2026-03-12T19:12:17.000Z,56.3,12.4,11.1,OFF
2026-03-12T19:13:17.000Z,56.3,12.4,11.1,OFF
2026-03-12T19:14:17.000Z,56.3,12.6,11.1,OFF
2026-03-12T19:15:17.000Z,56.3,12.1,11.1,OFF
2026-03-12T19:16:17.000Z,56.3,12.1,11.1,OFF
2026-03-12T19:17:17.000Z,56.3,12.1,11.1,OFF
2026-03-12T19:18:17.000Z,56.3,12.2,11.1,OFF
2026-03-12T19:19:17.000Z,56.3,12.5,11.1,OFF
2026-03-12T19:20:17.000Z,56.3,12.2,11.1,OFF
2026-03-12T19:21:17.000Z,56.3,12.2,11.1,OFF
2026-03-12T19:22:17.000Z,56.3,12.4,11.1,OFF
2026-03-12T19:23:17.000Z,56.3,12.2,11.2,OFF
2026-03-12T19:24:17.000Z,56.3,12.3,11.2,OFF
2026-03-12T19:25:17.000Z,56.3,12.4,11.2,OFF
2026-03-12T19:26:17.000Z,56.3,12.6,11.2,OFF
2026-03-12T19:27:17.000Z,56.3,12.3,11.2,OFF
2026-03-12T19:28:17.000Z,56.3,12,11.2,OFF
2026-03-12T19:29:17.000Z,56.3,12.3,11.2,OFF
2026-03-12T19:30:17.000Z,56.3,12.4,11.2,OFF
2026-03-12T19:31:17.000Z,56.3,12.3,11.2,OFF
2026-03-12T19:32:17.000Z,56.3,12.2,11.2,OFF
2026-03-12T19:33:17.000Z,56.3,11.9,11.2,OFF
2026-03-12T19:34:17.000Z,56.3,12.1,11.2,OFF
2026-03-12T19:35:17.000Z,56.3,12.3,11.2,OFF
2026-03-12T19:36:17.000Z,56.3,12.8,11.2,OFF
2026-03-12T19:37:17.000Z,56.3,12.3,11.2,OFF
2026-03-12T19:38:17.000Z,56.3,12.4,11.2,OFF
2026-03-12T19:39:17.000Z,56.2,12.5,11.2,OFF
2026-03-12T19:40:17.000Z,56.3,12.1,11.2,OFF
2026-03-12T19:41:17.000Z,56.3,12.3,11.2,OFF
2026-03-12T19:42:17.000Z,56.3,12.1,11.2,OFF
2026-03-12T19:43:17.000Z,56.3,12.3,11.2,OFF
2026-03-12T19:44:17.000Z,56.3,12.6,11.2,OFF
2026-03-12T19:45:17.000Z,56.3,12.4,11.2,OFF
2026-03-12T19:46:17.000Z,56.3,12.5,11.2,OFF
2026-03-12T19:47:17.000Z,56.3,12.4,11.2,OFF
2026-03-12T19:48:17.000Z,56.3,12.1,11.2,OFF
2026-03-12T19:49:17.000Z,56.3,12.4,11.2,OFF
2026-03-12T19:50:17.000Z,56.3,12.2,11.2,OFF
2026-03-12T19:51:17.000Z,56.3,12.6,11.2,OFF
2026-03-12T19:52:17.000Z,56.3,12.4,11.2,OFF
2026-03-12T19:53:17.000Z,56.3,12.1,11.2,OFF
2026-03-12T19:54:17.000Z,56.3,12.2,11.2,OFF
2026-03-12T19:55:17.000Z,56.3,12.1,11.3,OFF
2026-03-12T19:56:17.000Z,56.3,12,11.3,OFF
2026-03-12T19:57:17.000Z,56.3,12,11.3,OFF
2026-03-12T19:58:17.000Z,56.3,12.3,11.3,OFF
2026-03-12T19:59:17.000Z,56.3,12.2,11.3,OFF
2026-03-12T20:00:17.000Z,56.3,12.3,11.3,OFF
2026-03-12T20:01:17.000Z,56.3,12.1,11.3,OFF
2026-03-12T20:02:17.000Z,56.3,12.3,11.3,OFF
2026-03-12T20:03:17.000Z,56.2,12.5,11.3,OFF
2026-03-12T20:04:17.000Z,56.2,12.5,11.3,OFF
2026-03-12T20:05:17.000Z,56.3,12.2,11.3,OFF
2026-03-12T20:06:17.000Z,56.3,12.2,11.3,OFF
2026-03-12T20:07:17.000Z,56.2,12.3,11.3,OFF
2026-03-12T20:08:17.000Z,56.3,12.4,11.3,OFF
2026-03-12T20:09:17.000Z,56.2,12.3,11.3,OFF
2026-03-12T20:10:17.000Z,56.3,12.2,11.3,OFF
2026-03-12T20:11:17.000Z,56.3,11.9,11.3,OFF
2026-03-12T20:12:17.000Z,56.3,12.2,11.3,OFF
2026-03-12T20:13:17.000Z,56.3,12,11.3,OFF
2026-03-12T20:14:17.000Z,56.3,12.3,11.3,OFF
2026-03-12T20:15:17.000Z,56.3,12.1,11.3,OFF
2026-03-12T20:16:17.000Z,56.3,11.9,11.3,OFF
2026-03-12T20:17:17.000Z,56.3,12.1,11.3,OFF
2026-03-12T20:18:17.000Z,56.3,12.2,11.3,OFF
2026-03-12T20:19:17.000Z,56.3,12.4,11.3,OFF
2026-03-12T20:20:17.000Z,56.3,12.1,11.3,OFF
2026-03-12T20:21:17.000Z,56.3,12.4,11.3,OFF
2026-03-12T20:22:17.000Z,56.2,12.5,11.3,OFF
2026-03-12T20:23:17.000Z,56.2,12.4,11.3,OFF
2026-03-12T20:24:17.000Z,56.3,12.3,11.3,OFF
2026-03-12T20:25:17.000Z,56.3,12.2,11.3,OFF
2026-03-12T20:26:17.000Z,56.2,12.1,11.3,OFF
2026-03-12T20:27:17.000Z,56.3,12.2,11.3,OFF
2026-03-12T20:28:17.000Z,56.3,11.9,11.3,OFF
2026-03-12T20:29:17.000Z,56.2,11.9,11.3,OFF
2026-03-12T20:30:17.000Z,56.3,12.2,11.3,OFF
2026-03-12T20:31:17.000Z,56.3,12.2,11.3,OFF
2026-03-12T20:32:17.000Z,56.2,11.9,11.3,OFF
2026-03-12T20:33:17.000Z,56.3,12.3,11.3,OFF
2026-03-12T20:34:17.000Z,56.3,12,11.3,OFF
2026-03-12T20:35:17.000Z,56.1,12.3,11.3,OFF
2026-03-12T20:36:17.000Z,56.3,12.1,11.3,OFF
2026-03-12T20:37:17.000Z,56.3,12.3,11.3,OFF
2026-03-12T20:38:17.000Z,56.1,12.1,11.3,OFF
2026-03-12T20:39:17.000Z,56.1,12.5,11.3,OFF
2026-03-12T20:40:17.000Z,56.2,12.1,11.3,OFF
2026-03-12T20:41:17.000Z,56.3,12,11.3,OFF
2026-03-12T20:42:17.000Z,56.2,11.9,11.3,OFF
2026-03-12T20:43:17.000Z,56.2,12.1,11.3,OFF
2026-03-12T20:44:17.000Z,56.2,12.4,11.3,OFF
2026-03-12T20:45:17.000Z,56.3,12.1,11.3,OFF
2026-03-12T20:46:17.000Z,56.3,12.2,11.3,OFF
2026-03-12T20:47:17.000Z,56.2,12.1,11.3,OFF
2026-03-12T20:48:17.000Z,56.2,12.1,11.3,OFF
2026-03-12T20:49:17.000Z,56.2,12,11.3,OFF
2026-03-12T20:50:17.000Z,56.3,11.8,11.3,OFF
2026-03-12T20:51:17.000Z,56.2,12,11.3,OFF
2026-03-12T20:52:17.000Z,56.2,11.9,11.3,OFF
2026-03-12T20:53:17.000Z,56.2,12,11.3,OFF
2026-03-12T20:54:17.000Z,56.1,12.2,11.3,OFF
2026-03-12T20:55:17.000Z,56.2,12.1,11.3,OFF
2026-03-12T20:56:17.000Z,56.2,11.9,11.3,OFF
2026-03-12T20:57:17.000Z,56.2,12,11.3,OFF
2026-03-12T20:58:17.000Z,56.3,12,11.3,OFF
2026-03-12T20:59:17.000Z,56.1,12.2,11.3,OFF
2026-03-12T21:00:17.000Z,56.1,11.8,11.3,OFF
2026-03-12T21:01:17.000Z,56.2,12,11.3,OFF
2026-03-12T21:02:17.000Z,56.3,12.3,11.3,OFF
2026-03-12T21:03:17.000Z,56.2,12.2,11.3,OFF
2026-03-12T21:04:17.000Z,56.2,11.9,11.3,OFF
2026-03-12T21:05:17.000Z,56.1,12.4,11.3,OFF
2026-03-12T21:06:17.000Z,56.2,12.2,11.3,OFF
2026-03-12T21:07:17.000Z,56.2,12,11.3,OFF
2026-03-12T21:08:17.000Z,56.1,12.3,11.3,OFF
2026-03-12T21:09:17.000Z,56.2,12,11.3,OFF
2026-03-12T21:10:17.000Z,56.3,12.1,11.3,OFF
2026-03-12T21:11:17.000Z,56.3,12,11.1,OFF
2026-03-12T21:12:17.000Z,56.2,12.2,11.1,OFF
2026-03-12T21:13:17.000Z,56.2,12.2,11.1,OFF
2026-03-12T21:14:17.000Z,56.1,12.3,11.1,OFF
2026-03-12T21:15:17.000Z,56.3,12,11.1,OFF
2026-03-12T21:16:17.000Z,56.2,12.1,11.1,OFF
2026-03-12T21:17:17.000Z,56.3,12.1,11.1,OFF
2026-03-12T21:18:17.000Z,56.3,12.1,11.1,OFF
2026-03-12T21:19:17.000Z,56.3,12.1,11.1,OFF
2026-03-12T21:20:17.000Z,56.3,12,11.1,OFF
2026-03-12T21:21:17.000Z,56.3,12.1,11.1,OFF
2026-03-12T21:22:17.000Z,56.3,11.9,11.1,OFF
2026-03-12T21:23:17.000Z,56.3,11.9,11.1,OFF
2026-03-12T21:24:17.000Z,56.3,12.1,11.1,OFF
2026-03-12T21:25:17.000Z,56.2,12.1,11.1,OFF
2026-03-12T21:26:17.000Z,56.3,11.8,11.1,OFF
2026-03-12T21:27:17.000Z,56.3,12.1,11.1,OFF
2026-03-12T21:28:17.000Z,56.3,12.1,11.1,OFF
2026-03-12T21:29:17.000Z,56.3,11.6,11.1,OFF
2026-03-12T21:30:17.000Z,56.3,12.3,11.1,OFF
2026-03-12T21:31:17.000Z,56.3,11.9,11.1,OFF
2026-03-12T21:32:17.000Z,56.3,11.9,11,OFF
2026-03-12T21:33:17.000Z,56.3,11.9,11,OFF
2026-03-12T21:34:17.000Z,56.3,11.6,11,OFF
2026-03-12T21:35:17.000Z,56.3,11.9,11,OFF
2026-03-12T21:36:17.000Z,56.3,12.1,11,OFF
2026-03-12T21:37:17.000Z,56.3,12,11,OFF
2026-03-12T21:38:17.000Z,56.3,11.9,11,OFF
2026-03-12T21:39:17.000Z,56.3,11.8,11,OFF
2026-03-12T21:40:17.000Z,56.3,12.1,11,OFF
2026-03-12T21:41:17.000Z,56.3,12,11,OFF
2026-03-12T21:42:17.000Z,56.2,12.1,11,OFF
2026-03-12T21:43:17.000Z,56.3,12,11.1,OFF
2026-03-12T21:44:17.000Z,56.3,11.8,11.1,OFF
2026-03-12T21:45:17.000Z,56.2,11.9,11.1,OFF
2026-03-12T21:46:17.000Z,56.2,12.1,11.1,OFF
2026-03-12T21:47:17.000Z,56.3,11.8,11.1,OFF
2026-03-12T21:48:17.000Z,56.3,12.1,11.1,OFF
2026-03-12T21:49:17.000Z,56.3,11.9,11.1,OFF
2026-03-12T21:50:17.000Z,56.2,12.2,11.1,OFF
2026-03-12T21:51:17.000Z,56.2,12.3,11.1,OFF
2026-03-12T21:52:17.000Z,56.3,12,11.1,OFF
2026-03-12T21:53:17.000Z,56.3,12.1,11.1,OFF
2026-03-12T21:54:17.000Z,56.2,11.9,11.1,OFF
2026-03-12T21:55:17.000Z,56.2,11.9,11.1,OFF
2026-03-12T21:56:17.000Z,56.1,11.9,11.1,OFF
2026-03-12T21:57:17.000Z,56.3,12.1,11.1,OFF
2026-03-12T21:58:17.000Z,56.2,12.1,11.1,OFF
2026-03-12T21:59:17.000Z,56.2,12.4,11.1,OFF
2026-03-12T22:00:17.000Z,56.1,12.2,11.1,OFF
2026-03-12T22:01:17.000Z,56.2,12.1,11.1,OFF
2026-03-12T22:02:17.000Z,56.2,12,11.1,OFF
2026-03-12T22:03:17.000Z,56.2,11.9,11.1,OFF
2026-03-12T22:04:17.000Z,56.2,12,11.1,OFF
2026-03-12T22:05:17.000Z,56.2,11.8,11.1,OFF
2026-03-12T22:06:17.000Z,56.2,11.7,11.1,OFF
2026-03-12T22:07:17.000Z,56.2,11.9,11.1,OFF
2026-03-12T22:08:17.000Z,56.2,12.1,11.1,OFF
2026-03-12T22:09:17.000Z,56.2,12.1,11.1,OFF
2026-03-12T22:10:17.000Z,56.1,12.1,11.1,OFF
2026-03-12T22:11:17.000Z,56.2,11.8,11.1,OFF
2026-03-12T22:12:17.000Z,56.2,12.1,11.1,OFF
2026-03-12T22:13:17.000Z,56.2,12.3,11.1,OFF
2026-03-12T22:14:17.000Z,56.3,12.2,11.1,OFF
2026-03-12T22:15:17.000Z,56.1,12.2,11.1,OFF
2026-03-12T22:16:17.000Z,56.1,12.1,11.1,OFF
2026-03-12T22:17:17.000Z,56.2,12.1,11.1,OFF
2026-03-12T22:18:17.000Z,56.2,12.1,11.1,OFF
2026-03-12T22:19:17.000Z,56.2,11.9,11.1,OFF
2026-03-12T22:20:17.000Z,56.2,11.8,11.1,OFF
2026-03-12T22:21:17.000Z,56.3,11.9,11.1,OFF
2026-03-12T22:22:17.000Z,56.2,11.8,11.1,OFF
2026-03-12T22:23:17.000Z,56.2,11.7,11.1,OFF
2026-03-12T22:24:17.000Z,56.2,11.9,11.1,OFF
2026-03-12T22:25:17.000Z,56.3,12.1,11.1,OFF
2026-03-12T22:26:17.000Z,56.3,12,11.1,OFF
2026-03-12T22:27:17.000Z,56.3,11.7,11.1,OFF
2026-03-12T22:28:17.000Z,56.3,12.1,11.1,OFF
2026-03-12T22:29:17.000Z,56.3,12,11.1,OFF
2026-03-12T22:30:17.000Z,56.3,12,11.1,OFF
2026-03-12T22:31:17.000Z,56.3,12.1,11.1,OFF
2026-03-12T22:32:17.000Z,56.3,11.9,11.1,OFF
2026-03-12T22:33:17.000Z,56.2,11.8,11.1,OFF
2026-03-12T22:34:17.000Z,56.3,12,11.1,OFF
2026-03-12T22:35:17.000Z,56.1,11.6,11.1,OFF
2026-03-12T22:36:17.000Z,56.2,12,11.1,OFF
2026-03-12T22:37:17.000Z,56.2,11.8,11.1,OFF
2026-03-12T22:38:17.000Z,56.3,12.1,11.1,OFF
2026-03-12T22:39:17.000Z,56.3,12,11.1,OFF
2026-03-12T22:40:17.000Z,56.2,12.1,11.1,OFF
2026-03-12T22:41:17.000Z,56.2,12.2,11.1,OFF
2026-03-12T22:42:17.000Z,56.1,12.2,11.1,OFF
2026-03-12T22:43:17.000Z,56.3,12,11.1,OFF
2026-03-12T22:44:17.000Z,56.2,12.2,11.1,OFF
2026-03-12T22:45:17.000Z,56.3,12.1,11.1,OFF
2026-03-12T22:46:17.000Z,56.2,12,11.1,OFF
2026-03-12T22:47:17.000Z,56.2,12.2,11.1,OFF
2026-03-12T22:48:17.000Z,56.3,12.1,11.1,OFF
2026-03-12T22:49:17.000Z,56.3,12,11.1,OFF
2026-03-12T22:50:17.000Z,56.2,12.1,11.1,OFF
2026-03-12T22:51:17.000Z,56.2,12,11.1,OFF
2026-03-12T22:52:17.000Z,56.3,12.3,11.1,OFF
2026-03-12T22:53:17.000Z,56.2,12,11.1,OFF
2026-03-12T22:54:17.000Z,56.2,12,11.1,OFF
2026-03-12T22:55:17.000Z,56.2,12.1,11.1,OFF
2026-03-12T22:56:17.000Z,56.2,11.8,11.1,OFF
2026-03-12T22:57:17.000Z,56.3,12,11.1,OFF
2026-03-12T22:58:17.000Z,56.2,11.7,11.1,OFF
2026-03-12T22:59:17.000Z,56.2,12,11.1,OFF
2026-03-12T23:00:17.000Z,56.3,12,11.1,OFF
2026-03-12T23:01:17.000Z,56.1,11.9,11.1,OFF
2026-03-12T23:02:17.000Z,56.2,11.9,11.1,OFF
2026-03-12T23:03:17.000Z,56.2,12,11.1,OFF
2026-03-12T23:04:17.000Z,56.2,12,11.1,OFF
2026-03-12T23:05:17.000Z,56.2,11.7,11.1,OFF
2026-03-12T23:06:17.000Z,56.2,12,11.1,OFF
2026-03-12T23:07:17.000Z,56.3,11.8,11.1,OFF
2026-03-12T23:08:17.000Z,56.2,12.1,11.1,OFF
2026-03-12T23:09:17.000Z,56.2,12,11.1,OFF
2026-03-12T23:10:17.000Z,56.2,12.1,11.1,OFF
2026-03-12T23:11:17.000Z,56.2,11.9,11.1,OFF
2026-03-12T23:12:17.000Z,56.3,11.9,11.1,OFF
2026-03-12T23:13:17.000Z,56.2,11.8,11.1,OFF
2026-03-12T23:14:17.000Z,56.2,12.1,11.1,OFF
2026-03-12T23:15:17.000Z,56.2,11.7,11.1,OFF
2026-03-12T23:16:17.000Z,56.2,12,11.1,OFF
2026-03-12T23:17:17.000Z,56.2,11.6,11.1,OFF
2026-03-12T23:18:17.000Z,56.3,11.8,11.1,OFF
2026-03-12T23:19:17.000Z,56.2,12,11.1,OFF
2026-03-12T23:20:17.000Z,56.3,11.8,11.1,OFF
2026-03-12T23:21:17.000Z,56.2,11.8,11.1,OFF
2026-03-12T23:22:17.000Z,56.3,12,11.1,OFF
2026-03-12T23:23:17.000Z,56.3,11.9,11.1,OFF
2026-03-12T23:24:17.000Z,56.2,11.8,11.1,OFF
2026-03-12T23:25:17.000Z,56.3,11.7,11.1,OFF
2026-03-12T23:26:17.000Z,56.3,11.7,11.1,OFF
2026-03-12T23:27:17.000Z,56.1,11.8,11.1,OFF
2026-03-12T23:28:17.000Z,56.2,11.9,11.1,OFF
2026-03-12T23:29:17.000Z,56.3,11.6,11.1,OFF
2026-03-12T23:30:17.000Z,56.2,11.7,11.1,OFF
2026-03-12T23:31:17.000Z,56.3,11.8,11.1,OFF
2026-03-12T23:32:17.000Z,56.2,11.9,11.1,OFF
2026-03-12T23:33:17.000Z,56.3,12,11.1,OFF
2026-03-12T23:34:17.000Z,56.3,11.8,11.1,OFF
2026-03-12T23:35:17.000Z,56.3,11.7,11.1,OFF
2026-03-12T23:36:17.000Z,56.2,11.5,11.1,OFF
2026-03-12T23:37:17.000Z,56.2,11.7,11.1,OFF
2026-03-12T23:38:17.000Z,56.3,11.8,11.1,OFF
2026-03-12T23:39:17.000Z,56.2,11.5,11.1,OFF
2026-03-12T23:40:17.000Z,56.3,11.6,11.1,OFF
2026-03-12T23:41:17.000Z,56.3,12,11.1,OFF
2026-03-12T23:42:17.000Z,56.3,11.7,11.1,OFF
2026-03-12T23:43:17.000Z,56.3,11.7,11.1,OFF
2026-03-12T23:44:17.000Z,56.3,11.4,11.1,OFF
2026-03-12T23:45:17.000Z,56.2,11.8,11.1,OFF
2026-03-12T23:46:17.000Z,56.3,11.9,11.1,OFF
2026-03-12T23:47:17.000Z,56.3,11.9,11.1,OFF
2026-03-12T23:48:17.000Z,56.3,11.7,11.1,OFF
2026-03-12T23:49:17.000Z,56.3,11.6,11.1,OFF
2026-03-12T23:50:17.000Z,56.3,11.8,11.1,OFF
2026-03-12T23:51:17.000Z,56.3,11.8,11.1,OFF
2026-03-12T23:52:17.000Z,56.2,11.9,11.1,OFF
2026-03-12T23:53:17.000Z,56.2,12,11.1,OFF
2026-03-12T23:54:17.000Z,56.2,11.8,11.1,OFF
2026-03-12T23:55:17.000Z,56.3,11.8,11.1,OFF
2026-03-12T23:56:17.000Z,56.2,11.8,11.1,OFF
2026-03-12T23:57:17.000Z,56.2,12.3,11.1,OFF
2026-03-12T23:58:17.000Z,56.3,11.8,11.1,OFF
2026-03-12T23:59:17.000Z,56.2,11.8,11.1,OFF
2026-03-13T00:00:17.000Z,56.3,11.7,11.1,OFF
2026-03-13T00:01:17.000Z,56.2,11.7,11.1,OFF
2026-03-13T00:02:17.000Z,56.2,11.8,11.1,OFF
2026-03-13T00:03:17.000Z,56.3,11.9,11.1,OFF
2026-03-13T00:04:17.000Z,56.2,12.1,11.3,OFF
2026-03-13T00:05:17.000Z,56.2,12,11.3,OFF
2026-03-13T00:06:17.000Z,56.3,12,11.3,OFF
2026-03-13T00:07:17.000Z,56.2,12.2,11.3,OFF
2026-03-13T00:08:17.000Z,56.1,12.2,11.3,OFF
2026-03-13T00:09:17.000Z,56.1,11.9,11.3,OFF
2026-03-13T00:10:17.000Z,56.2,11.7,11.3,OFF
2026-03-13T00:11:17.000Z,56.2,11.9,11.3,OFF
2026-03-13T00:12:17.000Z,56.2,11.8,11.3,OFF
2026-03-13T00:13:17.000Z,56.2,12,11.3,OFF
2026-03-13T00:14:17.000Z,56.1,11.8,11.3,OFF
2026-03-13T00:15:17.000Z,56.2,11.7,11.3,OFF
2026-03-13T00:16:17.000Z,56.2,12,11.3,OFF
2026-03-13T00:17:17.000Z,56.2,11.8,11.3,OFF
2026-03-13T00:18:17.000Z,56.2,11.6,11.3,OFF
2026-03-13T00:19:17.000Z,56.3,11.9,11.3,OFF
2026-03-13T00:20:17.000Z,56.2,11.8,11.3,OFF
2026-03-13T00:21:17.000Z,56.2,11.7,11.3,OFF
2026-03-13T00:22:17.000Z,56.1,11.7,11.3,OFF
2026-03-13T00:23:17.000Z,56.3,11.9,11.3,OFF
2026-03-13T00:24:17.000Z,56.2,11.9,11.3,OFF
2026-03-13T00:25:17.000Z,56.2,12,11.3,OFF
2026-03-13T00:26:17.000Z,56.2,11.9,11.3,OFF
2026-03-13T00:27:17.000Z,56.1,11.9,11.3,OFF
2026-03-13T00:28:17.000Z,56.2,11.8,11.3,OFF
2026-03-13T00:29:17.000Z,56.2,11.7,11.3,OFF
2026-03-13T00:30:17.000Z,56.3,11.8,11.3,OFF
2026-03-13T00:31:17.000Z,56.2,11.8,11.3,OFF
2026-03-13T00:32:17.000Z,56.2,11.7,11.3,OFF
2026-03-13T00:33:17.000Z,56.2,11.7,11.3,OFF
2026-03-13T00:34:17.000Z,56.2,11.9,11.3,OFF
2026-03-13T00:35:17.000Z,56.2,12,11.3,OFF
2026-03-13T00:36:17.000Z,56.1,12.1,11.3,OFF
2026-03-13T00:37:17.000Z,56.1,12.1,11.3,OFF
2026-03-13T00:38:17.000Z,56.2,12.1,11.3,OFF
2026-03-13T00:39:17.000Z,56.2,12,11.3,OFF
2026-03-13T00:40:17.000Z,56.2,12.2,11.3,OFF
2026-03-13T00:41:17.000Z,56.2,11.8,11.3,OFF
2026-03-13T00:42:17.000Z,56.3,11.8,11.3,OFF
2026-03-13T00:43:17.000Z,56.2,12,11.3,OFF
2026-03-13T00:44:17.000Z,56.2,12,11.3,OFF
2026-03-13T00:45:17.000Z,56.2,12,11.3,OFF
2026-03-13T00:46:17.000Z,56.1,12.1,11.3,OFF
2026-03-13T00:47:17.000Z,56.1,12.1,11.3,OFF
2026-03-13T00:48:16.000Z,56.1,11.9,11.3,OFF
2026-03-13T00:49:16.000Z,56.2,12,11.3,OFF
2026-03-13T00:50:16.000Z,56.1,12,11.3,OFF
2026-03-13T00:51:16.000Z,56.2,11.9,11.3,OFF
2026-03-13T00:52:16.000Z,56.3,12.1,11.3,OFF
2026-03-13T00:53:16.000Z,56.2,12,11.3,OFF
2026-03-13T00:54:16.000Z,56.2,12,11.3,OFF
2026-03-13T00:55:16.000Z,56.2,12,11.3,OFF
2026-03-13T00:56:16.000Z,56.2,11.9,11.3,OFF
2026-03-13T00:57:16.000Z,56.2,11.8,11.3,OFF
2026-03-13T00:58:16.000Z,56.2,11.7,11.3,OFF
2026-03-13T00:59:16.000Z,56.3,11.9,11.3,OFF
2026-03-13T01:00:16.000Z,56.2,12.1,11.3,OFF
2026-03-13T01:01:16.000Z,56.1,11.8,11.3,OFF
2026-03-13T01:02:16.000Z,56.1,11.8,11.3,OFF
2026-03-13T01:03:16.000Z,56.2,11.9,11.3,OFF
2026-03-13T01:04:16.000Z,56.1,12,11.3,OFF
2026-03-13T01:05:16.000Z,56.1,12.1,11.3,OFF
2026-03-13T01:06:16.000Z,56.1,11.9,11.3,OFF
2026-03-13T01:07:16.000Z,56.1,12,11.3,OFF
2026-03-13T01:08:16.000Z,56.2,11.8,11.5,OFF
2026-03-13T01:09:16.000Z,56.2,11.8,11.5,OFF
2026-03-13T01:10:16.000Z,56.3,11.7,11.5,OFF
2026-03-13T01:11:16.000Z,56.2,11.9,11.5,OFF
2026-03-13T01:12:16.000Z,56.1,11.8,11.5,OFF
2026-03-13T01:13:16.000Z,56.2,12,11.5,OFF
2026-03-13T01:14:16.000Z,56.1,11.7,11.5,OFF
2026-03-13T01:15:16.000Z,56.2,11.8,11.5,OFF
2026-03-13T01:16:16.000Z,56.1,11.9,11.5,OFF
2026-03-13T01:17:16.000Z,56.2,11.5,11.5,OFF
2026-03-13T01:18:16.000Z,56.3,11.8,11.5,OFF
2026-03-13T01:19:16.000Z,56.2,11.6,11.5,OFF
2026-03-13T01:20:16.000Z,56.2,11.7,11.5,OFF
2026-03-13T01:21:16.000Z,56.3,11.9,11.5,OFF
2026-03-13T01:22:16.000Z,56.3,11.6,11.5,OFF
2026-03-13T01:23:16.000Z,56.2,11.8,11.5,OFF
2026-03-13T01:24:16.000Z,56.2,11.9,11.5,OFF
2026-03-13T01:25:16.000Z,56.2,11.8,11.5,OFF
2026-03-13T01:26:16.000Z,56.2,12.1,11.5,OFF
2026-03-13T01:27:16.000Z,56.2,12.1,11.5,OFF
2026-03-13T01:28:16.000Z,56.2,11.9,11.5,OFF
2026-03-13T01:29:16.000Z,56.3,11.8,11.5,OFF
2026-03-13T01:30:16.000Z,56.2,11.6,11.5,OFF
2026-03-13T01:31:16.000Z,56.2,12.1,11.6,OFF
2026-03-13T01:32:16.000Z,56.1,11.6,11.6,OFF
2026-03-13T01:33:16.000Z,56.2,11.8,11.6,OFF
2026-03-13T01:34:16.000Z,56.3,11.7,11.6,OFF
2026-03-13T01:35:16.000Z,56.2,11.6,11.6,OFF
2026-03-13T01:36:16.000Z,56.2,11.9,11.6,OFF
2026-03-13T01:37:16.000Z,56.1,11.9,11.6,OFF
2026-03-13T01:38:16.000Z,56.2,11.7,11.6,OFF
2026-03-13T01:39:16.000Z,56.1,11.9,11.6,OFF
2026-03-13T01:40:16.000Z,56.1,12,11.6,OFF
2026-03-13T01:41:16.000Z,56.1,11.8,11.6,OFF
2026-03-13T01:42:16.000Z,56.1,12,11.6,OFF
2026-03-13T01:43:16.000Z,56.1,12,11.6,OFF
2026-03-13T01:44:16.000Z,56.1,12.1,11.6,OFF
2026-03-13T01:45:16.000Z,56.1,12,11.6,OFF
2026-03-13T01:46:16.000Z,56.1,12.2,11.6,OFF
2026-03-13T01:47:16.000Z,56.1,12.1,11.6,OFF
2026-03-13T01:48:16.000Z,56.1,12.1,11.6,OFF
2026-03-13T01:49:16.000Z,56.1,12.2,11.6,OFF
2026-03-13T01:50:16.000Z,56.1,11.8,11.6,OFF
2026-03-13T01:51:16.000Z,56.1,12,11.6,OFF
2026-03-13T01:52:16.000Z,56.1,12,11.6,OFF
2026-03-13T01:53:16.000Z,56.1,12.3,11.6,OFF
2026-03-13T01:54:16.000Z,56.1,11.9,11.6,OFF
2026-03-13T01:55:16.000Z,56.1,12.1,11.6,OFF
2026-03-13T01:56:16.000Z,56.2,12.3,11.6,OFF
2026-03-13T01:57:16.000Z,56.1,12.3,11.6,OFF
2026-03-13T01:58:16.000Z,56.1,12.4,11.6,OFF
2026-03-13T01:59:16.000Z,56.1,12,11.6,OFF
2026-03-13T02:00:16.000Z,56.1,12.3,11.6,OFF
2026-03-13T02:01:16.000Z,56.1,12,11.6,OFF
2026-03-13T02:02:16.000Z,56.1,12,11.6,OFF
2026-03-13T02:03:16.000Z,56.1,12.2,11.6,OFF
2026-03-13T02:04:16.000Z,56.2,12,11.6,OFF
2026-03-13T02:05:16.000Z,56.1,12,11.6,OFF
2026-03-13T02:06:16.000Z,56.1,12.1,11.6,OFF
2026-03-13T02:07:16.000Z,56.2,11.9,11.6,OFF
2026-03-13T02:08:16.000Z,56.2,12.1,11.6,OFF
2026-03-13T02:09:16.000Z,56.2,12.1,11.6,OFF
2026-03-13T02:10:16.000Z,56.1,12.1,11.6,OFF
2026-03-13T02:11:16.000Z,56.2,11.8,11.6,OFF
2026-03-13T02:12:16.000Z,56.2,11.9,11.6,OFF
2026-03-13T02:13:16.000Z,56.1,11.7,11.6,OFF
2026-03-13T02:14:16.000Z,56.2,11.9,11.6,OFF
2026-03-13T02:15:16.000Z,56.2,12.1,11.6,OFF
2026-03-13T02:16:16.000Z,56.2,11.9,11.6,OFF
2026-03-13T02:17:16.000Z,56.2,11.5,11.6,OFF
2026-03-13T02:18:16.000Z,56.2,11.8,11.6,OFF
2026-03-13T02:19:16.000Z,56.3,11.5,11.6,OFF
2026-03-13T02:20:16.000Z,56.3,11.5,11.6,OFF
2026-03-13T02:21:16.000Z,56.3,11.4,11.6,OFF
2026-03-13T02:22:16.000Z,56.3,11.6,11.6,OFF
2026-03-13T02:23:16.000Z,56.3,11.7,11.6,OFF
2026-03-13T02:24:16.000Z,56.3,11.7,11.6,OFF
2026-03-13T02:25:16.000Z,56.1,11.5,11.6,OFF
2026-03-13T02:26:16.000Z,56.2,11.7,11.6,OFF
2026-03-13T02:27:16.000Z,56.2,11.8,11.6,OFF
2026-03-13T02:28:16.000Z,56.2,11.8,11.6,OFF
2026-03-13T02:29:16.000Z,56.1,11.6,11.6,OFF
2026-03-13T02:30:16.000Z,56.1,11.7,11.6,OFF
2026-03-13T02:31:16.000Z,56.1,11.8,11.6,OFF
2026-03-13T02:32:16.000Z,56.1,11.8,11.6,OFF
2026-03-13T02:33:16.000Z,56.1,11.9,11.6,OFF
2026-03-13T02:34:16.000Z,56.2,11.9,11.6,OFF
2026-03-13T02:35:16.000Z,56.1,11.9,11.6,OFF
2026-03-13T02:36:16.000Z,56.2,11.7,11.6,OFF
2026-03-13T02:37:16.000Z,56.1,11.8,11.6,OFF
2026-03-13T02:38:16.000Z,56.2,11.7,11.6,OFF
2026-03-13T02:39:16.000Z,56.2,11.6,11.6,OFF
2026-03-13T02:40:16.000Z,56.1,11.9,11.6,OFF
2026-03-13T02:41:16.000Z,56.1,11.9,11.6,OFF
2026-03-13T02:42:16.000Z,56.1,11.9,11.6,OFF
2026-03-13T02:43:16.000Z,56.1,11.6,11.6,OFF
2026-03-13T02:44:16.000Z,56.1,11.5,11.6,OFF
2026-03-13T02:45:16.000Z,56.2,11.6,11.6,OFF
2026-03-13T02:46:16.000Z,56.1,11.6,11.6,OFF
2026-03-13T02:47:16.000Z,56.2,11.5,11.6,OFF
2026-03-13T02:48:16.000Z,56.2,11.7,11.6,OFF
2026-03-13T02:49:16.000Z,56.2,12,11.6,OFF
2026-03-13T02:50:16.000Z,56.1,11.5,11.6,OFF
2026-03-13T02:51:16.000Z,56.1,11.2,11.6,OFF
2026-03-13T02:52:16.000Z,56.2,11.7,11.6,OFF
2026-03-13T02:53:16.000Z,56.2,11.5,11.6,OFF
2026-03-13T02:54:16.000Z,56.2,11.2,11.6,OFF
2026-03-13T02:55:16.000Z,56.2,11.2,11.6,OFF
2026-03-13T02:56:16.000Z,56.2,11.1,11.6,OFF
2026-03-13T02:57:16.000Z,56.1,11.1,11.6,OFF
2026-03-13T02:58:16.000Z,56.2,11.5,11.6,OFF
2026-03-13T02:59:16.000Z,56.2,11.3,11.6,OFF
2026-03-13T03:00:16.000Z,56.2,11.3,11.6,OFF
2026-03-13T03:01:16.000Z,56.2,11.3,11.6,OFF
2026-03-13T03:02:16.000Z,56.2,10.9,11.6,OFF
2026-03-13T03:03:16.000Z,56.2,11.5,11.6,OFF
2026-03-13T03:04:16.000Z,56.2,10.8,11.6,OFF
2026-03-13T03:05:16.000Z,56.1,11.1,11.6,OFF
2026-03-13T03:06:16.000Z,56.1,11.3,11.6,OFF
2026-03-13T03:07:16.000Z,56.1,11.3,11.6,OFF
2026-03-13T03:08:16.000Z,56.2,11.3,11.6,OFF
2026-03-13T03:09:16.000Z,56.2,11.3,11.6,OFF
2026-03-13T03:10:16.000Z,56.2,11.3,11.6,OFF
2026-03-13T03:11:16.000Z,56.2,11.3,11.6,OFF
2026-03-13T03:12:16.000Z,56.2,11.3,11.6,OFF
2026-03-13T03:13:16.000Z,56.2,11.3,11.6,OFF
2026-03-13T03:14:16.000Z,56.1,11.3,11.6,OFF
2026-03-13T03:15:16.000Z,56.1,11.1,11.6,OFF
2026-03-13T03:16:16.000Z,56.2,11.2,11.6,OFF
2026-03-13T03:17:16.000Z,56.2,10.9,11.6,OFF
2026-03-13T03:18:16.000Z,56.2,11.2,10.2,OFF
2026-03-13T03:19:16.000Z,56.2,11.2,10.2,OFF
2026-03-13T03:20:16.000Z,56.2,11.2,10.2,OFF
2026-03-13T03:21:16.000Z,56.2,11.2,10.2,OFF
2026-03-13T03:22:16.000Z,56.1,11.1,10.2,OFF
2026-03-13T03:23:16.000Z,56.2,11.2,10.2,OFF
2026-03-13T03:24:16.000Z,56.3,10.8,10.2,OFF
2026-03-13T03:25:16.000Z,56.2,11.1,10.2,OFF
2026-03-13T03:26:16.000Z,56.2,10.5,9.6,OFF
2026-03-13T03:27:16.000Z,56.2,10.9,9.6,OFF
2026-03-13T03:28:16.000Z,56.2,10.9,9.6,OFF
2026-03-13T03:29:16.000Z,56.1,11.2,9.6,OFF
2026-03-13T03:30:16.000Z,56.1,11.1,9.4,OFF
2026-03-13T03:31:16.000Z,56.1,11.1,9.4,OFF
2026-03-13T03:32:16.000Z,56.2,10.8,9.4,OFF
2026-03-13T03:33:16.000Z,56.1,10.8,9.4,OFF
2026-03-13T03:34:16.000Z,56.2,11.1,9.4,OFF
2026-03-13T03:35:16.000Z,56.2,10.6,9.4,OFF
2026-03-13T03:36:16.000Z,56.2,10.4,9.4,OFF
2026-03-13T03:37:16.000Z,56.2,10.8,9.4,OFF
2026-03-13T03:38:16.000Z,56.2,10.6,9.4,OFF
2026-03-13T03:39:16.000Z,56.2,10.7,9.4,OFF
2026-03-13T03:40:16.000Z,56.3,10.7,9.4,OFF
2026-03-13T03:41:16.000Z,56.2,10.5,8.9,OFF
2026-03-13T03:42:16.000Z,56.3,10.7,8.9,OFF
2026-03-13T03:43:16.000Z,56.3,10.3,8.9,OFF
2026-03-13T03:44:16.000Z,56.2,10.5,8.9,OFF
2026-03-13T03:45:16.000Z,56.3,10.6,8.9,OFF
2026-03-13T03:46:16.000Z,56.3,10.8,8.9,OFF
2026-03-13T03:47:16.000Z,56.2,10.9,8.9,OFF
2026-03-13T03:48:16.000Z,56.3,10.6,8.9,OFF
2026-03-13T03:49:17.000Z,56.3,10.7,8.9,OFF
2026-03-13T03:50:17.000Z,56.3,10.6,8.9,OFF
2026-03-13T03:51:17.000Z,56.3,10.6,8.3,OFF
2026-03-13T03:52:17.000Z,56.3,10.5,8.3,OFF
2026-03-13T03:53:17.000Z,56.3,10.7,8.3,OFF
2026-03-13T03:54:17.000Z,56.3,10.4,8.3,OFF
2026-03-13T03:55:17.000Z,56.3,10.4,8.3,OFF
2026-03-13T03:56:17.000Z,56.2,10.4,8.3,OFF
2026-03-13T03:57:17.000Z,56.3,10.4,8.3,OFF
2026-03-13T03:58:17.000Z,56.3,9.9,8.3,OFF
2026-03-13T03:59:17.000Z,56.3,9.9,8.3,OFF
2026-03-13T04:00:17.000Z,56.3,10.1,8.3,OFF
2026-03-13T04:01:17.000Z,56.3,10,8.3,OFF
2026-03-13T04:02:17.000Z,56.3,10,8.3,OFF
2026-03-13T04:03:17.000Z,56.3,9.8,8.3,OFF
2026-03-13T04:04:17.000Z,56.3,10,8.3,OFF
2026-03-13T04:05:17.000Z,56.3,10,8.3,OFF
2026-03-13T04:06:17.000Z,56.3,9.9,8.3,OFF
2026-03-13T04:07:17.000Z,56.3,9.9,7.8,OFF
2026-03-13T04:08:17.000Z,56.3,10,7.8,OFF
2026-03-13T04:09:17.000Z,56.3,9.7,7.8,OFF
2026-03-13T04:10:17.000Z,56.3,10,7.8,OFF
2026-03-13T04:11:17.000Z,56.3,9.8,7.8,OFF
2026-03-13T04:12:17.000Z,56.3,9.8,7.8,OFF
2026-03-13T04:13:17.000Z,56.4,9.6,7.8,OFF
2026-03-13T04:14:17.000Z,56.3,9.5,7.8,OFF
2026-03-13T04:15:17.000Z,56.4,9.2,7.8,OFF
2026-03-13T04:16:17.000Z,56.4,9,7.8,OFF
2026-03-13T04:17:17.000Z,56.4,9.4,7.8,OFF
2026-03-13T04:18:17.000Z,56.4,9.3,7.6,OFF
2026-03-13T04:19:17.000Z,56.4,8.5,7.6,OFF
2026-03-13T04:20:17.000Z,56.4,9.3,7.6,OFF
2026-03-13T04:21:17.000Z,56.4,9.3,7.6,OFF
2026-03-13T04:22:17.000Z,56.4,9,7.6,OFF
2026-03-13T04:23:17.000Z,56.4,9.3,7.6,OFF
2026-03-13T04:24:17.000Z,56.4,9,7.6,OFF
2026-03-13T04:25:17.000Z,56.4,9.3,7.6,OFF
2026-03-13T04:26:17.000Z,56.4,9.1,7.6,OFF
2026-03-13T04:27:17.000Z,56.4,9,7.6,OFF
2026-03-13T04:28:17.000Z,56.4,8.8,7.6,OFF
2026-03-13T04:29:17.000Z,56.4,9.2,7.6,OFF
2026-03-13T04:30:17.000Z,56.4,8.6,7.6,OFF
2026-03-13T04:31:17.000Z,56.4,9.1,7.6,OFF
2026-03-13T04:32:17.000Z,56.4,8.5,7.6,OFF
2026-03-13T04:33:17.000Z,56.4,8.9,7.6,OFF
2026-03-13T04:34:17.000Z,56.4,9,7.6,OFF
2026-03-13T04:35:17.000Z,56.4,8.7,7.6,OFF
2026-03-13T04:36:17.000Z,56.3,9.2,7.6,OFF
2026-03-13T04:37:17.000Z,56.4,9.1,7.6,OFF
2026-03-13T04:38:17.000Z,56.4,9,6.7,OFF
2026-03-13T04:39:17.000Z,56.3,9.1,6.7,OFF
2026-03-13T04:40:17.000Z,56.3,8.9,6.7,OFF
2026-03-13T04:41:17.000Z,56.3,8.9,6.7,OFF
2026-03-13T04:42:17.000Z,56.3,9,6.7,OFF
2026-03-13T04:43:17.000Z,56.3,8.3,6.7,OFF
2026-03-13T04:44:17.000Z,56.3,9.1,6.7,OFF
2026-03-13T04:45:17.000Z,56.3,8.8,6.7,OFF
2026-03-13T04:46:17.000Z,56.3,9.1,6.7,OFF
2026-03-13T04:47:17.000Z,56.4,9.1,6.7,OFF
2026-03-13T04:48:17.000Z,56.3,8.8,6.7,OFF
2026-03-13T04:49:17.000Z,56.3,8.7,6.7,OFF
2026-03-13T04:50:17.000Z,56.3,8.8,6.7,OFF
2026-03-13T04:51:17.000Z,56.3,8.8,6.7,OFF
2026-03-13T04:52:17.000Z,56.3,9,6.7,OFF
2026-03-13T04:53:17.000Z,56.3,9,6.7,OFF
2026-03-13T04:54:17.000Z,56.3,8.3,6.7,OFF
2026-03-13T04:55:17.000Z,56.4,8.4,6.7,OFF
2026-03-13T04:56:17.000Z,56.4,8.6,6.3,OFF
2026-03-13T04:57:17.000Z,56.4,8.4,6.3,OFF
2026-03-13T04:58:17.000Z,56.4,8.5,6.3,OFF
2026-03-13T04:59:17.000Z,56.4,8.5,6.3,OFF
2026-03-13T05:00:17.000Z,56.4,8.5,6.3,OFF
2026-03-13T05:01:17.000Z,56.3,8.6,6.3,OFF
2026-03-13T05:02:17.000Z,56.4,8.5,6.3,OFF
2026-03-13T05:03:17.000Z,56.4,8.5,6.3,OFF
2026-03-13T05:04:17.000Z,56.4,8.6,6.3,OFF
2026-03-13T05:05:17.000Z,56.3,8.6,6.3,OFF
2026-03-13T05:06:17.000Z,56.4,8.4,6.3,OFF
2026-03-13T05:07:17.000Z,56.3,8.4,6.3,OFF
2026-03-13T05:08:17.000Z,56.3,8.4,6.3,OFF
2026-03-13T05:09:17.000Z,56.4,8.4,6.3,OFF
2026-03-13T05:10:17.000Z,56.3,8.4,6.3,OFF
2026-03-13T05:11:17.000Z,56.4,8.3,6.3,OFF
2026-03-13T05:12:17.000Z,56.4,8.1,6.3,OFF
2026-03-13T05:13:17.000Z,56.3,8.6,6.3,OFF
2026-03-13T05:14:17.000Z,56.3,8.5,6.3,OFF
2026-03-13T05:15:17.000Z,56.3,8.6,6.3,OFF
2026-03-13T05:16:17.000Z,56.3,8.4,6.3,OFF
2026-03-13T05:17:17.000Z,56.3,8.5,6.3,OFF
2026-03-13T05:18:17.000Z,56.3,8.4,6.3,OFF
2026-03-13T05:19:17.000Z,56.3,8.4,6.3,OFF
2026-03-13T05:20:17.000Z,56.3,8.6,6.3,OFF
2026-03-13T05:21:17.000Z,56.3,8.5,6.3,OFF
2026-03-13T05:22:17.000Z,56.3,8.4,6.3,OFF
2026-03-13T05:23:17.000Z,56.3,8.3,6.3,OFF
2026-03-13T05:24:17.000Z,56.3,8.7,6.3,OFF
2026-03-13T05:25:17.000Z,56.3,8.6,6.3,OFF
2026-03-13T05:26:17.000Z,56.3,8.7,6.3,OFF
2026-03-13T05:27:17.000Z,56.4,8.6,6.3,OFF
2026-03-13T05:28:17.000Z,56.3,8.3,6.3,OFF
2026-03-13T05:29:17.000Z,56.3,8.7,6.3,OFF
2026-03-13T05:30:17.000Z,56.4,8.6,6.3,OFF
2026-03-13T05:31:17.000Z,56.3,8.6,6.3,OFF
2026-03-13T05:32:17.000Z,56.4,8.1,6.3,OFF
2026-03-13T05:33:17.000Z,56.3,8.5,6.3,OFF
2026-03-13T05:34:17.000Z,56.4,8.4,6.3,OFF
2026-03-13T05:35:17.000Z,56.4,8.5,6.3,OFF
2026-03-13T05:36:17.000Z,56.4,8.6,6.3,OFF
2026-03-13T05:37:17.000Z,56.4,8.6,6.3,OFF
2026-03-13T05:38:17.000Z,56.4,8.6,6.3,OFF
2026-03-13T05:39:17.000Z,56.3,8.6,6.3,OFF
2026-03-13T05:40:17.000Z,56.3,8.1,6.3,OFF
2026-03-13T05:41:17.000Z,56.4,8.3,6.3,OFF
2026-03-13T05:42:17.000Z,56.3,8.6,6.3,OFF
2026-03-13T05:43:17.000Z,56.4,8.2,6.3,OFF
2026-03-13T05:44:17.000Z,56.3,8.5,6.3,OFF
2026-03-13T05:45:17.000Z,56.4,8.6,6.3,OFF
2026-03-13T05:46:17.000Z,56.4,8.2,6.3,OFF
2026-03-13T05:47:17.000Z,56.3,8.6,6.3,OFF
2026-03-13T05:48:17.000Z,56.3,8.5,6.3,OFF
2026-03-13T05:49:17.000Z,56.4,8.3,6.3,OFF
2026-03-13T05:50:17.000Z,56.3,8.4,6.3,OFF
2026-03-13T05:51:17.000Z,56.3,8.5,6.3,OFF
2026-03-13T05:52:17.000Z,56.4,8.5,6.3,OFF
2026-03-13T05:53:17.000Z,56.3,8.6,6.3,OFF
2026-03-13T05:54:17.000Z,56.4,8.6,6.3,OFF
2026-03-13T05:55:17.000Z,56.4,8.7,6.3,OFF
2026-03-13T05:56:17.000Z,56.3,8.5,6.3,OFF
2026-03-13T05:57:17.000Z,56.4,8.5,6.3,OFF
2026-03-13T05:58:17.000Z,56.3,8.7,6.3,OFF
2026-03-13T05:59:17.000Z,56.3,9,6.3,OFF
2026-03-13T06:00:17.000Z,56.3,8.6,6.3,OFF
2026-03-13T06:01:17.000Z,56.3,8.7,6.3,OFF
2026-03-13T06:02:17.000Z,56.3,8.6,6.3,OFF
2026-03-13T06:03:17.000Z,56.3,8.8,6.3,OFF
2026-03-13T06:04:17.000Z,56.3,8.4,6.3,OFF
2026-03-13T06:05:17.000Z,56.4,8,6.3,OFF
2026-03-13T06:06:17.000Z,56.3,8.4,6.3,OFF
2026-03-13T06:07:17.000Z,56.3,8.8,6.3,OFF
2026-03-13T06:08:17.000Z,56.3,8.6,6.3,OFF
2026-03-13T06:09:17.000Z,56.3,8.5,6.2,OFF
2026-03-13T06:10:17.000Z,56.3,8.5,6.2,OFF
2026-03-13T06:11:17.000Z,56.3,8.5,6.2,OFF
2026-03-13T06:12:17.000Z,56.3,8.6,6.2,OFF
2026-03-13T06:13:17.000Z,56.3,8.3,6.2,OFF
2026-03-13T06:14:17.000Z,56.3,8.6,6.2,OFF
2026-03-13T06:15:17.000Z,56.3,8.3,6.2,OFF
2026-03-13T06:16:17.000Z,56.3,8.4,6.2,OFF
2026-03-13T06:17:17.000Z,56.3,8.3,6.2,OFF
2026-03-13T06:18:17.000Z,56.4,8.4,6.2,OFF
2026-03-13T06:19:17.000Z,56.3,8.3,6.2,OFF
2026-03-13T06:20:17.000Z,56.3,8.6,6.3,OFF
2026-03-13T06:21:17.000Z,56.3,8.4,6.3,OFF
2026-03-13T06:22:17.000Z,56.3,8.5,6.3,OFF
2026-03-13T06:23:17.000Z,56.3,8.5,6.3,OFF
2026-03-13T06:24:17.000Z,56.3,8.7,6.3,OFF
2026-03-13T06:25:17.000Z,56.3,8.4,6.3,OFF
2026-03-13T06:26:17.000Z,56.3,8.4,6.3,OFF
2026-03-13T06:27:17.000Z,56.3,8.2,6.3,OFF
2026-03-13T06:28:17.000Z,56.3,8.1,6.3,OFF
2026-03-13T06:29:17.000Z,56.3,8.4,6.3,OFF
2026-03-13T06:30:17.000Z,56.3,8.2,6.3,OFF
2026-03-13T06:31:17.000Z,56.3,8.1,6.3,OFF
2026-03-13T06:32:17.000Z,56.3,8.2,6.3,OFF
2026-03-13T06:33:17.000Z,56.3,8.6,6.3,OFF
2026-03-13T06:34:17.000Z,56.4,8.5,6.3,OFF
2026-03-13T06:35:17.000Z,56.4,8.3,6.3,OFF
2026-03-13T06:36:17.000Z,56.3,8.2,6.3,OFF
2026-03-13T06:37:17.000Z,56.3,8.4,6.3,OFF
2026-03-13T06:38:17.000Z,56.3,8.1,6.3,OFF
2026-03-13T06:39:17.000Z,56.3,8.6,6.3,OFF
2026-03-13T06:40:17.000Z,56.4,8.4,6.3,OFF
2026-03-13T06:41:17.000Z,56.3,8.4,6.3,OFF
2026-03-13T06:42:17.000Z,56.4,7.8,6.3,OFF
2026-03-13T06:43:17.000Z,56.4,8.4,6.3,OFF
2026-03-13T06:44:17.000Z,56.4,8.5,6.3,OFF
2026-03-13T06:45:17.000Z,56.4,8.5,6.3,OFF
2026-03-13T06:46:17.000Z,56.4,8.3,6.3,OFF
2026-03-13T06:47:17.000Z,56.4,8.7,6.3,OFF
2026-03-13T06:48:17.000Z,56.4,8.4,6.3,OFF
2026-03-13T06:49:16.000Z,56.4,8.1,6.3,OFF
2026-03-13T06:50:16.000Z,56.4,8,6.3,OFF
2026-03-13T06:51:16.000Z,56.4,7.9,6.3,OFF
2026-03-13T06:52:16.000Z,56.4,8.2,6.3,OFF
2026-03-13T06:53:16.000Z,56.4,8,6.3,OFF
2026-03-13T06:54:16.000Z,56.4,8.2,6.3,OFF
2026-03-13T06:55:16.000Z,56.3,7.8,6.3,OFF
2026-03-13T06:56:16.000Z,56.3,8.1,6.3,OFF
2026-03-13T06:57:16.000Z,56.4,8.3,6.3,OFF
2026-03-13T06:58:16.000Z,56.4,7.7,6.3,OFF
2026-03-13T06:59:16.000Z,56.4,8.1,6.3,OFF
2026-03-13T07:00:16.000Z,56.4,8.3,6.3,OFF
2026-03-13T07:01:16.000Z,56.3,8.1,6.3,OFF
2026-03-13T07:02:16.000Z,56.4,8,6.3,OFF
2026-03-13T07:03:16.000Z,56.3,8.1,6.3,OFF
2026-03-13T07:04:16.000Z,56.3,8,6.3,OFF
2026-03-13T07:05:16.000Z,56.4,8.1,6.3,OFF
2026-03-13T07:06:16.000Z,56.4,8.2,6.3,OFF
2026-03-13T07:07:16.000Z,56.4,8.3,6.2,OFF
2026-03-13T07:08:16.000Z,56.4,8.1,6.2,OFF
2026-03-13T07:09:16.000Z,56.4,8.1,6.2,OFF
2026-03-13T07:10:16.000Z,56.4,8.5,6.2,OFF
2026-03-13T07:11:16.000Z,56.4,8.3,6.2,OFF
2026-03-13T07:12:16.000Z,56.4,8.3,6.2,OFF
2026-03-13T07:13:16.000Z,56.3,8.2,6.2,OFF
2026-03-13T07:14:16.000Z,56.4,8.3,6.2,OFF
2026-03-13T07:15:16.000Z,56.3,8.6,6.2,OFF
2026-03-13T07:16:16.000Z,56.3,8.2,6.2,OFF
2026-03-13T07:17:16.000Z,56.3,8.4,6.2,OFF
2026-03-13T07:18:16.000Z,56.3,8.1,6.2,OFF
2026-03-13T07:19:16.000Z,56.3,8.3,6.2,OFF
2026-03-13T07:20:16.000Z,56.3,8.3,6.2,OFF
2026-03-13T07:21:16.000Z,56.3,8.4,6.2,OFF
2026-03-13T07:22:16.000Z,56.3,8.3,6.2,OFF
2026-03-13T07:23:16.000Z,56.3,8.3,6.2,OFF
2026-03-13T07:24:16.000Z,56.3,8.1,6.2,OFF
2026-03-13T07:25:16.000Z,56.3,8.1,6.2,OFF
2026-03-13T07:26:16.000Z,56.3,8,6.2,OFF
2026-03-13T07:27:16.000Z,56.3,8.4,6.2,OFF
2026-03-13T07:28:16.000Z,56.4,8.4,6.2,OFF
2026-03-13T07:29:16.000Z,56.3,8.4,6.2,OFF
2026-03-13T07:30:16.000Z,56.3,8.4,6.2,OFF
2026-03-13T07:31:16.000Z,56.3,8.4,6.2,OFF
2026-03-13T07:32:16.000Z,56.3,8.2,6.2,OFF
2026-03-13T07:33:16.000Z,56.3,8.1,6.2,OFF
2026-03-13T07:34:16.000Z,56.3,8.1,6.2,OFF
2026-03-13T07:35:16.000Z,56.4,8,6.2,OFF
2026-03-13T07:36:16.000Z,56.3,8.1,6.2,OFF
2026-03-13T07:37:16.000Z,56.3,8,6.2,OFF
2026-03-13T07:38:16.000Z,56.3,8.2,6.2,OFF
2026-03-13T07:39:16.000Z,56.3,8.2,6.2,OFF
2026-03-13T07:40:16.000Z,56.4,8,6.2,OFF
2026-03-13T07:41:16.000Z,56.3,8.2,6.2,OFF
2026-03-13T07:42:16.000Z,56.3,8.1,6.2,OFF
2026-03-13T07:43:16.000Z,56.4,8.2,6.2,OFF
2026-03-13T07:44:16.000Z,56.4,8.4,6.2,OFF
2026-03-13T07:45:16.000Z,56.4,8.4,6.2,OFF
2026-03-13T07:46:16.000Z,56.3,7.9,6.3,OFF
2026-03-13T07:47:16.000Z,56.4,8,6.3,OFF
2026-03-13T07:48:16.000Z,56.4,7.9,6.3,OFF
2026-03-13T07:49:16.000Z,56.4,8,6.3,OFF
2026-03-13T07:50:16.000Z,56.4,8.2,6.3,OFF
2026-03-13T07:51:16.000Z,56.4,8.1,6.3,OFF
2026-03-13T07:52:16.000Z,56.4,8.2,6.3,OFF
2026-03-13T07:53:16.000Z,56.4,8.3,6.3,OFF
2026-03-13T07:54:16.000Z,56.4,8.1,6.3,OFF
2026-03-13T07:55:16.000Z,56.4,8.4,6.3,OFF
2026-03-13T07:56:16.000Z,56.3,8.1,6.3,OFF
2026-03-13T07:57:16.000Z,56.4,8,6.3,OFF
2026-03-13T07:58:16.000Z,56.3,8.1,6.3,OFF
2026-03-13T07:59:16.000Z,56.4,8,6.3,OFF
2026-03-13T08:00:16.000Z,56.3,8.3,6.3,OFF
2026-03-13T08:01:16.000Z,56.4,7.9,6.3,OFF
2026-03-13T08:02:16.000Z,56.4,7.8,6.3,OFF
2026-03-13T08:03:16.000Z,56.4,7.9,6.3,OFF
2026-03-13T08:04:16.000Z,56.4,8.2,6.3,OFF
2026-03-13T08:05:16.000Z,56.3,7.8,6.3,OFF
2026-03-13T08:06:16.000Z,56.3,8,6.3,OFF
2026-03-13T08:07:16.000Z,56.4,8.1,6.3,OFF
2026-03-13T08:08:16.000Z,56.3,8.4,6.3,OFF
2026-03-13T08:09:16.000Z,56.4,8.2,6.3,OFF
2026-03-13T08:10:16.000Z,56.4,8.4,6.3,OFF
2026-03-13T08:11:16.000Z,56.4,8.3,6.3,OFF
2026-03-13T08:12:16.000Z,56.4,8,6.3,OFF
2026-03-13T08:13:16.000Z,56.4,8.1,6.3,OFF
2026-03-13T08:14:16.000Z,56.3,8.1,6.3,OFF
2026-03-13T08:15:16.000Z,56.3,8.5,6.4,OFF
2026-03-13T08:16:16.000Z,56.3,8.5,6.4,OFF
2026-03-13T08:17:16.000Z,56.4,8.4,6.4,OFF
2026-03-13T08:18:16.000Z,56.3,8.3,6.4,OFF
2026-03-13T08:19:16.000Z,56.3,8.4,6.4,OFF
2026-03-13T08:20:16.000Z,56.3,7.8,6.4,OFF
2026-03-13T08:21:16.000Z,56.3,8.5,6.4,OFF
2026-03-13T08:22:16.000Z,56.3,8.5,6.4,OFF
2026-03-13T08:23:16.000Z,56.3,8.4,6.4,OFF
2026-03-13T08:24:16.000Z,56.3,8.5,6.4,OFF
2026-03-13T08:25:16.000Z,56.3,8.4,6.4,OFF
2026-03-13T08:26:16.000Z,56.3,8.6,6.4,OFF
2026-03-13T08:27:16.000Z,56.3,8.6,6.4,OFF
2026-03-13T08:28:16.000Z,56.3,8.3,6.4,OFF
2026-03-13T08:29:16.000Z,56.3,8.4,6.4,OFF
2026-03-13T08:30:16.000Z,56.3,8.3,6.4,OFF
2026-03-13T08:31:16.000Z,56.3,8.4,6.4,OFF
2026-03-13T08:32:16.000Z,56.3,8.2,6.4,OFF
2026-03-13T08:33:16.000Z,56.3,8.4,6.4,OFF
2026-03-13T08:34:16.000Z,56.3,8.2,6.4,OFF
2026-03-13T08:35:16.000Z,56.3,8.1,6.4,OFF
2026-03-13T08:36:16.000Z,56.4,8.4,6.4,OFF
2026-03-13T08:37:16.000Z,56.3,8.3,6.4,OFF
2026-03-13T08:38:16.000Z,56.3,8.1,6.4,OFF
2026-03-13T08:39:16.000Z,56.4,8.1,6.4,OFF
2026-03-13T08:40:16.000Z,56.3,7.7,6.4,OFF
2026-03-13T08:41:16.000Z,56.3,8,6.4,OFF
2026-03-13T08:42:16.000Z,56.3,8.1,6.4,OFF
2026-03-13T08:43:16.000Z,56.3,8.2,6.4,OFF
2026-03-13T08:44:16.000Z,56.3,8.1,6.4,OFF
2026-03-13T08:45:16.000Z,56.3,8.3,6.4,OFF
2026-03-13T08:46:16.000Z,56.3,8.2,6.4,OFF
2026-03-13T08:47:16.000Z,56.3,8.3,6.5,OFF
2026-03-13T08:48:16.000Z,56.3,8.1,6.5,OFF
2026-03-13T08:49:16.000Z,56.3,8.2,6.5,OFF
2026-03-13T08:50:16.000Z,56.3,8.2,6.5,OFF
2026-03-13T08:51:16.000Z,56.3,7.8,6.5,OFF
2026-03-13T08:52:16.000Z,56.3,8.2,6.5,OFF
2026-03-13T08:53:16.000Z,56.3,8.3,6.5,OFF
2026-03-13T08:54:16.000Z,56.3,8.5,6.5,OFF
2026-03-13T08:55:16.000Z,56.3,8.3,6.5,OFF
2026-03-13T08:56:16.000Z,56.3,8.4,6.5,OFF
2026-03-13T08:57:16.000Z,56.3,8.3,6.5,OFF
2026-03-13T08:58:16.000Z,56.3,8.3,6.5,OFF
2026-03-13T08:59:16.000Z,56.3,8.1,6.5,OFF
2026-03-13T09:00:16.000Z,56.3,8.4,6.5,OFF
2026-03-13T09:01:16.000Z,56.3,8.4,6.5,OFF
2026-03-13T09:02:16.000Z,56.3,8.2,6.5,OFF
2026-03-13T09:03:16.000Z,56.3,8.5,6.5,OFF
2026-03-13T09:04:16.000Z,56.2,8.3,6.5,OFF
2026-03-13T09:05:16.000Z,56.3,7.9,6.5,OFF
2026-03-13T09:06:16.000Z,56.3,7.9,6.5,OFF
2026-03-13T09:07:16.000Z,56.3,8,6.5,OFF
2026-03-13T09:08:16.000Z,56.3,8.2,6.5,OFF
2026-03-13T09:09:16.000Z,56.3,8.2,6.5,OFF
2026-03-13T09:10:16.000Z,56.3,7.9,6.9,OFF
2026-03-13T09:11:16.000Z,56.3,8.2,6.9,OFF
2026-03-13T09:12:16.000Z,56.3,8.3,6.9,OFF
2026-03-13T09:13:16.000Z,56.3,8.4,6.9,OFF
2026-03-13T09:14:16.000Z,56.3,8.5,6.9,OFF
2026-03-13T09:15:16.000Z,56.3,8.3,6.9,OFF
2026-03-13T09:16:16.000Z,56.3,8.4,6.9,OFF
2026-03-13T09:17:16.000Z,56.3,8,6.9,OFF
2026-03-13T09:18:16.000Z,56.3,8.5,6.9,OFF
2026-03-13T09:19:16.000Z,56.3,8.5,6.9,OFF
2026-03-13T09:20:16.000Z,56.3,8.4,6.9,OFF
2026-03-13T09:21:16.000Z,56.3,8.1,6.9,OFF
2026-03-13T09:22:16.000Z,56.3,8.1,6.9,OFF
2026-03-13T09:23:16.000Z,56.3,8.2,6.9,OFF
2026-03-13T09:24:16.000Z,56.3,8,6.9,OFF
2026-03-13T09:25:16.000Z,56.2,8,6.9,OFF
2026-03-13T09:26:16.000Z,56.3,8.5,6.9,OFF
2026-03-13T09:27:16.000Z,56.3,8.6,6.9,OFF
2026-03-13T09:28:16.000Z,56.3,8.3,6.9,OFF
2026-03-13T09:29:16.000Z,56.2,8.7,6.9,OFF
2026-03-13T09:30:16.000Z,56.3,8.4,6.9,OFF
2026-03-13T09:31:16.000Z,56.2,8.5,6.9,OFF
2026-03-13T09:32:16.000Z,56.3,8.2,6.9,OFF
2026-03-13T09:33:16.000Z,56.3,8.2,6.9,OFF
2026-03-13T09:34:16.000Z,56.3,8.4,6.9,OFF
2026-03-13T09:35:16.000Z,56.3,8.5,6.9,OFF
2026-03-13T09:36:16.000Z,56.3,8.6,6.9,OFF
2026-03-13T09:37:16.000Z,56.2,8.6,6.9,OFF
2026-03-13T09:38:16.000Z,56.3,8.5,6.9,OFF
2026-03-13T09:39:16.000Z,56.2,8.6,6.9,OFF
2026-03-13T09:40:16.000Z,56.3,8.4,6.9,OFF
2026-03-13T09:41:16.000Z,56.3,8.6,6.9,OFF
2026-03-13T09:42:16.000Z,56.2,8.5,6.9,OFF
2026-03-13T09:43:16.000Z,56.3,8.6,7.2,OFF
2026-03-13T09:44:16.000Z,56.2,8.5,7.2,OFF
2026-03-13T09:45:16.000Z,56.2,8.6,7.2,OFF
2026-03-13T09:46:16.000Z,56.3,8.3,7.2,OFF
2026-03-13T09:47:16.000Z,56.3,8.5,7.2,OFF
2026-03-13T09:48:16.000Z,56.3,8.4,7.2,OFF
2026-03-13T09:49:16.000Z,56.2,8.6,7.2,OFF
2026-03-13T09:50:16.000Z,56.2,8.5,7.2,OFF
2026-03-13T09:51:16.000Z,56.2,8.6,7.2,OFF
2026-03-13T09:52:16.000Z,56.1,8.5,7.2,OFF
2026-03-13T09:53:16.000Z,56.3,8.6,7.2,OFF
2026-03-13T09:54:16.000Z,56.3,8.7,7.2,OFF
2026-03-13T09:55:16.000Z,56.3,8.6,7.2,OFF
2026-03-13T09:56:16.000Z,56.2,8.5,7.2,OFF
2026-03-13T09:57:16.000Z,56.2,8.5,7.2,OFF
2026-03-13T09:58:16.000Z,56.2,8.4,7.2,OFF
2026-03-13T09:59:16.000Z,56.2,8.4,7.2,OFF
2026-03-13T10:00:16.000Z,56.3,8.5,7.2,OFF
2026-03-13T10:01:16.000Z,56.3,8.2,7.2,OFF
2026-03-13T10:02:16.000Z,56.3,8.4,7.2,OFF
2026-03-13T10:03:16.000Z,56.2,8.6,7.2,OFF
2026-03-13T10:04:16.000Z,56.2,8.7,7.2,OFF
2026-03-13T10:05:16.000Z,56.1,8.9,7.2,OFF
2026-03-13T10:06:16.000Z,56.2,8.5,7.2,OFF
2026-03-13T10:07:16.000Z,56.2,8.9,7.2,OFF
2026-03-13T10:08:16.000Z,56.2,8.7,7.4,OFF
2026-03-13T10:09:16.000Z,56.1,8.8,7.4,OFF
2026-03-13T10:10:16.000Z,56.1,8.6,7.4,OFF
2026-03-13T10:11:16.000Z,56.1,8.1,7.4,OFF
2026-03-13T10:12:16.000Z,56.1,8.6,7.4,OFF
2026-03-13T10:13:16.000Z,56.1,8.3,7.4,OFF
2026-03-13T10:14:16.000Z,56.1,8.6,7.4,OFF
2026-03-13T10:15:16.000Z,56.1,8.3,7.4,OFF
2026-03-13T10:16:16.000Z,56.1,8.5,7.4,OFF
2026-03-13T10:17:16.000Z,56.1,8.8,7.4,OFF
2026-03-13T10:18:16.000Z,56.1,8.7,7.4,OFF
2026-03-13T10:19:16.000Z,56.1,8.6,7.4,OFF
2026-03-13T10:20:16.000Z,56.1,8.9,7.4,OFF
2026-03-13T10:21:16.000Z,56.1,9,7.4,OFF
2026-03-13T10:22:16.000Z,56.1,8.8,7.5,OFF
2026-03-13T10:23:16.000Z,56.1,9,7.5,OFF
2026-03-13T10:24:16.000Z,56.1,8.7,7.5,OFF
2026-03-13T10:25:16.000Z,56.1,8.9,7.5,OFF
2026-03-13T10:26:16.000Z,56.1,9,7.5,OFF
2026-03-13T10:27:16.000Z,56.1,8.8,7.5,OFF
2026-03-13T10:28:16.000Z,56.1,8.8,7.5,OFF
2026-03-13T10:29:16.000Z,56.1,8.6,7.5,OFF
2026-03-13T10:30:16.000Z,56.1,8.8,7.5,OFF
2026-03-13T10:31:16.000Z,56.1,8.7,7.5,OFF
2026-03-13T10:32:16.000Z,56,8.7,7.6,OFF
2026-03-13T10:33:16.000Z,56.1,9,7.6,OFF
2026-03-13T10:34:16.000Z,56,8.6,7.6,OFF
2026-03-13T10:35:16.000Z,56.1,8.9,7.6,OFF
2026-03-13T10:36:16.000Z,56.1,8.9,7.6,OFF
2026-03-13T10:37:16.000Z,56.1,8.8,7.6,OFF
2026-03-13T10:38:16.000Z,56.1,9.1,7.6,OFF
2026-03-13T10:39:16.000Z,56.1,8.9,7.6,OFF
2026-03-13T10:40:16.000Z,56,8.9,7.6,OFF
2026-03-13T10:41:16.000Z,56.1,9,7.6,OFF
2026-03-13T10:42:16.000Z,56.1,8.9,7.6,OFF
2026-03-13T10:43:16.000Z,56,8.9,7.6,OFF
2026-03-13T10:44:16.000Z,56.1,8.6,7.6,OFF
2026-03-13T10:45:16.000Z,56.1,8.6,7.6,OFF
2026-03-13T10:46:16.000Z,56.1,8.6,7.6,OFF
2026-03-13T10:47:16.000Z,56.1,8.9,7.6,OFF
2026-03-13T10:48:16.000Z,56.1,8.9,7.6,OFF
2026-03-13T10:49:16.000Z,56.1,9,7.6,OFF
2026-03-13T10:50:16.000Z,56.1,8.8,7.6,OFF
2026-03-13T10:51:16.000Z,56.1,8.8,7.6,OFF
2026-03-13T10:52:16.000Z,56.1,8.6,7.6,OFF
2026-03-13T10:53:16.000Z,56,8.8,7.6,OFF
2026-03-13T10:54:16.000Z,56,8.6,7.7,OFF
2026-03-13T10:55:16.000Z,56.1,8.7,7.7,OFF
2026-03-13T10:56:16.000Z,56,8.8,7.7,OFF
2026-03-13T10:57:16.000Z,56,8.9,7.7,OFF
2026-03-13T10:58:16.000Z,56,8.8,7.7,OFF
2026-03-13T10:59:16.000Z,56,8.7,7.7,OFF
2026-03-13T11:00:16.000Z,56,8.9,7.7,OFF
2026-03-13T11:01:16.000Z,56.1,9,7.7,OFF
2026-03-13T11:02:16.000Z,56.1,8.7,7.7,OFF
2026-03-13T11:03:16.000Z,56,8.9,7.7,OFF
2026-03-13T11:04:16.000Z,56,8.7,7.7,OFF
2026-03-13T11:05:16.000Z,56,8.7,7.7,OFF
2026-03-13T11:06:16.000Z,56,8.5,7.7,OFF
2026-03-13T11:07:16.000Z,56.1,8.9,7.7,OFF
2026-03-13T11:08:16.000Z,56.1,9.2,7.7,OFF
2026-03-13T11:09:16.000Z,56,9,7.7,OFF
2026-03-13T11:10:16.000Z,56,9,7.7,OFF
2026-03-13T11:11:16.000Z,56,9.2,7.7,OFF
2026-03-13T11:12:16.000Z,56,9.1,7.7,OFF
2026-03-13T11:13:16.000Z,56,8.9,7.7,OFF
2026-03-13T11:14:16.000Z,56,9.1,7.7,OFF
2026-03-13T11:15:16.000Z,56,8.7,7.7,OFF
2026-03-13T11:16:16.000Z,56,8.8,7.8,OFF
2026-03-13T11:17:16.000Z,56,9,7.8,OFF
2026-03-13T11:18:16.000Z,56,9,7.8,OFF
2026-03-13T11:19:16.000Z,56,8.5,7.8,OFF
2026-03-13T11:20:16.000Z,56,9,7.8,OFF
2026-03-13T11:21:16.000Z,56,9,7.8,OFF
2026-03-13T11:22:16.000Z,56,8.9,7.8,OFF
2026-03-13T11:23:16.000Z,56,8.9,7.8,OFF
2026-03-13T11:24:16.000Z,56,9.2,7.8,OFF
2026-03-13T11:25:16.000Z,56,9,7.8,OFF
2026-03-13T11:26:16.000Z,56,9.1,7.8,OFF
2026-03-13T11:27:16.000Z,56,8.5,8,OFF
2026-03-13T11:28:16.000Z,56,8.7,8,OFF
2026-03-13T11:29:16.000Z,56,9.2,8,OFF
2026-03-13T11:30:16.000Z,56,8.9,8,OFF
2026-03-13T11:31:16.000Z,56,9.1,8,OFF
2026-03-13T11:32:16.000Z,56,9,8,OFF
2026-03-13T11:33:16.000Z,56,8.9,8,OFF
2026-03-13T11:34:16.000Z,56,9,8,OFF
2026-03-13T11:35:16.000Z,56,8.7,7.9,OFF
2026-03-13T11:36:16.000Z,56,9.1,7.9,OFF
2026-03-13T11:37:16.000Z,56,9.2,7.9,OFF
2026-03-13T11:38:16.000Z,56,9.2,7.9,OFF
2026-03-13T11:39:16.000Z,56,9.2,7.9,OFF
2026-03-13T11:40:16.000Z,55.9,9.1,7.9,OFF
2026-03-13T11:41:16.000Z,56,9.1,7.9,OFF
2026-03-13T11:42:16.000Z,56,9.5,7.9,OFF
2026-03-13T11:43:16.000Z,56,8.7,7.9,OFF
2026-03-13T11:44:16.000Z,56,8.9,7.9,OFF
2026-03-13T11:45:16.000Z,56,8.7,7.9,OFF
2026-03-13T11:46:16.000Z,56,8.9,7.9,OFF
2026-03-13T11:47:16.000Z,56,9.1,7.9,OFF
2026-03-13T11:48:16.000Z,56,8.5,7.9,OFF
2026-03-13T11:49:16.000Z,56,8.7,7.9,OFF
2026-03-13T11:50:16.000Z,56,9,7.9,OFF
2026-03-13T11:51:16.000Z,56,9.2,7.9,OFF
2026-03-13T11:52:16.000Z,56,9.3,7.9,OFF
2026-03-13T11:53:16.000Z,55.9,9.4,7.9,OFF
2026-03-13T11:54:16.000Z,55.9,9.1,7.9,OFF
2026-03-13T11:55:16.000Z,55.9,9.3,8.3,OFF
2026-03-13T11:56:16.000Z,56,9.2,8.3,OFF
2026-03-13T11:57:16.000Z,55.9,9.4,8.3,OFF
2026-03-13T11:58:16.000Z,55.9,9.4,8.3,OFF
2026-03-13T11:59:16.000Z,55.9,9.2,8.3,OFF
2026-03-13T12:00:16.000Z,55.9,9.1,8.3,OFF
2026-03-13T12:01:16.000Z,55.9,9.3,8.3,OFF
2026-03-13T12:02:16.000Z,55.9,9.4,8.3,OFF
2026-03-13T12:03:16.000Z,55.9,9.2,8.3,OFF
2026-03-13T12:04:16.000Z,55.9,9.4,8.3,OFF
2026-03-13T12:05:16.000Z,55.9,9.2,8.3,OFF
2026-03-13T12:06:16.000Z,55.9,9.3,8.4,OFF
2026-03-13T12:07:16.000Z,55.9,9.2,8.4,OFF
2026-03-13T12:08:16.000Z,55.9,9.3,8.6,OFF
2026-03-13T12:09:16.000Z,55.9,9.2,8.6,OFF
2026-03-13T12:10:16.000Z,55.9,9.4,8.6,OFF
2026-03-13T12:11:16.000Z,55.9,9.1,8.6,OFF
2026-03-13T12:12:16.000Z,55.9,9.4,8.6,OFF
2026-03-13T12:13:16.000Z,55.9,9.4,8.6,OFF
2026-03-13T12:14:16.000Z,55.9,9.5,8.6,OFF
2026-03-13T12:15:16.000Z,55.9,9.3,8.6,OFF
2026-03-13T12:16:16.000Z,55.9,9.4,8.6,OFF
2026-03-13T12:17:16.000Z,55.9,9.3,8.6,OFF
2026-03-13T12:18:16.000Z,55.8,9.4,8.6,OFF
2026-03-13T12:19:16.000Z,55.9,9.5,8.6,OFF
2026-03-13T12:20:16.000Z,55.8,9.4,8.6,OFF
2026-03-13T12:21:16.000Z,55.9,9.5,8.6,OFF
2026-03-13T12:22:16.000Z,55.9,9.5,8.6,OFF
2026-03-13T12:23:16.000Z,55.9,9.4,8.6,OFF
2026-03-13T12:24:16.000Z,55.9,9.2,8.6,OFF
2026-03-13T12:25:16.000Z,55.9,9.7,8.6,OFF
2026-03-13T12:26:16.000Z,55.9,9.6,8.6,OFF
2026-03-13T12:27:16.000Z,55.8,9.6,8.8,OFF
2026-03-13T12:28:16.000Z,55.8,9.7,8.8,OFF
2026-03-13T12:29:16.000Z,55.9,9.6,8.8,OFF
2026-03-13T12:30:16.000Z,55.9,9.5,8.8,OFF
2026-03-13T12:31:16.000Z,55.8,9.4,8.8,OFF
2026-03-13T12:32:16.000Z,55.9,9.5,8.8,OFF
2026-03-13T12:33:16.000Z,55.8,9.7,8.8,OFF
2026-03-13T12:34:16.000Z,55.8,9.5,8.8,OFF
2026-03-13T12:35:16.000Z,55.8,9.4,8.8,OFF
2026-03-13T12:36:16.000Z,55.9,9.4,8.8,OFF
2026-03-13T12:37:16.000Z,55.8,9.2,8.8,OFF
2026-03-13T12:38:16.000Z,55.8,9.5,8.8,OFF
2026-03-13T12:39:16.000Z,55.8,9.2,8.8,OFF
2026-03-13T12:40:16.000Z,55.8,9.6,8.8,OFF
2026-03-13T12:41:16.000Z,55.8,8.7,8.8,OFF
2026-03-13T12:42:16.000Z,55.8,8.9,8.8,OFF
2026-03-13T12:43:16.000Z,55.8,9.3,8.8,OFF
2026-03-13T12:44:16.000Z,55.8,9.3,8.8,OFF
2026-03-13T12:45:16.000Z,55.8,9.4,8.8,OFF
2026-03-13T12:46:16.000Z,55.8,9.3,8.8,OFF
2026-03-13T12:47:16.000Z,55.9,9.2,8.8,OFF
2026-03-13T12:48:16.000Z,55.9,9.1,8.8,OFF
2026-03-13T12:49:16.000Z,55.8,9.3,9,OFF
2026-03-13T12:50:16.000Z,55.8,9.5,9,OFF
2026-03-13T12:51:16.000Z,55.8,9.3,9,OFF
2026-03-13T12:52:16.000Z,55.8,9.5,9,OFF
2026-03-13T12:53:16.000Z,55.8,9.5,9,OFF
2026-03-13T12:54:16.000Z,55.8,9.5,9,OFF
2026-03-13T12:55:16.000Z,55.8,9.5,9,OFF
2026-03-13T12:56:16.000Z,55.8,9.5,9,OFF
2026-03-13T12:57:16.000Z,55.8,9.4,9,OFF
2026-03-13T12:58:16.000Z,55.8,9.6,9,OFF
2026-03-13T12:59:16.000Z,55.8,9.6,9,OFF
2026-03-13T13:00:16.000Z,55.8,9.6,9,OFF
2026-03-13T13:01:16.000Z,55.8,9.7,9,OFF
2026-03-13T13:02:16.000Z,55.8,9.6,9,OFF
2026-03-13T13:03:16.000Z,55.8,9.5,9,OFF
2026-03-13T13:04:16.000Z,55.8,9.8,9,OFF
2026-03-13T13:05:16.000Z,55.8,9.3,9,OFF
2026-03-13T13:06:16.000Z,55.8,9.5,9,OFF
2026-03-13T13:07:16.000Z,55.8,9.6,9,OFF
2026-03-13T13:08:16.000Z,55.8,9.4,9.1,OFF
2026-03-13T13:09:16.000Z,55.8,9.3,9.1,OFF
2026-03-13T13:10:16.000Z,55.8,9.4,9.1,OFF
2026-03-13T13:11:16.000Z,55.8,9.3,9.1,OFF
2026-03-13T13:12:16.000Z,55.8,9.6,9.1,OFF
2026-03-13T13:13:16.000Z,55.8,9.5,9.1,OFF
2026-03-13T13:14:16.000Z,55.8,9.7,9.1,OFF
2026-03-13T13:15:16.000Z,55.8,9.6,9.1,OFF
2026-03-13T13:16:16.000Z,55.7,9.5,9.1,OFF
2026-03-13T13:17:16.000Z,55.8,9.4,9.1,OFF
2026-03-13T13:18:16.000Z,55.8,9.6,9.1,OFF
2026-03-13T13:19:16.000Z,55.8,9.6,9.1,OFF
2026-03-13T13:20:16.000Z,55.8,9.6,9.1,OFF
2026-03-13T13:21:16.000Z,55.8,9.6,9.1,OFF
2026-03-13T13:22:16.000Z,55.8,9.7,9.1,OFF
2026-03-13T13:23:16.000Z,55.7,9.6,9.1,OFF
2026-03-13T13:24:16.000Z,55.8,9.7,9.1,OFF
2026-03-13T13:25:16.000Z,55.7,9.9,9.1,OFF
2026-03-13T13:26:16.000Z,55.8,9.6,9.1,OFF
2026-03-13T13:27:16.000Z,55.8,9.7,9.1,OFF
2026-03-13T13:28:16.000Z,55.7,9.6,9.1,OFF
2026-03-13T13:29:16.000Z,55.7,10.1,9.1,OFF
2026-03-13T13:30:16.000Z,55.7,10.6,9.1,OFF
2026-03-13T13:31:16.000Z,55.6,10.7,9.1,OFF
2026-03-13T13:32:16.000Z,55.6,10.9,9.1,OFF
2026-03-13T13:33:16.000Z,55.6,11.3,9.3,OFF
2026-03-13T13:34:16.000Z,55.6,11.2,9.3,OFF
2026-03-13T13:35:16.000Z,55.6,11.2,9.3,OFF
2026-03-13T13:36:16.000Z,55.6,11.3,9.3,OFF
2026-03-13T13:37:16.000Z,55.6,11.4,9.3,OFF
2026-03-13T13:38:16.000Z,55.6,11.5,9.3,OFF
2026-03-13T13:39:16.000Z,55.5,11.5,9.3,OFF
2026-03-13T13:40:16.000Z,55.5,11.6,9.3,OFF
2026-03-13T13:41:16.000Z,55.6,11.6,9.3,OFF
2026-03-13T13:42:16.000Z,55.5,11.7,9.3,OFF
2026-03-13T13:43:16.000Z,55.5,11.8,9.3,OFF
2026-03-13T13:44:16.000Z,55.5,12.1,9.5,OFF
2026-03-13T13:45:16.000Z,55.5,11.8,9.5,OFF
2026-03-13T13:46:16.000Z,55.5,11.8,9.5,OFF
2026-03-13T13:47:16.000Z,55.5,11.8,9.5,OFF
2026-03-13T13:48:16.000Z,55.5,12,9.5,OFF
2026-03-13T13:49:16.000Z,55.5,11.9,9.5,OFF
2026-03-13T13:50:16.000Z,55.5,12,9.5,OFF
2026-03-13T13:51:16.000Z,55.5,12,9.5,OFF
2026-03-13T13:52:16.000Z,55.5,12.1,9.5,OFF
2026-03-13T13:53:16.000Z,55.5,11.9,9.5,OFF
2026-03-13T13:54:16.000Z,55.5,12.1,9.5,OFF
2026-03-13T13:55:16.000Z,55.5,12,9.5,OFF
2026-03-13T13:56:16.000Z,55.4,12.1,9.5,OFF
2026-03-13T13:57:16.000Z,55.4,12,9.5,OFF
2026-03-13T13:58:16.000Z,55.4,12,9.5,OFF
2026-03-13T13:59:16.000Z,55.4,12.1,9.5,OFF
2026-03-13T14:00:16.000Z,55.4,12.1,9.5,OFF
2026-03-13T14:01:16.000Z,55.4,12.2,9.5,OFF
2026-03-13T14:02:16.000Z,55.4,12.2,9.5,OFF
2026-03-13T14:03:16.000Z,55.4,12.3,9.5,OFF
2026-03-13T14:04:16.000Z,55.4,12.2,9.5,OFF
2026-03-13T14:05:16.000Z,55.4,12.3,9.5,OFF
2026-03-13T14:06:16.000Z,55.4,12.3,9.5,OFF
2026-03-13T14:07:16.000Z,55.3,12.2,9.5,OFF
2026-03-13T14:08:16.000Z,55.4,12.4,9.5,OFF
2026-03-13T14:09:16.000Z,55.4,12.3,9.5,OFF
2026-03-13T14:10:16.000Z,55.3,12.2,9.5,OFF
2026-03-13T14:11:16.000Z,55.3,12.4,9.5,OFF
2026-03-13T14:12:16.000Z,55.3,12.2,9.5,OFF
2026-03-13T14:13:16.000Z,55.3,12.4,9.5,OFF
2026-03-13T14:14:16.000Z,55.3,12.3,9.5,OFF
2026-03-13T14:15:16.000Z,55.3,12.2,9.5,OFF
2026-03-13T14:16:16.000Z,55.3,12.3,9.5,OFF
2026-03-13T14:17:16.000Z,55.3,12.3,9.5,OFF
2026-03-13T14:18:16.000Z,55.3,12.3,9.5,OFF
2026-03-13T14:19:16.000Z,55.3,12.4,9.5,OFF
2026-03-13T14:20:16.000Z,55.3,12.5,9.5,OFF
2026-03-13T14:21:16.000Z,55.3,12.5,9.5,OFF
2026-03-13T14:22:16.000Z,55.3,12.5,9.4,OFF
2026-03-13T14:23:16.000Z,55.3,12.4,9.4,OFF
2026-03-13T14:24:16.000Z,55.3,12.5,9.4,OFF
2026-03-13T14:25:16.000Z,55.3,12.4,9.4,OFF
2026-03-13T14:26:16.000Z,55.3,12.6,9.4,OFF
2026-03-13T14:27:16.000Z,55.3,12.4,9.4,OFF
2026-03-13T14:28:16.000Z,55.3,12.3,9.4,OFF
2026-03-13T14:29:16.000Z,55.3,12.5,9.4,OFF
2026-03-13T14:30:16.000Z,55.3,12.4,9.4,OFF
2026-03-13T14:31:16.000Z,55.3,12.5,9.4,OFF
2026-03-13T14:32:16.000Z,55.3,12.6,9.4,OFF
2026-03-13T14:33:16.000Z,55.3,12.5,9.5,OFF
2026-03-13T14:34:16.000Z,55.3,12.6,9.5,OFF
2026-03-13T14:35:16.000Z,55.3,12.5,9.5,OFF
2026-03-13T14:36:16.000Z,55.3,12.6,9.5,OFF
2026-03-13T14:37:16.000Z,55.3,12.7,9.4,OFF
2026-03-13T14:38:16.000Z,55.3,12.7,9.4,OFF
2026-03-13T14:39:16.000Z,55.2,12.7,9.4,OFF
2026-03-13T14:40:16.000Z,55.3,12.7,9.4,OFF
2026-03-13T14:41:16.000Z,55.3,12.7,9.4,OFF
2026-03-13T14:42:16.000Z,55.3,12.6,9.4,OFF
2026-03-13T14:43:16.000Z,55.3,12.8,9.4,OFF
2026-03-13T14:44:16.000Z,55.3,12.7,9.4,OFF
2026-03-13T14:45:16.000Z,55.3,12.8,9.4,OFF
2026-03-13T14:46:16.000Z,55.3,12.8,9.4,OFF
2026-03-13T14:47:16.000Z,55.3,12.7,9.4,OFF
2026-03-13T14:48:16.000Z,55.3,12.8,9.4,OFF
2026-03-13T14:49:16.000Z,55.3,12.7,9.5,OFF
2026-03-13T14:50:16.000Z,55.3,12.8,9.5,OFF
2026-03-13T14:51:16.000Z,55.2,12.8,9.5,OFF
2026-03-13T14:52:16.000Z,55.2,12.8,9.5,OFF
2026-03-13T14:53:16.000Z,55.2,12.8,9.5,OFF
2026-03-13T14:54:16.000Z,55.3,12.9,9.5,OFF
2026-03-13T14:55:16.000Z,55.2,12.9,9.5,OFF
2026-03-13T14:56:16.000Z,55.3,12.7,9.5,OFF
2026-03-13T14:57:16.000Z,55.3,12.8,9.5,OFF
2026-03-13T14:58:16.000Z,55.2,12.8,9.5,OFF
2026-03-13T14:59:16.000Z,55.3,12.8,9.5,OFF
2026-03-13T15:00:16.000Z,55.3,12.8,9.2,OFF
2026-03-13T15:01:16.000Z,55.3,12.9,9.2,OFF
2026-03-13T15:02:16.000Z,55.3,12.8,9.2,OFF
2026-03-13T15:03:16.000Z,55.3,12.9,9.2,OFF
2026-03-13T15:04:16.000Z,55.3,12.9,9.2,OFF
2026-03-13T15:05:16.000Z,55.3,13,9.2,OFF
2026-03-13T15:06:16.000Z,55.3,13.1,9.2,OFF
2026-03-13T15:07:16.000Z,55.3,13.2,9.2,OFF
2026-03-13T15:08:16.000Z,55.2,12.9,9.2,OFF
2026-03-13T15:09:16.000Z,55.3,13,9.2,OFF
2026-03-13T15:10:16.000Z,55.3,12.9,9.2,OFF
2026-03-13T15:11:16.000Z,55.2,13,9.2,OFF
2026-03-13T15:12:16.000Z,55.3,12.8,9.2,OFF
2026-03-13T15:13:16.000Z,55.3,12.9,9.2,OFF
2026-03-13T15:14:16.000Z,55.3,12.9,9.2,OFF
2026-03-13T15:15:16.000Z,55.3,13,9.2,OFF
2026-03-13T15:16:16.000Z,55.3,13,9.2,OFF
2026-03-13T15:17:16.000Z,55.2,13,9.2,OFF
2026-03-13T15:18:16.000Z,55.2,12.9,8.9,OFF
2026-03-13T15:19:16.000Z,55.3,12.8,8.9,OFF
2026-03-13T15:20:16.000Z,55.2,12.8,8.9,OFF
2026-03-13T15:21:16.000Z,55.3,13,8.9,OFF
2026-03-13T15:22:16.000Z,55.3,12.9,8.9,OFF
2026-03-13T15:23:16.000Z,55.2,13,8.7,OFF
2026-03-13T15:24:16.000Z,55.3,13.1,8.7,OFF
2026-03-13T15:25:16.000Z,55.2,13.1,8.7,OFF
2026-03-13T15:26:16.000Z,55.2,13,8.7,OFF
2026-03-13T15:27:16.000Z,55.3,13,8.7,OFF
2026-03-13T15:28:16.000Z,55.3,13,8.7,OFF
2026-03-13T15:29:16.000Z,55.3,13,8.7,OFF
2026-03-13T15:30:16.000Z,55.3,13.1,8.7,OFF
2026-03-13T15:31:16.000Z,55.2,13,8.7,OFF
2026-03-13T15:32:16.000Z,55.3,13.1,8.1,OFF
2026-03-13T15:33:16.000Z,55.2,13.2,8.1,OFF
2026-03-13T15:34:16.000Z,55.3,13,8.1,OFF
2026-03-13T15:35:16.000Z,55.2,13,8.1,OFF
2026-03-13T15:36:16.000Z,55.2,13.1,8.1,OFF
2026-03-13T15:37:16.000Z,55.2,13.1,8.1,OFF
2026-03-13T15:38:16.000Z,55.2,13,8.1,OFF
2026-03-13T15:39:16.000Z,55.2,13.1,8.1,OFF
2026-03-13T15:40:16.000Z,55.2,13.1,8.1,OFF
2026-03-13T15:41:16.000Z,55.3,13.2,8.1,OFF
2026-03-13T15:42:16.000Z,55.2,13.2,8.1,OFF
2026-03-13T15:43:16.000Z,55.2,13.1,8.1,OFF
2026-03-13T15:44:16.000Z,55.2,13.1,8.1,OFF
2026-03-13T15:45:16.000Z,55.2,13.1,8.1,OFF
2026-03-13T15:46:16.000Z,55.2,13.1,8.1,OFF
2026-03-13T15:47:16.000Z,55.2,13.1,8.1,OFF
2026-03-13T15:48:16.000Z,55.3,13.1,8.1,OFF
2026-03-13T15:49:16.000Z,55.2,13.2,8.1,OFF
2026-03-13T15:50:16.000Z,55.3,13.1,8.1,OFF
2026-03-13T15:51:16.000Z,55.2,13.1,8.1,OFF
2026-03-13T15:52:16.000Z,55.2,13.2,8.1,OFF
2026-03-13T15:53:16.000Z,55.2,13.1,8.1,OFF
2026-03-13T15:54:16.000Z,55.2,13.1,8.1,OFF
2026-03-13T15:55:16.000Z,55.2,13.1,8.1,OFF
2026-03-13T15:56:16.000Z,55.2,13.1,7.9,OFF
2026-03-13T15:57:16.000Z,55.2,13.2,7.9,OFF
2026-03-13T15:58:16.000Z,55.2,13.1,7.9,OFF
2026-03-13T15:59:16.000Z,55.2,13.2,7.9,OFF
2026-03-13T16:00:16.000Z,55.2,13.1,7.9,OFF
2026-03-13T16:01:16.000Z,55.2,13.2,7.9,OFF
2026-03-13T16:02:16.000Z,55.2,13.2,7.9,OFF
2026-03-13T16:03:16.000Z,55.2,13.2,7.9,OFF
2026-03-13T16:04:16.000Z,55.2,13.2,7.9,OFF
2026-03-13T16:05:16.000Z,55.2,13.2,7.9,OFF
2026-03-13T16:06:16.000Z,55.2,13.2,7.9,OFF
2026-03-13T16:07:16.000Z,55.2,13.2,7.9,OFF
2026-03-13T16:08:16.000Z,55.2,13.1,7.9,OFF
2026-03-13T16:09:16.000Z,55.2,13.1,7.9,OFF
2026-03-13T16:10:16.000Z,55.2,13.2,7.9,OFF
2026-03-13T16:11:16.000Z,55.2,13.3,7.9,OFF
2026-03-13T16:12:16.000Z,55.2,13.2,7.9,OFF
2026-03-13T16:13:16.000Z,55.2,13.2,7.9,OFF
2026-03-13T16:14:16.000Z,55.2,13.2,7.7,OFF
2026-03-13T16:15:16.000Z,55.2,13.1,7.7,OFF
2026-03-13T16:16:16.000Z,55.2,13.1,7.7,OFF
2026-03-13T16:17:16.000Z,55.2,13.1,7.7,OFF
2026-03-13T16:18:16.000Z,55.2,13.2,7.7,OFF
2026-03-13T16:19:16.000Z,55.2,13.2,7.7,OFF
2026-03-13T16:20:16.000Z,55.2,13.3,7.7,OFF
2026-03-13T16:21:16.000Z,55.2,13.2,7.7,OFF
2026-03-13T16:22:16.000Z,55.2,13.3,7.7,OFF
2026-03-13T16:23:16.000Z,55.2,13.2,7.7,OFF
2026-03-13T16:24:16.000Z,55.3,13.2,7.7,OFF
2026-03-13T16:25:16.000Z,55.3,13.2,7.7,OFF
2026-03-13T16:26:16.000Z,55.2,13.1,7.7,OFF
2026-03-13T16:27:16.000Z,55.2,13.3,7.7,OFF
2026-03-13T16:28:16.000Z,55.2,13.2,7.7,OFF
2026-03-13T16:29:16.000Z,55.2,13.2,7.7,OFF
2026-03-13T16:30:16.000Z,55.2,13.2,7.7,OFF
2026-03-13T16:31:16.000Z,55.2,13.3,7.7,OFF
2026-03-13T16:32:16.000Z,55.2,13.2,7.7,OFF
2026-03-13T16:33:16.000Z,55.2,13.2,7.7,OFF
2026-03-13T16:34:16.000Z,55.2,13.2,7.7,OFF
2026-03-13T16:35:16.000Z,55.2,13.2,7.7,OFF
2026-03-13T16:36:16.000Z,55.2,13.2,7.8,OFF
2026-03-13T16:37:16.000Z,55.2,13.3,7.8,OFF
2026-03-13T16:38:16.000Z,55.2,13.2,7.8,OFF
2026-03-13T16:39:16.000Z,55.2,13.2,7.8,OFF
2026-03-13T16:40:16.000Z,55.3,13.3,7.8,OFF
2026-03-13T16:41:16.000Z,55.2,13.3,7.8,OFF
2026-03-13T16:42:16.000Z,55.2,13.3,7.8,OFF
2026-03-13T16:43:16.000Z,55.2,12,7.8,OFF
2026-03-13T16:44:16.000Z,55.3,11,7.8,OFF
2026-03-13T16:45:16.000Z,55.3,9,7.8,OFF
2026-03-13T16:46:16.000Z,55.5,8.5,7.8,OFF
2026-03-13T16:47:16.000Z,55.6,8.4,7.8,OFF
2026-03-13T16:48:16.000Z,55.6,7.8,7.8,OFF
2026-03-13T16:49:16.000Z,55.6,8.6,7.8,OFF
2026-03-13T16:50:16.000Z,55.6,8.5,7.8,OFF
2026-03-13T16:51:16.000Z,55.6,8.1,7.8,OFF
2026-03-13T16:52:16.000Z,55.7,8.5,7.8,OFF
2026-03-13T16:53:16.000Z,55.7,7.9,7.8,OFF
2026-03-13T16:54:16.000Z,55.7,7.8,7.8,OFF
2026-03-13T16:55:16.000Z,55.7,7.9,7.8,OFF
2026-03-13T16:56:16.000Z,55.7,7.9,7.8,OFF
2026-03-13T16:57:16.000Z,55.7,8.2,7.8,OFF
2026-03-13T16:58:16.000Z,55.7,8,7.8,OFF
2026-03-13T16:59:16.000Z,55.7,7.6,7.8,OFF
2026-03-13T17:00:16.000Z,55.7,7.9,7.8,OFF
2026-03-13T17:01:16.000Z,55.7,7.8,7.8,OFF
2026-03-13T17:02:16.000Z,55.8,8.1,7.8,OFF
2026-03-13T17:03:16.000Z,55.7,7.2,7.8,OFF
2026-03-13T17:04:16.000Z,55.8,7.7,7.8,OFF
2026-03-13T17:05:16.000Z,55.7,7.7,7.8,OFF
2026-03-13T17:06:16.000Z,55.7,7.9,7.8,OFF
2026-03-13T17:07:16.000Z,55.8,7.6,7.8,OFF
2026-03-13T17:08:16.000Z,55.8,7.6,7.8,OFF
2026-03-13T17:09:16.000Z,55.8,7.9,7.8,OFF
2026-03-13T17:10:16.000Z,55.8,8.3,7.8,OFF
2026-03-13T17:11:16.000Z,55.8,8.2,7.8,OFF
2026-03-13T17:12:16.000Z,55.8,8.2,7.8,OFF
2026-03-13T17:13:16.000Z,55.8,7.7,7.8,OFF
2026-03-13T17:14:16.000Z,55.8,7.9,7.8,OFF
2026-03-13T17:15:16.000Z,55.8,7.8,7.8,OFF
2026-03-13T17:16:16.000Z,55.8,7.4,7.8,OFF
2026-03-13T17:17:16.000Z,55.7,6.9,7.8,OFF
2026-03-13T17:18:16.000Z,55.7,7.5,7.8,OFF
2026-03-13T17:19:16.000Z,55.8,7.4,7.8,OFF
2026-03-13T17:20:16.000Z,55.8,7.6,7.8,OFF
2026-03-13T17:21:16.000Z,55.8,7.5,7.8,OFF
2026-03-13T17:22:16.000Z,55.8,7.3,7.8,OFF
2026-03-13T17:23:16.000Z,55.8,6.8,7.8,OFF
2026-03-13T17:24:16.000Z,55.8,6.9,7.8,OFF
2026-03-13T17:25:16.000Z,55.8,6.9,7.8,OFF
2026-03-13T17:26:16.000Z,55.8,6.8,7.8,OFF
2026-03-13T17:27:16.000Z,55.8,7.1,7.8,OFF
2026-03-13T17:28:16.000Z,55.8,7.5,7.8,OFF
2026-03-13T17:29:16.000Z,55.8,7.5,7.8,OFF
2026-03-13T17:30:16.000Z,55.8,7.3,7.8,OFF
2026-03-13T17:31:16.000Z,55.8,7.7,7.8,OFF
2026-03-13T17:32:16.000Z,55.8,7.5,7.8,OFF
2026-03-13T17:33:16.000Z,55.8,7.4,7.8,OFF
2026-03-13T17:34:16.000Z,55.8,8,7.8,OFF
2026-03-13T17:35:16.000Z,55.8,8.5,7.8,OFF
2026-03-13T17:36:16.000Z,55.7,9,7.8,OFF
2026-03-13T17:37:16.000Z,55.7,9.3,7.8,OFF
2026-03-13T17:38:16.000Z,55.7,9.6,7.8,OFF
2026-03-13T17:39:16.000Z,55.7,9.8,7.8,OFF
2026-03-13T17:40:16.000Z,55.7,9.8,7.8,OFF
2026-03-13T17:41:16.000Z,55.7,10,7.8,OFF
2026-03-13T17:42:16.000Z,55.6,10.2,7.8,OFF
2026-03-13T17:43:16.000Z,55.6,10.4,7.8,OFF
2026-03-13T17:44:16.000Z,55.6,10.5,7.8,OFF
2026-03-13T17:45:16.000Z,55.6,10.5,7.8,OFF
2026-03-13T17:46:16.000Z,55.6,10.8,7.8,OFF
2026-03-13T17:47:16.000Z,55.5,10.8,7.8,OFF
2026-03-13T17:48:16.000Z,55.6,11,7.8,OFF
2026-03-13T17:49:16.000Z,55.6,10.9,7.8,OFF
2026-03-13T17:50:16.000Z,55.5,11,7.8,OFF
2026-03-13T17:51:16.000Z,55.5,10.9,7.8,OFF
2026-03-13T17:52:16.000Z,55.5,11.1,7.8,OFF
2026-03-13T17:53:16.000Z,55.5,11.1,7.8,OFF
2026-03-13T17:54:16.000Z,55.5,10.9,7.8,OFF
2026-03-13T17:55:16.000Z,55.5,11.1,7.8,OFF
2026-03-13T17:56:16.000Z,55.5,10.9,7.8,OFF
2026-03-13T17:57:16.000Z,55.5,11.1,7.8,OFF
2026-03-13T17:58:16.000Z,55.5,11.2,7.8,OFF
2026-03-13T17:59:16.000Z,55.5,11.3,7.8,OFF
2026-03-13T18:00:16.000Z,55.5,11.4,7.8,OFF
2026-03-13T18:01:16.000Z,55.5,11.5,7.8,OFF
2026-03-13T18:02:16.000Z,55.5,11.4,7.8,OFF
2026-03-13T18:03:16.000Z,55.5,11.3,7.8,OFF
2026-03-13T18:04:16.000Z,55.4,11.4,7.8,OFF
2026-03-13T18:05:16.000Z,55.5,11.4,7.8,OFF
2026-03-13T18:06:16.000Z,55.4,11.3,7.8,OFF
2026-03-13T18:07:16.000Z,55.4,11.5,7.8,OFF
2026-03-13T18:08:16.000Z,55.4,11.5,7.8,OFF
2026-03-13T18:09:16.000Z,55.4,11.6,7.8,OFF
2026-03-13T18:10:16.000Z,55.4,11.5,7.8,OFF
2026-03-13T18:11:16.000Z,55.5,11.7,7.8,OFF
2026-03-13T18:12:16.000Z,55.4,11.5,7.8,OFF
2026-03-13T18:13:16.000Z,55.5,12,7.8,OFF
2026-03-13T18:14:16.000Z,55.4,11.8,7.8,OFF
2026-03-13T18:15:16.000Z,55.4,11.6,7.8,OFF
2026-03-13T18:16:16.000Z,55.4,11.5,7.2,OFF
2026-03-13T18:17:16.000Z,55.4,11.6,7.2,OFF
2026-03-13T18:18:16.000Z,55.4,11.7,7.2,OFF
2026-03-13T18:19:16.000Z,55.4,11.8,7.2,OFF
2026-03-13T18:20:16.000Z,55.4,11.8,7.2,OFF
2026-03-13T18:21:16.000Z,55.4,11.7,7.2,OFF
2026-03-13T18:22:16.000Z,55.4,11.7,7.2,OFF
2026-03-13T18:23:16.000Z,55.4,11.7,7.2,OFF
2026-03-13T18:24:16.000Z,55.4,11.8,7.2,OFF
2026-03-13T18:25:16.000Z,55.4,11.8,7.2,OFF
2026-03-13T18:26:16.000Z,55.4,11.8,7,OFF
2026-03-13T18:27:16.000Z,55.4,11.7,6.9,OFF
2026-03-13T18:28:16.000Z,55.4,11.7,6.9,OFF
2026-03-13T18:29:16.000Z,55.4,11.7,6.9,OFF
2026-03-13T18:30:16.000Z,55.4,11.7,6.9,OFF
2026-03-13T18:31:16.000Z,55.4,11.8,6.9,OFF
2026-03-13T18:32:16.000Z,55.4,11.8,6.9,OFF
2026-03-13T18:33:16.000Z,55.4,11.8,6.9,OFF
2026-03-13T18:34:16.000Z,55.4,11.8,6.9,OFF
2026-03-13T18:35:16.000Z,55.3,11.7,6.9,OFF
2026-03-13T18:36:16.000Z,55.4,11.8,6.9,OFF
2026-03-13T18:37:16.000Z,55.4,11.8,6.9,OFF
2026-03-13T18:38:16.000Z,55.3,11.8,6.8,OFF
2026-03-13T18:39:16.000Z,55.4,11.9,6.8,OFF
2026-03-13T18:40:16.000Z,55.3,11.9,6.8,OFF
2026-03-13T18:41:16.000Z,55.4,11.9,6.8,OFF
2026-03-13T18:42:16.000Z,55.4,11.9,6.8,OFF
2026-03-13T18:43:16.000Z,55.4,11.9,6.8,OFF
2026-03-13T18:44:16.000Z,55.4,11.8,6.8,OFF
2026-03-13T18:45:16.000Z,55.4,11.9,6.8,OFF
2026-03-13T18:46:16.000Z,55.3,12,6.8,OFF
2026-03-13T18:47:16.000Z,55.3,11.9,6.8,OFF
2026-03-13T18:48:16.000Z,55.3,11.9,6.8,OFF
2026-03-13T18:49:16.000Z,55.4,12,6.8,OFF
2026-03-13T18:50:16.000Z,55.4,12,6.8,OFF
2026-03-13T18:51:16.000Z,55.3,12.1,6.8,OFF
2026-03-13T18:52:16.000Z,55.4,12.1,6.8,OFF
2026-03-13T18:53:16.000Z,55.3,12.2,6.8,OFF
2026-03-13T18:54:16.000Z,55.3,12,6.8,OFF
2026-03-13T18:55:16.000Z,55.3,12,6.8,OFF
2026-03-13T18:56:16.000Z,55.3,12.2,6.8,OFF
2026-03-13T18:57:16.000Z,55.3,11.9,6.8,OFF
2026-03-13T18:58:16.000Z,55.3,11.9,6.8,OFF
2026-03-13T18:59:16.000Z,55.3,12.1,6.8,OFF
2026-03-13T19:00:16.000Z,55.3,12.1,6.5,OFF
2026-03-13T19:01:16.000Z,55.3,12.1,6.5,OFF
2026-03-13T19:02:16.000Z,55.3,12.1,6.5,OFF
2026-03-13T19:03:16.000Z,55.3,12.1,6.5,OFF
2026-03-13T19:04:16.000Z,55.3,12.1,6.5,OFF
2026-03-13T19:05:16.000Z,55.3,12.1,6.5,OFF
2026-03-13T19:06:16.000Z,55.3,12,6.5,OFF
2026-03-13T19:07:16.000Z,55.4,12.1,6.1,OFF
2026-03-13T19:08:16.000Z,55.4,12.1,6.1,OFF
2026-03-13T19:09:16.000Z,55.4,12.1,6.1,OFF
2026-03-13T19:10:16.000Z,55.3,12.1,6.1,OFF
2026-03-13T19:11:16.000Z,55.3,12.1,6.1,OFF
2026-03-13T19:12:16.000Z,55.4,12.1,6.1,OFF
2026-03-13T19:13:16.000Z,55.4,12.2,6.1,OFF
2026-03-13T19:14:16.000Z,55.4,12.3,6.1,OFF
2026-03-13T19:15:16.000Z,55.3,12.1,6.1,OFF
2026-03-13T19:16:16.000Z,55.3,12,6.1,OFF
2026-03-13T19:17:16.000Z,55.4,12,6.1,OFF
2026-03-13T19:18:16.000Z,55.4,12,6.1,OFF
2026-03-13T19:19:16.000Z,55.4,12,6.1,OFF
2026-03-13T19:20:16.000Z,55.4,12.1,6.1,OFF
2026-03-13T19:21:16.000Z,55.4,12.1,6.1,OFF
2026-03-13T19:22:16.000Z,55.5,12.1,6.1,OFF
2026-03-13T19:23:16.000Z,55.4,12,6.1,OFF
2026-03-13T19:24:16.000Z,55.4,12,6.1,OFF
2026-03-13T19:25:16.000Z,55.4,12.1,6.1,OFF
2026-03-13T19:26:16.000Z,55.5,12.2,6.1,OFF
2026-03-13T19:27:16.000Z,55.4,12,6.1,OFF
2026-03-13T19:28:16.000Z,55.4,12,6.1,OFF
2026-03-13T19:29:16.000Z,55.4,12.1,5.9,OFF
2026-03-13T19:30:16.000Z,55.5,12.1,5.9,OFF
2026-03-13T19:31:16.000Z,55.4,12.1,5.9,OFF
2026-03-13T19:32:16.000Z,55.4,12.1,5.9,OFF
2026-03-13T19:33:16.000Z,55.4,12.2,5.9,OFF
2026-03-13T19:34:16.000Z,55.4,12.1,5.9,OFF
2026-03-13T19:35:16.000Z,55.4,12.1,5.9,OFF
2026-03-13T19:36:16.000Z,55.4,12.1,5.9,OFF
2026-03-13T19:37:16.000Z,55.4,12,5.9,OFF
2026-03-13T19:38:16.000Z,55.4,12.1,5.9,OFF
2026-03-13T19:39:16.000Z,55.5,12.1,5.9,OFF
2026-03-13T19:40:16.000Z,55.4,12,5.9,OFF
2026-03-13T19:41:16.000Z,55.5,12.1,5.9,OFF
2026-03-13T19:42:16.000Z,55.4,12.1,5.9,OFF
2026-03-13T19:43:16.000Z,55.4,12.1,5.8,OFF
2026-03-13T19:44:16.000Z,55.5,12.2,5.8,OFF
2026-03-13T19:45:16.000Z,55.4,12.1,5.8,OFF
2026-03-13T19:46:16.000Z,55.5,12.2,5.8,OFF
2026-03-13T19:47:16.000Z,55.5,12.2,5.6,OFF
2026-03-13T19:48:16.000Z,55.4,12.1,5.6,OFF
2026-03-13T19:49:16.000Z,55.5,12.1,5.6,OFF
2026-03-13T19:50:16.000Z,55.4,12.1,5.6,OFF
2026-03-13T19:51:16.000Z,55.5,12.1,5.6,OFF
2026-03-13T19:52:16.000Z,55.5,12.1,5.6,OFF
2026-03-13T19:53:16.000Z,55.4,12.1,5.6,OFF
2026-03-13T19:54:16.000Z,55.5,12.4,5.6,OFF
2026-03-13T19:55:16.000Z,55.5,12.1,5.6,OFF
2026-03-13T19:56:16.000Z,55.5,12.2,5.6,OFF
2026-03-13T19:57:16.000Z,55.5,12.1,5.6,OFF
2026-03-13T19:58:16.000Z,55.5,12.2,5.5,OFF
2026-03-13T19:59:16.000Z,55.5,12.2,5.5,OFF
2026-03-13T20:00:16.000Z,55.5,12.2,5.5,OFF
2026-03-13T20:01:16.000Z,55.5,12,5.5,OFF
2026-03-13T20:02:16.000Z,55.5,12.1,5.4,OFF
2026-03-13T20:03:16.000Z,55.5,12,5.4,OFF
2026-03-13T20:04:16.000Z,55.5,12.1,5.4,OFF
2026-03-13T20:05:16.000Z,55.4,12.1,5.4,OFF
2026-03-13T20:06:16.000Z,55.5,12.1,5.4,OFF
2026-03-13T20:07:16.000Z,55.5,12.3,5.4,OFF
2026-03-13T20:08:16.000Z,55.5,12.2,5.4,OFF
2026-03-13T20:09:16.000Z,55.4,12.1,5.4,OFF
2026-03-13T20:10:16.000Z,55.5,12,5.4,OFF
2026-03-13T20:11:16.000Z,55.4,12.2,5.4,OFF
2026-03-13T20:12:16.000Z,55.5,12.1,5.4,OFF
2026-03-13T20:13:16.000Z,55.5,12.1,5.4,OFF
2026-03-13T20:14:16.000Z,55.5,12.1,5.4,OFF
2026-03-13T20:15:16.000Z,55.5,12.2,5.4,OFF
2026-03-13T20:16:16.000Z,55.4,12.3,5.4,OFF
2026-03-13T20:17:16.000Z,55.5,12.2,5.4,OFF
2026-03-13T20:18:16.000Z,55.5,12.2,5.4,OFF
2026-03-13T20:19:16.000Z,55.5,12.3,5.4,OFF
2026-03-13T20:20:16.000Z,55.5,12.3,5.4,OFF
2026-03-13T20:21:16.000Z,55.5,12.1,5.4,OFF
2026-03-13T20:22:16.000Z,55.5,12.1,5.4,OFF
2026-03-13T20:23:16.000Z,55.4,12,5.4,OFF
2026-03-13T20:24:16.000Z,55.5,12.1,5.4,OFF
2026-03-13T20:25:16.000Z,55.5,12,5.4,OFF
2026-03-13T20:26:16.000Z,55.5,12.1,5.4,OFF
2026-03-13T20:27:16.000Z,55.5,12.2,5.4,OFF
2026-03-13T20:28:16.000Z,55.4,12.1,5.4,OFF
2026-03-13T20:29:16.000Z,55.5,12.2,5.4,OFF
2026-03-13T20:30:16.000Z,55.4,12.2,5.4,OFF
2026-03-13T20:31:16.000Z,55.5,12.1,5.4,OFF
2026-03-13T20:32:16.000Z,55.5,12.2,5.4,OFF
2026-03-13T20:33:16.000Z,55.5,12.1,5.4,OFF
2026-03-13T20:34:16.000Z,55.5,12.2,5.4,OFF
2026-03-13T20:35:16.000Z,55.5,12.3,5.4,OFF
2026-03-13T20:36:16.000Z,55.5,12.3,5.4,OFF
2026-03-13T20:37:16.000Z,55.5,12.1,5.4,OFF
2026-03-13T20:38:16.000Z,55.5,12.2,5.4,OFF
2026-03-13T20:39:16.000Z,55.5,12,5.4,OFF
2026-03-13T20:40:16.000Z,55.5,12,5.4,OFF
2026-03-13T20:41:16.000Z,55.4,12.1,5.4,OFF
2026-03-13T20:42:16.000Z,55.5,12.1,5.4,OFF
2026-03-13T20:43:16.000Z,55.5,12.1,5.4,OFF
2026-03-13T20:44:16.000Z,55.5,12,5.4,OFF
2026-03-13T20:45:16.000Z,55.5,11.7,5.4,OFF
2026-03-13T20:46:16.000Z,55.5,11.8,5.4,OFF
2026-03-13T20:47:16.000Z,55.5,11.9,5.4,OFF
2026-03-13T20:48:16.000Z,55.5,11.9,5.4,OFF
2026-03-13T20:49:16.000Z,55.5,11.9,5.4,OFF
2026-03-13T20:50:16.000Z,55.6,11.9,5.4,OFF
2026-03-13T20:51:16.000Z,55.6,12,5.4,OFF
2026-03-13T20:52:16.000Z,55.5,11.9,5.4,OFF
2026-03-13T20:53:16.000Z,55.5,12,5.4,OFF
2026-03-13T20:54:16.000Z,55.5,12.1,5.4,OFF
2026-03-13T20:55:16.000Z,55.5,12.1,5.4,OFF
2026-03-13T20:56:16.000Z,55.5,11.9,5.2,OFF
2026-03-13T20:57:16.000Z,55.5,12,5.2,OFF
2026-03-13T20:58:16.000Z,55.5,11.9,5.2,OFF
2026-03-13T20:59:16.000Z,55.5,12,5.2,OFF
2026-03-13T21:00:16.000Z,55.5,12.1,5.2,OFF
2026-03-13T21:01:16.000Z,55.5,12.1,5.2,OFF
2026-03-13T21:02:16.000Z,55.5,12.1,5.2,OFF
2026-03-13T21:03:16.000Z,55.5,12.2,5.2,OFF
2026-03-13T21:04:16.000Z,55.5,12.1,5.2,OFF
2026-03-13T21:05:16.000Z,55.5,12.2,5.2,OFF
2026-03-13T21:06:16.000Z,55.5,12.2,5.2,OFF
2026-03-13T21:07:16.000Z,55.5,12.1,5,OFF
2026-03-13T21:08:16.000Z,55.5,12,5,OFF
2026-03-13T21:09:16.000Z,55.5,12.1,5,OFF
2026-03-13T21:10:16.000Z,55.5,12,5,OFF
2026-03-13T21:11:16.000Z,55.5,12.1,5,OFF
2026-03-13T21:12:16.000Z,55.5,12.2,5,OFF
2026-03-13T21:13:16.000Z,55.5,12.1,5,OFF
2026-03-13T21:14:16.000Z,55.5,11.9,5,OFF
2026-03-13T21:15:16.000Z,55.5,12.1,5,OFF
2026-03-13T21:16:16.000Z,55.5,11.9,5,OFF
2026-03-13T21:17:16.000Z,55.5,12,5,OFF
2026-03-13T21:18:16.000Z,55.5,12,5,OFF
2026-03-13T21:19:16.000Z,55.6,12,5,OFF
2026-03-13T21:20:16.000Z,55.5,12,5,OFF
2026-03-13T21:21:16.000Z,55.6,12,5,OFF
2026-03-13T21:22:16.000Z,55.5,12,5,OFF
2026-03-13T21:23:16.000Z,55.5,11.9,5,OFF
2026-03-13T21:24:16.000Z,55.5,11.9,5,OFF
2026-03-13T21:25:16.000Z,55.5,11.9,5,OFF
2026-03-13T21:26:16.000Z,55.5,11.9,5,OFF
2026-03-13T21:27:16.000Z,55.6,11.9,5,OFF
2026-03-13T21:28:16.000Z,55.6,11.9,5,OFF
2026-03-13T21:29:16.000Z,55.6,11.9,5,OFF
2026-03-13T21:30:16.000Z,55.5,11.9,4.8,OFF
2026-03-13T21:31:16.000Z,55.6,11.9,4.8,OFF
2026-03-13T21:32:16.000Z,55.5,11.9,4.8,OFF
2026-03-13T21:33:16.000Z,55.5,12,4.8,OFF
2026-03-13T21:34:16.000Z,55.5,12,4.8,OFF
2026-03-13T21:35:16.000Z,55.6,12.1,4.8,OFF
2026-03-13T21:36:16.000Z,55.5,12,4.8,OFF
2026-03-13T21:37:16.000Z,55.5,11.8,4.8,OFF
2026-03-13T21:38:16.000Z,55.5,11.9,4.8,OFF
2026-03-13T21:39:16.000Z,55.5,11.7,4.8,OFF
2026-03-13T21:40:16.000Z,55.5,12,4.8,OFF
2026-03-13T21:41:16.000Z,55.6,11.9,4.8,OFF
2026-03-13T21:42:16.000Z,55.5,12,4.8,OFF
2026-03-13T21:43:16.000Z,55.5,12,4.8,OFF
2026-03-13T21:44:16.000Z,55.5,11.8,4.8,OFF
2026-03-13T21:45:16.000Z,55.5,11.7,4.8,OFF
2026-03-13T21:46:16.000Z,55.5,11.9,4.8,OFF
2026-03-13T21:47:16.000Z,55.5,11.9,4.8,OFF
2026-03-13T21:48:16.000Z,55.6,11.9,4.8,OFF
2026-03-13T21:49:16.000Z,55.6,12,4.8,OFF
2026-03-13T21:50:16.000Z,55.5,11.9,4.8,OFF
2026-03-13T21:51:16.000Z,55.6,11.9,4.8,OFF
2026-03-13T21:52:16.000Z,55.5,11.9,4.2,OFF
2026-03-13T21:53:16.000Z,55.6,11.9,4.2,OFF
2026-03-13T21:54:16.000Z,55.5,11.8,4.2,OFF
2026-03-13T21:55:16.000Z,55.5,11.8,4.2,OFF
2026-03-13T21:56:16.000Z,55.6,11.8,4.2,OFF
2026-03-13T21:57:16.000Z,55.6,11.8,4.2,OFF
2026-03-13T21:58:16.000Z,55.6,11.8,4.2,OFF
2026-03-13T21:59:16.000Z,55.5,11.9,4.2,OFF
2026-03-13T22:00:16.000Z,55.5,11.9,4.2,OFF
2026-03-13T22:01:16.000Z,55.6,11.7,4.2,OFF
2026-03-13T22:02:16.000Z,55.5,11.9,4.2,OFF
2026-03-13T22:03:16.000Z,55.5,11.8,4.1,OFF
2026-03-13T22:04:16.000Z,55.6,12,4.1,OFF
2026-03-13T22:05:16.000Z,55.6,11.9,4.1,OFF
2026-03-13T22:06:16.000Z,55.6,11.9,4.1,OFF
2026-03-13T22:07:16.000Z,55.6,11.9,4.1,OFF
2026-03-13T22:08:16.000Z,55.6,11.8,4.1,OFF
2026-03-13T22:09:16.000Z,55.6,11.8,4.1,OFF
2026-03-13T22:10:16.000Z,55.5,11.8,4.1,OFF
2026-03-13T22:11:16.000Z,55.6,11.8,4.1,OFF
2026-03-13T22:12:16.000Z,55.6,11.8,4.1,OFF
2026-03-13T22:13:16.000Z,55.6,11.7,4.1,OFF
2026-03-13T22:14:16.000Z,55.6,11.6,4.3,OFF
2026-03-13T22:15:16.000Z,55.6,11.7,4.3,OFF
2026-03-13T22:16:16.000Z,55.6,12,4.3,OFF
2026-03-13T22:17:16.000Z,55.6,11.7,4.3,OFF
2026-03-13T22:18:16.000Z,55.6,11.7,4.3,OFF
2026-03-13T22:19:16.000Z,55.6,11.8,4.3,OFF
2026-03-13T22:20:16.000Z,55.5,11.8,4.3,OFF
2026-03-13T22:21:16.000Z,55.6,11.7,4.3,OFF
2026-03-13T22:22:16.000Z,55.6,11.8,4.3,OFF
2026-03-13T22:23:16.000Z,55.5,11.7,4.3,OFF
2026-03-13T22:24:16.000Z,55.6,11.8,4.3,OFF
2026-03-13T22:25:16.000Z,55.6,11.7,4.3,OFF
2026-03-13T22:26:16.000Z,55.6,11.6,4.3,OFF
2026-03-13T22:27:16.000Z,55.6,11.6,4.3,OFF
2026-03-13T22:28:16.000Z,55.6,11.5,4.3,OFF
2026-03-13T22:29:16.000Z,55.6,11.6,4.3,OFF
2026-03-13T22:30:16.000Z,55.6,11.6,4.3,OFF
2026-03-13T22:31:16.000Z,55.6,11.6,4.3,OFF
2026-03-13T22:32:16.000Z,55.6,11.6,4.2,OFF
2026-03-13T22:33:16.000Z,55.6,11.6,4.2,OFF
2026-03-13T22:34:16.000Z,55.6,11.6,4.2,OFF
2026-03-13T22:35:16.000Z,55.6,11.6,4.2,OFF
2026-03-13T22:36:16.000Z,55.6,11.5,4.2,OFF
2026-03-13T22:37:16.000Z,55.6,11.5,4.2,OFF
2026-03-13T22:38:16.000Z,55.6,11.5,4.2,OFF
2026-03-13T22:39:16.000Z,55.6,11.6,4.2,OFF
2026-03-13T22:40:16.000Z,55.6,11.6,4.2,OFF
2026-03-13T22:41:16.000Z,55.6,11.7,4.2,OFF
2026-03-13T22:42:16.000Z,55.6,11.6,4.2,OFF
2026-03-13T22:43:16.000Z,55.6,11.7,4.2,OFF
2026-03-13T22:44:16.000Z,55.6,11.6,4.1,OFF
2026-03-13T22:45:16.000Z,55.6,11.5,4.1,OFF
2026-03-13T22:46:16.000Z,55.6,11.6,4.1,OFF
2026-03-13T22:47:16.000Z,55.6,11.5,4.1,OFF
2026-03-13T22:48:16.000Z,55.6,11.5,4.1,OFF
2026-03-13T22:49:16.000Z,55.6,11.5,4.1,OFF
2026-03-13T22:50:16.000Z,55.6,11.6,4.1,OFF
2026-03-13T22:51:16.000Z,55.6,11.6,4.1,OFF
2026-03-13T22:52:16.000Z,55.6,11.6,4.1,OFF
2026-03-13T22:53:16.000Z,55.6,11.6,4.1,OFF
2026-03-13T22:54:16.000Z,55.6,11.6,4.1,OFF
2026-03-13T22:55:16.000Z,55.6,11.6,3.5,OFF
2026-03-13T22:56:16.000Z,55.6,11.5,3.5,OFF
2026-03-13T22:57:16.000Z,55.6,11.6,3.5,OFF
2026-03-13T22:58:16.000Z,55.6,11.5,3.5,OFF
2026-03-13T22:59:16.000Z,55.6,11.6,3.5,OFF
2026-03-13T23:00:16.000Z,55.6,11.5,3.5,OFF
2026-03-13T23:01:16.000Z,55.5,11.3,3.5,OFF
2026-03-13T23:02:16.000Z,55.6,11.4,3.5,OFF
2026-03-13T23:03:16.000Z,55.6,11.4,3.5,OFF
2026-03-13T23:04:16.000Z,55.6,11.4,3.5,OFF
2026-03-13T23:05:16.000Z,55.6,11.4,3.5,OFF
2026-03-13T23:06:16.000Z,55.6,11.4,3.5,OFF
2026-03-13T23:07:16.000Z,55.6,11.5,3.5,OFF
2026-03-13T23:08:16.000Z,55.6,11.4,3.5,OFF
2026-03-13T23:09:16.000Z,55.6,11.4,3.5,OFF
2026-03-13T23:10:16.000Z,55.6,11.4,3.5,OFF
2026-03-13T23:11:16.000Z,55.6,11.3,3.5,OFF
2026-03-13T23:12:16.000Z,55.6,11.4,3.5,OFF
2026-03-13T23:13:16.000Z,55.6,11.4,3.5,OFF
2026-03-13T23:14:16.000Z,55.6,11.5,3.5,OFF
2026-03-13T23:15:16.000Z,55.6,11.4,3.5,OFF
2026-03-13T23:16:16.000Z,55.6,11.4,3.5,OFF
2026-03-13T23:17:16.000Z,55.6,11.3,3.5,OFF
2026-03-13T23:18:16.000Z,55.6,11.4,3.5,OFF
2026-03-13T23:19:16.000Z,55.6,11.4,3.5,OFF
2026-03-13T23:20:16.000Z,55.6,11.4,3.5,OFF
2026-03-13T23:21:16.000Z,55.6,11.4,3.5,OFF
2026-03-13T23:22:16.000Z,55.5,11.3,3.5,OFF
2026-03-13T23:23:16.000Z,55.6,11.4,3.5,OFF
2026-03-13T23:24:16.000Z,55.6,11.4,3.5,OFF
2026-03-13T23:25:16.000Z,55.5,11.4,3.5,OFF
2026-03-13T23:26:16.000Z,55.6,11.4,3.6,OFF
2026-03-13T23:27:16.000Z,55.6,11.5,3.6,OFF
2026-03-13T23:28:16.000Z,55.6,11.5,3.6,OFF
2026-03-13T23:29:16.000Z,55.5,11.4,3.6,OFF
2026-03-13T23:30:16.000Z,55.6,11.4,3.6,OFF
2026-03-13T23:31:16.000Z,55.6,11.4,3.6,OFF
2026-03-13T23:32:16.000Z,55.6,11.3,3.6,OFF
2026-03-13T23:33:16.000Z,55.6,11.3,3.6,OFF
2026-03-13T23:34:16.000Z,55.6,11.3,3.6,OFF
2026-03-13T23:35:16.000Z,55.6,11.4,3.6,OFF
2026-03-13T23:36:16.000Z,55.6,11.4,3.6,OFF
2026-03-13T23:37:16.000Z,55.6,11.6,3.4,OFF
2026-03-13T23:38:16.000Z,55.6,11.5,3.4,OFF
2026-03-13T23:39:16.000Z,55.6,11.5,3.4,OFF
2026-03-13T23:40:16.000Z,55.5,11.3,3.4,OFF
2026-03-13T23:41:16.000Z,55.6,11.3,3.4,OFF
2026-03-13T23:42:16.000Z,55.6,11.2,3.3,OFF
2026-03-13T23:43:16.000Z,55.6,11.3,3.3,OFF
2026-03-13T23:44:16.000Z,55.6,11.4,3.3,OFF
2026-03-13T23:45:16.000Z,55.6,11.2,3.3,OFF
2026-03-13T23:46:16.000Z,55.6,11.4,3.3,OFF
2026-03-13T23:47:16.000Z,55.6,11.4,3.3,OFF
2026-03-13T23:48:16.000Z,55.6,11.3,3.3,OFF
2026-03-13T23:49:16.000Z,55.6,11.3,3.3,OFF
2026-03-13T23:50:16.000Z,55.5,11.5,3.3,OFF
2026-03-13T23:51:16.000Z,55.6,11.5,3.3,OFF
2026-03-13T23:52:16.000Z,55.5,11.5,3.3,OFF
2026-03-13T23:53:16.000Z,55.5,11.5,3.3,OFF
2026-03-13T23:54:16.000Z,55.5,11.6,3.3,OFF
2026-03-13T23:55:16.000Z,55.6,11.6,3.3,OFF
2026-03-13T23:56:16.000Z,55.6,11.5,3.3,OFF
2026-03-13T23:57:16.000Z,55.5,11.5,3.3,OFF
2026-03-13T23:58:16.000Z,55.5,11.2,3.3,OFF
2026-03-13T23:59:16.000Z,55.6,11.4,3.3,OFF
2026-03-14T00:00:16.000Z,55.5,11.4,3.3,OFF
2026-03-14T00:01:16.000Z,55.5,11.5,3.3,OFF
2026-03-14T00:02:16.000Z,55.5,11.4,3.3,OFF
2026-03-14T00:03:16.000Z,55.5,11.4,3.3,OFF
2026-03-14T00:04:16.000Z,55.5,11.5,3.3,OFF
2026-03-14T00:05:16.000Z,55.5,11.6,3.3,OFF
2026-03-14T00:06:16.000Z,55.5,11.6,3.3,OFF
2026-03-14T00:07:16.000Z,55.5,11.7,3.3,OFF
2026-03-14T00:08:16.000Z,55.5,11.7,3.3,OFF
2026-03-14T00:09:16.000Z,55.5,11.7,3.3,OFF
2026-03-14T00:10:16.000Z,55.5,11.6,3.3,OFF
2026-03-14T00:11:16.000Z,55.5,11.6,3.3,OFF
2026-03-14T00:12:16.000Z,55.5,11.7,3.3,OFF
2026-03-14T00:13:16.000Z,55.5,11.6,3.3,OFF
2026-03-14T00:14:16.000Z,55.5,11.5,3.3,OFF
2026-03-14T00:15:16.000Z,55.5,11.7,3.3,OFF
2026-03-14T00:16:16.000Z,55.5,11.6,3.3,OFF
2026-03-14T00:17:16.000Z,55.5,11.5,3.3,OFF
2026-03-14T00:18:16.000Z,55.5,11.6,3.3,OFF
2026-03-14T00:19:16.000Z,55.5,11.5,3.3,OFF
2026-03-14T00:20:16.000Z,55.5,11.5,2.9,OFF
2026-03-14T00:21:16.000Z,55.5,11.6,2.9,OFF
2026-03-14T00:22:16.000Z,55.5,11.6,2.9,OFF
2026-03-14T00:23:16.000Z,55.5,11.6,2.9,OFF
2026-03-14T00:24:16.000Z,55.5,11.5,2.9,OFF
2026-03-14T00:25:16.000Z,55.5,11.5,2.9,OFF
2026-03-14T00:26:16.000Z,55.5,11.5,2.9,OFF
2026-03-14T00:27:16.000Z,55.5,11.4,2.9,OFF
2026-03-14T00:28:16.000Z,55.5,11.5,2.9,OFF
2026-03-14T00:29:16.000Z,55.5,11.5,2.9,OFF
2026-03-14T00:30:16.000Z,55.5,11.6,2.9,OFF
2026-03-14T00:31:16.000Z,55.6,11.6,2.9,OFF
2026-03-14T00:32:16.000Z,55.6,11.6,2.9,OFF
2026-03-14T00:33:16.000Z,55.5,11.6,2.9,OFF
2026-03-14T00:34:16.000Z,55.5,11.8,2.9,OFF
2026-03-14T00:35:16.000Z,55.5,11.6,2.9,OFF
2026-03-14T00:36:16.000Z,55.5,11.6,2.9,OFF
2026-03-14T00:37:16.000Z,55.5,11.5,2.9,OFF
2026-03-14T00:38:16.000Z,55.5,11.7,2.9,OFF
2026-03-14T00:39:16.000Z,55.5,11.6,2.9,OFF
2026-03-14T00:40:16.000Z,55.5,11.6,2.9,OFF
2026-03-14T00:41:16.000Z,55.5,11.7,2.9,OFF
2026-03-14T00:42:16.000Z,55.4,11.8,2.9,OFF
2026-03-14T00:43:16.000Z,55.5,11.8,2.9,OFF
2026-03-14T00:44:16.000Z,55.5,11.7,2.9,OFF
2026-03-14T00:45:16.000Z,55.5,11.7,2.9,OFF
2026-03-14T00:46:16.000Z,55.5,11.8,2.9,OFF
2026-03-14T00:47:16.000Z,55.5,11.7,2.9,OFF
2026-03-14T00:48:16.000Z,55.5,11.7,2.9,OFF
2026-03-14T00:49:16.000Z,55.5,11.5,2.9,OFF
2026-03-14T00:50:16.000Z,55.5,11.6,2.9,OFF
2026-03-14T00:51:16.000Z,55.5,11.6,2.9,OFF
2026-03-14T00:52:16.000Z,55.5,11.6,2.9,OFF
2026-03-14T00:53:16.000Z,55.5,11.6,2.9,OFF
2026-03-14T00:54:16.000Z,55.5,11.6,2.9,OFF
2026-03-14T00:55:16.000Z,55.5,11.7,2.9,OFF
2026-03-14T00:56:16.000Z,55.5,11.7,2.9,OFF
2026-03-14T00:57:16.000Z,55.5,11.7,2.7,OFF
2026-03-14T00:58:16.000Z,55.5,11.8,2.7,OFF
2026-03-14T00:59:16.000Z,55.5,11.8,2.7,OFF
2026-03-14T01:00:16.000Z,55.5,11.8,2.7,OFF
2026-03-14T01:01:16.000Z,55.5,11.7,2.7,OFF
2026-03-14T01:02:16.000Z,55.5,11.6,2.7,OFF
2026-03-14T01:03:16.000Z,55.5,11.7,2.7,OFF
2026-03-14T01:04:16.000Z,55.5,11.7,2.7,OFF
2026-03-14T01:05:16.000Z,55.5,11.7,2.7,OFF
2026-03-14T01:06:16.000Z,55.5,11.7,2.7,OFF
2026-03-14T01:07:16.000Z,55.5,11.8,2.7,OFF
2026-03-14T01:08:16.000Z,55.5,11.8,2.7,OFF
2026-03-14T01:09:16.000Z,55.5,11.8,2.7,OFF
2026-03-14T01:10:16.000Z,55.5,11.7,2.7,OFF
2026-03-14T01:11:16.000Z,55.5,12,2.7,OFF
2026-03-14T01:12:16.000Z,55.6,11.9,2.7,OFF
2026-03-14T01:13:16.000Z,55.5,11.7,2.7,OFF
2026-03-14T01:14:16.000Z,55.5,11.8,2.7,OFF
2026-03-14T01:15:16.000Z,55.5,11.9,2.7,OFF
2026-03-14T01:16:16.000Z,55.5,11.8,2.7,OFF
2026-03-14T01:17:16.000Z,55.4,11.7,2.7,OFF
2026-03-14T01:18:16.000Z,55.5,11.7,2.7,OFF
2026-03-14T01:19:16.000Z,55.5,11.7,2.7,OFF
2026-03-14T01:20:16.000Z,55.5,11.8,2.7,OFF
2026-03-14T01:21:16.000Z,55.5,11.8,2.7,OFF
2026-03-14T01:22:16.000Z,55.5,11.9,2.7,OFF
2026-03-14T01:23:16.000Z,55.5,11.8,2.7,OFF
2026-03-14T01:24:16.000Z,55.5,11.9,2.7,OFF
2026-03-14T01:25:16.000Z,55.5,11.6,2.7,OFF
2026-03-14T01:26:16.000Z,55.5,11.7,2.3,OFF
2026-03-14T01:27:16.000Z,55.5,11.7,2.3,OFF
2026-03-14T01:28:16.000Z,55.5,11.7,2.3,OFF
2026-03-14T01:29:16.000Z,55.5,11.8,2.3,OFF
2026-03-14T01:30:16.000Z,55.5,11.7,2.3,OFF
2026-03-14T01:31:16.000Z,55.5,11.8,2.3,OFF
2026-03-14T01:32:16.000Z,55.5,11.8,2.3,OFF
2026-03-14T01:33:16.000Z,55.5,11.7,2.3,OFF
2026-03-14T01:34:16.000Z,55.5,11.7,2.3,OFF
2026-03-14T01:35:16.000Z,55.5,11.7,2.3,OFF
2026-03-14T01:36:16.000Z,55.5,11.8,2.3,OFF
2026-03-14T01:37:16.000Z,55.5,11.8,2.3,OFF
2026-03-14T01:38:16.000Z,55.5,11.8,2.3,OFF
2026-03-14T01:39:16.000Z,55.5,11.8,2.3,OFF
2026-03-14T01:40:16.000Z,55.5,11.6,2.3,OFF
2026-03-14T01:41:16.000Z,55.5,11.7,2.3,OFF
2026-03-14T01:42:16.000Z,55.5,11.7,2.3,OFF
2026-03-14T01:43:16.000Z,55.5,11.7,2.3,OFF
2026-03-14T01:44:16.000Z,55.5,11.8,2.3,OFF
2026-03-14T01:45:16.000Z,55.4,11.9,2.3,OFF
2026-03-14T01:46:16.000Z,55.5,11.9,2.3,OFF
2026-03-14T01:47:16.000Z,55.5,11.8,2.3,OFF
2026-03-14T01:48:16.000Z,55.5,11.7,2.3,OFF
2026-03-14T01:49:16.000Z,55.5,11.6,2.3,OFF
2026-03-14T01:50:16.000Z,55.5,11.6,2.3,OFF
2026-03-14T01:51:16.000Z,55.5,11.7,2.3,OFF
2026-03-14T01:52:16.000Z,55.5,11.7,2.3,OFF
2026-03-14T01:53:16.000Z,55.5,11.8,2.3,OFF
2026-03-14T01:54:16.000Z,55.5,11.9,2.3,OFF
2026-03-14T01:55:16.000Z,55.5,11.9,2.3,OFF
2026-03-14T01:56:16.000Z,55.5,12,2.3,OFF
2026-03-14T01:57:16.000Z,55.5,11.7,2.3,OFF
2026-03-14T01:58:16.000Z,55.5,11.8,2.3,OFF
2026-03-14T01:59:16.000Z,55.5,11.7,2.3,OFF
2026-03-14T02:00:16.000Z,55.5,11.7,2.3,OFF
2026-03-14T02:01:16.000Z,55.5,11.8,2.3,OFF
2026-03-14T02:02:16.000Z,55.5,11.9,2.3,OFF
2026-03-14T02:03:16.000Z,55.5,11.9,2.3,OFF
2026-03-14T02:04:16.000Z,55.5,11.9,2.3,OFF
2026-03-14T02:05:16.000Z,55.5,11.9,2.3,OFF
2026-03-14T02:06:16.000Z,55.5,11.9,2.3,OFF
2026-03-14T02:07:16.000Z,55.5,12.1,2.3,OFF
2026-03-14T02:08:16.000Z,55.5,11.9,2.3,OFF
2026-03-14T02:09:16.000Z,55.5,11.8,2.3,OFF
2026-03-14T02:10:16.000Z,55.5,11.9,2.3,OFF
2026-03-14T02:11:16.000Z,55.5,11.9,2.3,OFF
2026-03-14T02:12:16.000Z,55.5,11.8,2.3,OFF
2026-03-14T02:13:16.000Z,55.5,11.7,2.3,OFF
2026-03-14T02:14:16.000Z,55.5,11.8,2.3,OFF
2026-03-14T02:15:16.000Z,55.5,11.8,2.3,OFF
2026-03-14T02:16:16.000Z,55.5,11.8,2.3,OFF
2026-03-14T02:17:16.000Z,55.5,11.7,2.3,OFF
2026-03-14T02:18:16.000Z,55.5,11.8,2.3,OFF
2026-03-14T02:19:16.000Z,55.5,11.8,2.3,OFF
2026-03-14T02:20:16.000Z,55.5,11.9,2.3,OFF
2026-03-14T02:21:16.000Z,55.5,11.8,2.3,OFF
2026-03-14T02:22:16.000Z,55.6,11.8,2.3,OFF
2026-03-14T02:23:16.000Z,55.5,11.7,2.3,OFF
2026-03-14T02:24:16.000Z,55.5,11.5,1.7,OFF
2026-03-14T02:25:16.000Z,55.5,11.7,1.7,OFF
2026-03-14T02:26:16.000Z,55.5,11.7,1.7,OFF
2026-03-14T02:27:16.000Z,55.5,11.6,1.7,OFF
2026-03-14T02:28:16.000Z,55.5,11.7,1.7,OFF
2026-03-14T02:29:16.000Z,55.5,11.7,1.7,OFF
2026-03-14T02:30:16.000Z,55.5,11.7,1.7,OFF
2026-03-14T02:31:16.000Z,55.5,11.7,1.7,OFF
2026-03-14T02:32:16.000Z,55.5,11.7,1.7,OFF
2026-03-14T02:33:16.000Z,55.5,11.6,1.7,OFF
2026-03-14T02:34:16.000Z,55.5,11.7,1.7,OFF
2026-03-14T02:35:16.000Z,55.5,11.7,1.7,OFF
2026-03-14T02:36:16.000Z,55.5,11.7,1.7,OFF
2026-03-14T02:37:16.000Z,55.5,11.6,1.7,OFF
2026-03-14T02:38:16.000Z,55.5,11.7,1.7,OFF
2026-03-14T02:39:16.000Z,55.5,11.8,1.7,OFF
2026-03-14T02:40:16.000Z,55.5,11.6,1.7,OFF
2026-03-14T02:41:16.000Z,55.5,11.7,1.7,OFF
2026-03-14T02:42:16.000Z,55.5,11.5,1.7,OFF
2026-03-14T02:43:16.000Z,55.5,11.6,1.7,OFF
2026-03-14T02:44:16.000Z,55.5,11.6,1.7,OFF
2026-03-14T02:45:16.000Z,55.6,11.6,1.7,OFF
2026-03-14T02:46:16.000Z,55.5,11.8,1.7,OFF
2026-03-14T02:47:16.000Z,55.5,11.7,1.7,OFF
2026-03-14T02:48:16.000Z,55.5,11.7,1.7,OFF
2026-03-14T02:49:16.000Z,55.5,11.6,1.7,OFF
2026-03-14T02:50:16.000Z,55.5,11.8,1.7,OFF
2026-03-14T02:51:16.000Z,55.5,11.7,1.7,OFF
2026-03-14T02:52:16.000Z,55.5,11.6,1.7,OFF
2026-03-14T02:53:16.000Z,55.5,11.6,1.7,OFF
2026-03-14T02:54:16.000Z,55.5,11.5,1.7,OFF
2026-03-14T02:55:16.000Z,55.6,11.4,1.7,OFF
2026-03-14T02:56:16.000Z,55.5,11.5,1.7,OFF
2026-03-14T02:57:16.000Z,55.5,11.5,1.7,OFF
2026-03-14T02:58:16.000Z,55.6,11.6,1.7,OFF
2026-03-14T02:59:16.000Z,55.6,11.6,1.7,OFF
2026-03-14T03:00:16.000Z,55.6,11.6,1.7,OFF
2026-03-14T03:01:16.000Z,55.6,11.6,1.7,OFF
2026-03-14T03:02:16.000Z,55.5,11.5,1.7,OFF
2026-03-14T03:03:16.000Z,55.6,11.8,1.7,OFF
2026-03-14T03:04:16.000Z,55.5,11.6,1.7,OFF
2026-03-14T03:05:16.000Z,55.5,11.6,1.7,OFF
2026-03-14T03:06:16.000Z,55.5,11.6,1.7,OFF
2026-03-14T03:07:16.000Z,55.5,11.6,1.7,OFF
2026-03-14T03:08:16.000Z,55.5,11.6,1.7,OFF
2026-03-14T03:09:16.000Z,55.6,11.6,1.7,OFF
2026-03-14T03:10:16.000Z,55.5,11.6,1.7,OFF
2026-03-14T03:11:16.000Z,55.5,11.7,1.7,OFF
2026-03-14T03:12:16.000Z,55.5,11.7,1.7,OFF
2026-03-14T03:13:16.000Z,55.5,11.8,1.7,OFF
2026-03-14T03:14:16.000Z,55.5,11.6,1.7,OFF
2026-03-14T03:15:16.000Z,55.5,11.6,1.7,OFF
2026-03-14T03:16:16.000Z,55.5,11.6,1.7,OFF
2026-03-14T03:17:16.000Z,55.5,11.6,1.7,OFF
2026-03-14T03:18:16.000Z,55.5,11.6,1.7,OFF
2026-03-14T03:19:16.000Z,55.6,11.7,1.7,OFF
2026-03-14T03:20:16.000Z,55.5,11.7,1.7,OFF
2026-03-14T03:21:16.000Z,55.6,11.6,1.7,OFF
2026-03-14T03:22:16.000Z,55.5,11.5,1.7,OFF
2026-03-14T03:23:16.000Z,55.5,11.3,1.7,OFF
2026-03-14T03:24:16.000Z,55.6,11.5,1.7,OFF
2026-03-14T03:25:16.000Z,55.6,11.3,1.7,OFF
2026-03-14T03:26:16.000Z,55.6,11.3,1.7,OFF
2026-03-14T03:27:16.000Z,55.6,11.3,1.7,OFF
2026-03-14T03:28:16.000Z,55.6,11.3,1.7,OFF
2026-03-14T03:29:16.000Z,55.6,11.4,1.7,OFF
2026-03-14T03:30:16.000Z,55.6,11.4,1.2,OFF
2026-03-14T03:31:16.000Z,55.6,11.5,1.2,OFF
2026-03-14T03:32:16.000Z,55.5,11.4,1.2,OFF
2026-03-14T03:33:16.000Z,55.6,11.3,1.2,OFF
2026-03-14T03:34:16.000Z,55.6,11.5,1.2,OFF
2026-03-14T03:35:16.000Z,55.6,11.4,1.2,OFF
2026-03-14T03:36:16.000Z,55.5,11.5,1.2,OFF
2026-03-14T03:37:16.000Z,55.5,11.5,1.2,OFF
2026-03-14T03:38:16.000Z,55.6,11.4,1.2,OFF
2026-03-14T03:39:16.000Z,55.6,11.5,1.2,OFF
2026-03-14T03:40:16.000Z,55.6,11.5,1.2,OFF
2026-03-14T03:41:16.000Z,55.6,11.6,1.2,OFF
2026-03-14T03:42:16.000Z,55.5,11.6,1.2,OFF
2026-03-14T03:43:16.000Z,55.5,11.7,1.2,OFF
2026-03-14T03:44:16.000Z,55.5,11.7,1.2,OFF
2026-03-14T03:45:16.000Z,55.6,11.6,1.2,OFF
2026-03-14T03:46:16.000Z,55.6,11.6,1.2,OFF
2026-03-14T03:47:16.000Z,55.6,11.5,1.2,OFF
2026-03-14T03:48:16.000Z,55.6,11.5,1.2,OFF
2026-03-14T03:49:16.000Z,55.5,11.5,1.2,OFF
2026-03-14T03:50:16.000Z,55.5,11.6,1.2,OFF
2026-03-14T03:51:16.000Z,55.6,11.6,1.2,OFF
2026-03-14T03:52:16.000Z,55.6,11.6,1.2,OFF
2026-03-14T03:53:16.000Z,55.5,11.6,1.2,OFF
2026-03-14T03:54:16.000Z,55.5,11.7,1.2,OFF
2026-03-14T03:55:16.000Z,55.5,11.7,1.2,OFF
2026-03-14T03:56:16.000Z,55.5,11.5,1.2,OFF
2026-03-14T03:57:16.000Z,55.5,11.5,1.2,OFF
2026-03-14T03:58:16.000Z,55.5,11.4,1.2,OFF
2026-03-14T03:59:16.000Z,55.5,11.5,1.2,OFF
2026-03-14T04:00:16.000Z,55.5,11.5,1.2,OFF
2026-03-14T04:01:16.000Z,55.6,11.4,1.2,OFF
2026-03-14T04:02:16.000Z,55.5,11.4,1.2,OFF
2026-03-14T04:03:16.000Z,55.5,11.4,1.2,OFF
2026-03-14T04:04:16.000Z,55.5,11.5,1.2,OFF
2026-03-14T04:05:16.000Z,55.6,11.5,1.2,OFF
2026-03-14T04:06:16.000Z,55.5,11.5,1.2,OFF
2026-03-14T04:07:16.000Z,55.5,11.5,1.2,OFF
2026-03-14T04:08:16.000Z,55.5,11.4,1.2,OFF
2026-03-14T04:09:16.000Z,55.5,11.5,1.8,OFF
2026-03-14T04:10:16.000Z,55.5,11.5,1.8,OFF
2026-03-14T04:11:16.000Z,55.5,11.4,1.8,OFF
2026-03-14T04:12:16.000Z,55.5,11.4,1.8,OFF
2026-03-14T04:13:16.000Z,55.5,11.3,1.8,OFF
2026-03-14T04:14:16.000Z,55.6,11.4,1.8,OFF
2026-03-14T04:15:16.000Z,55.6,11.4,1.8,OFF
2026-03-14T04:16:16.000Z,55.5,11.4,1.8,OFF
2026-03-14T04:17:16.000Z,55.5,11.5,1.8,OFF
2026-03-14T04:18:16.000Z,55.5,11.4,1.8,OFF
2026-03-14T04:19:16.000Z,55.6,11.4,1.8,OFF
2026-03-14T04:20:16.000Z,55.5,11.4,1.8,OFF
2026-03-14T04:21:16.000Z,55.5,11.4,1.8,OFF
2026-03-14T04:22:16.000Z,55.5,11.4,1.8,OFF
2026-03-14T04:23:16.000Z,55.6,11.3,1.8,OFF
2026-03-14T04:24:16.000Z,55.5,11.4,1.8,OFF
2026-03-14T04:25:16.000Z,55.5,11.3,1.8,OFF
2026-03-14T04:26:16.000Z,55.5,11.3,1.8,OFF
2026-03-14T04:27:16.000Z,55.5,11.3,1.8,OFF
2026-03-14T04:28:16.000Z,55.5,11.2,1.8,OFF
2026-03-14T04:29:16.000Z,55.5,11.3,1.8,OFF
2026-03-14T04:30:16.000Z,55.5,11.3,1.8,OFF
2026-03-14T04:31:16.000Z,55.5,11.3,1.8,OFF
2026-03-14T04:32:16.000Z,55.5,11.3,1.8,OFF
2026-03-14T04:33:16.000Z,55.6,11.3,1.9,OFF
2026-03-14T04:34:16.000Z,55.5,11.3,1.9,OFF
2026-03-14T04:35:16.000Z,55.5,11.3,1.9,OFF
2026-03-14T04:36:16.000Z,55.5,11.3,1.9,OFF
2026-03-14T04:37:16.000Z,55.6,11.3,1.9,OFF
2026-03-14T04:38:16.000Z,55.6,11.2,1.9,OFF
2026-03-14T04:39:16.000Z,55.6,11.3,2,OFF
2026-03-14T04:40:16.000Z,55.6,11.2,2,OFF
2026-03-14T04:41:16.000Z,55.5,11.1,2,OFF
2026-03-14T04:42:16.000Z,55.6,11.3,2,OFF
2026-03-14T04:43:16.000Z,55.5,11.2,2,OFF
2026-03-14T04:44:16.000Z,55.6,11.1,2,OFF
2026-03-14T04:45:16.000Z,55.6,11,2,OFF
2026-03-14T04:46:16.000Z,55.5,11.2,2,OFF
2026-03-14T04:47:16.000Z,55.5,11.3,2,OFF
2026-03-14T04:48:16.000Z,55.5,11.2,2,OFF
2026-03-14T04:49:16.000Z,55.5,11.2,2,OFF
2026-03-14T04:50:16.000Z,55.5,11.1,2,OFF
2026-03-14T04:51:16.000Z,55.5,11.2,2,OFF
2026-03-14T04:52:16.000Z,55.6,11.2,2,OFF
2026-03-14T04:53:16.000Z,55.5,11.2,2,OFF
2026-03-14T04:54:16.000Z,55.6,11.2,2,OFF
2026-03-14T04:55:16.000Z,55.5,11.1,2,OFF
2026-03-14T04:56:16.000Z,55.6,11.1,2,OFF
2026-03-14T04:57:16.000Z,55.5,11,2,OFF
2026-03-14T04:58:16.000Z,55.5,10.9,2,OFF
2026-03-14T04:59:16.000Z,55.5,10.9,2,OFF
2026-03-14T05:00:16.000Z,55.5,10.9,2,OFF
2026-03-14T05:01:16.000Z,55.6,11,2,OFF
2026-03-14T05:02:16.000Z,55.6,11,2,OFF
2026-03-14T05:03:16.000Z,55.5,11,2,OFF
2026-03-14T05:04:16.000Z,55.5,11.1,2,OFF
2026-03-14T05:05:16.000Z,55.5,11.1,2,OFF
2026-03-14T05:06:16.000Z,55.5,11.2,2,OFF
2026-03-14T05:07:16.000Z,55.5,11,2,OFF
2026-03-14T05:08:16.000Z,55.5,11,2,OFF
2026-03-14T05:09:16.000Z,55.5,11.1,2,OFF
2026-03-14T05:10:16.000Z,55.5,11.1,2.1,OFF
2026-03-14T05:11:16.000Z,55.6,11,2.1,OFF
2026-03-14T05:12:16.000Z,55.5,11.1,2.1,OFF
2026-03-14T05:13:16.000Z,55.6,10.9,2.1,OFF
2026-03-14T05:14:16.000Z,55.5,11,2.1,OFF
2026-03-14T05:15:16.000Z,55.6,11,2.1,OFF
2026-03-14T05:16:16.000Z,55.5,10.9,2.1,OFF
2026-03-14T05:17:16.000Z,55.5,10.9,2.1,OFF
2026-03-14T05:18:16.000Z,55.5,11,2.1,OFF
2026-03-14T05:19:16.000Z,55.5,11,2.1,OFF
2026-03-14T05:20:16.000Z,55.5,11,2.1,OFF
2026-03-14T05:21:16.000Z,55.5,10.9,2.1,OFF
2026-03-14T05:22:16.000Z,55.5,11,2.1,OFF
2026-03-14T05:23:16.000Z,55.5,11,2.1,OFF
2026-03-14T05:24:16.000Z,55.5,11,2.1,OFF
2026-03-14T05:25:16.000Z,55.6,10.8,2.1,OFF
2026-03-14T05:26:16.000Z,55.5,10.9,2.1,OFF
2026-03-14T05:27:16.000Z,55.5,10.8,2.1,OFF
2026-03-14T05:28:16.000Z,55.5,10.9,2.1,OFF
2026-03-14T05:29:16.000Z,55.5,11,2.1,OFF
2026-03-14T05:30:16.000Z,55.5,10.9,2.1,OFF
2026-03-14T05:31:16.000Z,55.5,10.8,2.1,OFF
2026-03-14T05:32:16.000Z,55.5,10.7,2.1,OFF
2026-03-14T05:33:16.000Z,55.5,10.7,2.1,OFF
2026-03-14T05:34:16.000Z,55.5,10.8,2.3,OFF
2026-03-14T05:35:16.000Z,55.5,11,2.3,OFF
2026-03-14T05:36:16.000Z,55.5,11,2.3,OFF
2026-03-14T05:37:16.000Z,55.5,10.8,2.3,OFF
2026-03-14T05:38:16.000Z,55.5,10.9,2.3,OFF
2026-03-14T05:39:16.000Z,55.5,10.8,2.3,OFF
2026-03-14T05:40:16.000Z,55.5,10.9,2.3,OFF
2026-03-14T05:41:16.000Z,55.5,11,2.3,OFF
2026-03-14T05:42:16.000Z,55.5,11,2.3,OFF
2026-03-14T05:43:16.000Z,55.5,10.9,2.1,OFF
2026-03-14T05:44:16.000Z,55.5,10.8,2.1,OFF
2026-03-14T05:45:16.000Z,55.5,10.7,2.1,OFF
2026-03-14T05:46:16.000Z,55.6,10.8,2.1,OFF
2026-03-14T05:47:16.000Z,55.5,10.7,2.1,OFF
2026-03-14T05:48:16.000Z,55.5,10.8,2.1,OFF
2026-03-14T05:49:16.000Z,55.5,10.8,2.1,OFF
2026-03-14T05:50:16.000Z,55.5,10.8,2.1,OFF
2026-03-14T05:51:16.000Z,55.5,10.8,2.1,OFF
2026-03-14T05:52:16.000Z,55.5,10.9,2.1,OFF
2026-03-14T05:53:16.000Z,55.5,10.7,2.1,OFF
2026-03-14T05:54:16.000Z,55.6,10.7,2.1,OFF
2026-03-14T05:55:16.000Z,55.5,10.8,2.1,OFF
2026-03-14T05:56:16.000Z,55.5,10.6,2.1,OFF
2026-03-14T05:57:16.000Z,55.5,10.7,2.1,OFF
2026-03-14T05:58:16.000Z,55.5,10.8,2.1,OFF
2026-03-14T05:59:16.000Z,55.5,10.6,2.1,OFF
2026-03-14T06:00:16.000Z,55.5,10.7,2.1,OFF
2026-03-14T06:01:16.000Z,55.5,10.7,2.1,OFF
2026-03-14T06:02:16.000Z,55.5,10.8,2.1,OFF
2026-03-14T06:03:16.000Z,55.5,10.6,2.1,OFF
2026-03-14T06:04:16.000Z,55.5,10.8,2.1,OFF
2026-03-14T06:05:16.000Z,55.5,10.7,2.1,OFF
2026-03-14T06:06:16.000Z,55.5,10.7,2.1,OFF
2026-03-14T06:07:16.000Z,55.5,10.8,2.1,OFF
2026-03-14T06:08:16.000Z,55.5,10.6,2.1,OFF
2026-03-14T06:09:16.000Z,55.5,10.8,2.1,OFF
2026-03-14T06:10:16.000Z,55.5,10.8,2.1,OFF
2026-03-14T06:11:16.000Z,55.5,10.8,2.1,OFF
2026-03-14T06:12:16.000Z,55.5,10.5,2.1,OFF
2026-03-14T06:13:16.000Z,55.5,10.7,2.3,OFF
2026-03-14T06:14:16.000Z,55.5,10.7,2.3,OFF
2026-03-14T06:15:16.000Z,55.5,10.6,2.3,OFF
2026-03-14T06:16:16.000Z,55.5,10.5,2.3,OFF
2026-03-14T06:17:16.000Z,55.5,10.6,2.3,OFF
2026-03-14T06:18:16.000Z,55.5,10.5,2.3,OFF
2026-03-14T06:19:16.000Z,55.5,10.6,2.3,OFF
2026-03-14T06:20:16.000Z,55.5,10.6,2.3,OFF
2026-03-14T06:21:16.000Z,55.5,10.7,2.3,OFF
2026-03-14T06:22:16.000Z,55.5,10.6,2.3,OFF
2026-03-14T06:23:16.000Z,55.5,10.6,2.3,OFF
2026-03-14T06:24:16.000Z,55.5,10.7,2.3,OFF
2026-03-14T06:25:16.000Z,55.5,10.8,2.3,OFF
2026-03-14T06:26:16.000Z,55.5,10.8,2.3,OFF
2026-03-14T06:27:16.000Z,55.5,10.6,2.3,OFF
2026-03-14T06:28:16.000Z,55.5,10.5,2.3,OFF
2026-03-14T06:29:16.000Z,55.5,10.6,2.3,OFF
2026-03-14T06:30:16.000Z,55.5,10.7,2.3,OFF
2026-03-14T06:31:16.000Z,55.5,10.5,2.3,OFF
2026-03-14T06:32:16.000Z,55.5,10.6,2.3,OFF
2026-03-14T06:33:16.000Z,55.5,10.6,2.3,OFF
2026-03-14T06:34:16.000Z,55.5,10.6,2.3,OFF
2026-03-14T06:35:16.000Z,55.5,10.7,2.3,OFF
2026-03-14T06:36:16.000Z,55.5,10.7,2.3,OFF
2026-03-14T06:37:16.000Z,55.5,10.6,2.3,OFF
2026-03-14T06:38:16.000Z,55.5,10.8,2.3,OFF
2026-03-14T06:39:16.000Z,55.5,10.7,2.3,OFF
2026-03-14T06:40:16.000Z,55.5,10.7,1.9,OFF
2026-03-14T06:41:16.000Z,55.5,10.5,1.9,OFF
2026-03-14T06:42:16.000Z,55.5,10.6,1.9,OFF
2026-03-14T06:43:16.000Z,55.5,10.4,1.9,OFF
2026-03-14T06:44:16.000Z,55.5,10.7,1.9,OFF
2026-03-14T06:45:16.000Z,55.5,10.6,1.9,OFF
2026-03-14T06:46:16.000Z,55.5,10.7,1.9,OFF
2026-03-14T06:47:16.000Z,55.5,10.6,1.9,OFF
2026-03-14T06:48:16.000Z,55.5,10.7,1.9,OFF
2026-03-14T06:49:16.000Z,55.5,10.6,1.9,OFF
2026-03-14T06:50:16.000Z,55.5,10.5,1.9,OFF
2026-03-14T06:51:16.000Z,55.4,10.5,1.9,OFF
2026-03-14T06:52:16.000Z,55.5,10.6,1.9,OFF
2026-03-14T06:53:16.000Z,55.5,10.5,1.9,OFF
2026-03-14T06:54:16.000Z,55.5,10.5,1.9,OFF
2026-03-14T06:55:16.000Z,55.5,10.5,1.9,OFF
2026-03-14T06:56:16.000Z,55.5,10.5,1.9,OFF
2026-03-14T06:57:16.000Z,55.5,10.5,1.9,OFF
2026-03-14T06:58:16.000Z,55.5,10.5,1.9,OFF
2026-03-14T06:59:16.000Z,55.5,10.4,1.9,OFF
2026-03-14T07:00:16.000Z,55.5,10.5,2,OFF
2026-03-14T07:01:16.000Z,55.5,10.4,2,OFF
2026-03-14T07:02:16.000Z,55.5,10.4,2,OFF
2026-03-14T07:03:16.000Z,55.5,10.5,2,OFF
2026-03-14T07:04:16.000Z,55.5,10.4,2,OFF
2026-03-14T07:05:16.000Z,55.5,10.5,2,OFF
2026-03-14T07:06:16.000Z,55.5,10.6,2,OFF
2026-03-14T07:07:16.000Z,55.5,10.6,2,OFF
2026-03-14T07:08:16.000Z,55.5,10.6,2,OFF
2026-03-14T07:09:16.000Z,55.5,10.6,2,OFF
2026-03-14T07:10:16.000Z,55.5,10.6,2,OFF
2026-03-14T07:11:16.000Z,55.5,10.6,2,OFF
2026-03-14T07:12:16.000Z,55.5,10.5,2,OFF
2026-03-14T07:13:16.000Z,55.5,10.4,2,OFF
2026-03-14T07:14:16.000Z,55.5,10.4,2,OFF
2026-03-14T07:15:16.000Z,55.5,10.3,2,OFF
2026-03-14T07:16:16.000Z,55.5,10.4,2,OFF
2026-03-14T07:17:16.000Z,55.5,10.5,2.2,OFF
2026-03-14T07:18:16.000Z,55.5,10.4,2.2,OFF
2026-03-14T07:19:16.000Z,55.5,10.6,2.2,OFF
2026-03-14T07:20:16.000Z,55.5,10.7,2.2,OFF
2026-03-14T07:21:16.000Z,55.5,10.8,2.2,OFF
2026-03-14T07:22:16.000Z,55.4,10.6,2.2,OFF
2026-03-14T07:23:16.000Z,55.5,10.6,2.2,OFF
2026-03-14T07:24:16.000Z,55.5,10.7,2.2,OFF
2026-03-14T07:25:16.000Z,55.5,10.5,2.2,OFF
2026-03-14T07:26:16.000Z,55.5,10.4,2.2,OFF
2026-03-14T07:27:16.000Z,55.4,10.6,2.2,OFF
2026-03-14T07:28:16.000Z,55.5,10.6,2.2,OFF
2026-03-14T07:29:16.000Z,55.5,10.4,2.2,OFF
2026-03-14T07:30:16.000Z,55.5,10.6,2.2,OFF
2026-03-14T07:31:16.000Z,55.4,10.5,2.2,OFF
2026-03-14T07:32:16.000Z,55.4,10.6,2.2,OFF
2026-03-14T07:33:16.000Z,55.5,10.5,2.2,OFF
2026-03-14T07:34:16.000Z,55.5,11,2.2,OFF
2026-03-14T07:35:16.000Z,55.5,10.6,2.2,OFF
2026-03-14T07:36:16.000Z,55.5,10.4,2.2,OFF
2026-03-14T07:37:16.000Z,55.4,10.5,2.2,OFF
2026-03-14T07:38:16.000Z,55.5,10.6,2.7,OFF
2026-03-14T07:39:16.000Z,55.5,10.6,2.7,OFF
2026-03-14T07:40:16.000Z,55.5,10.5,2.7,OFF
2026-03-14T07:41:16.000Z,55.5,10.5,2.7,OFF
2026-03-14T07:42:16.000Z,55.5,10.5,2.7,OFF
2026-03-14T07:43:16.000Z,55.5,10.6,2.7,OFF
2026-03-14T07:44:16.000Z,55.5,10.6,2.7,OFF
2026-03-14T07:45:16.000Z,55.5,10.4,2.7,OFF
2026-03-14T07:46:16.000Z,55.5,10.4,2.7,OFF
2026-03-14T07:47:16.000Z,55.4,10.5,2.7,OFF
2026-03-14T07:48:16.000Z,55.5,10.5,2.7,OFF
2026-03-14T07:49:16.000Z,55.5,10.6,2.7,OFF
2026-03-14T07:50:16.000Z,55.5,10.6,2.7,OFF
2026-03-14T07:51:16.000Z,55.5,10.7,2.7,OFF
2026-03-14T07:52:16.000Z,55.4,10.5,2.7,OFF
2026-03-14T07:53:16.000Z,55.5,10.5,2.7,OFF
2026-03-14T07:54:16.000Z,55.5,10.6,2.7,OFF
2026-03-14T07:55:16.000Z,55.5,10.5,2.7,OFF
2026-03-14T07:56:16.000Z,55.5,10.5,2.7,OFF
2026-03-14T07:57:16.000Z,55.5,10.6,3.1,OFF
2026-03-14T07:58:16.000Z,55.5,10.7,3.1,OFF
2026-03-14T07:59:16.000Z,55.5,10.5,3.1,OFF
2026-03-14T08:00:16.000Z,55.5,10.4,3.1,OFF
2026-03-14T08:01:16.000Z,55.5,10.5,2.9,OFF
2026-03-14T08:02:16.000Z,55.5,10.5,2.9,OFF
2026-03-14T08:03:16.000Z,55.5,10.7,2.9,OFF
2026-03-14T08:04:16.000Z,55.5,10.6,2.9,OFF
2026-03-14T08:05:16.000Z,55.5,10.6,2.9,OFF
2026-03-14T08:06:16.000Z,55.4,10.7,2.9,OFF
2026-03-14T08:07:16.000Z,55.5,10.8,2.9,OFF
2026-03-14T08:08:16.000Z,55.4,10.8,2.9,OFF
2026-03-14T08:09:16.000Z,55.5,10.7,2.9,OFF
2026-03-14T08:10:16.000Z,55.4,10.6,2.9,OFF
2026-03-14T08:11:16.000Z,55.4,10.9,2.9,OFF
2026-03-14T08:12:16.000Z,55.5,10.5,2.9,OFF
2026-03-14T08:13:16.000Z,55.5,10.4,2.9,OFF
2026-03-14T08:14:16.000Z,55.5,10.5,2.9,OFF
2026-03-14T08:15:16.000Z,55.4,10.7,2.9,OFF
2026-03-14T08:16:16.000Z,55.4,10.5,2.9,OFF
2026-03-14T08:17:16.000Z,55.4,10.5,2.9,OFF
2026-03-14T08:18:16.000Z,55.4,10.7,3.7,OFF
2026-03-14T08:19:16.000Z,55.4,10.7,3.7,OFF
2026-03-14T08:20:16.000Z,55.4,10.8,3.7,OFF
2026-03-14T08:21:16.000Z,55.4,10.8,3.7,OFF
2026-03-14T08:22:16.000Z,55.4,10.7,3.7,OFF
2026-03-14T08:23:16.000Z,55.4,10.6,3.7,OFF
2026-03-14T08:24:16.000Z,55.4,10.7,3.7,OFF
2026-03-14T08:25:16.000Z,55.5,10.4,3.7,OFF
2026-03-14T08:26:16.000Z,55.4,10.5,3.7,OFF
2026-03-14T08:27:16.000Z,55.4,10.5,4.2,OFF
2026-03-14T08:28:16.000Z,55.4,10.7,4.2,OFF
2026-03-14T08:29:16.000Z,55.4,10.6,4.2,OFF
2026-03-14T08:30:16.000Z,55.5,10.8,4.2,OFF
2026-03-14T08:31:16.000Z,55.5,10.7,4.2,OFF
2026-03-14T08:32:16.000Z,55.4,10.8,4.2,OFF
2026-03-14T08:33:16.000Z,55.4,10.8,4.2,OFF
2026-03-14T08:34:16.000Z,55.4,10.7,4.2,OFF
2026-03-14T08:35:16.000Z,55.4,10.6,4.2,OFF
2026-03-14T08:36:16.000Z,55.4,10.7,4.2,OFF
2026-03-14T08:37:16.000Z,55.5,10.7,4.2,OFF
2026-03-14T08:38:16.000Z,55.4,10.7,4.2,OFF
2026-03-14T08:39:16.000Z,55.4,10.7,4.2,OFF
2026-03-14T08:40:16.000Z,55.4,10.8,4.2,OFF
2026-03-14T08:41:16.000Z,55.5,10.7,4.2,OFF
2026-03-14T08:42:16.000Z,55.4,10.8,4.2,OFF
2026-03-14T08:43:16.000Z,55.4,10.8,4.2,OFF
2026-03-14T08:44:16.000Z,55.4,10.7,4.2,OFF
2026-03-14T08:45:16.000Z,55.4,10.8,4.2,OFF
2026-03-14T08:46:16.000Z,55.3,10.8,4.2,OFF
2026-03-14T08:47:16.000Z,55.4,10.8,5.2,OFF
2026-03-14T08:48:16.000Z,55.4,10.8,5.2,OFF
2026-03-14T08:49:16.000Z,55.4,10.9,5.2,OFF
2026-03-14T08:50:16.000Z,55.4,10.9,5.2,OFF
2026-03-14T08:51:16.000Z,55.4,10.9,5.2,OFF
2026-03-14T08:52:16.000Z,55.4,10.9,5.2,OFF
2026-03-14T08:53:16.000Z,55.4,11.1,5.2,OFF
2026-03-14T08:54:16.000Z,55.3,11.3,5.2,OFF
2026-03-14T08:55:16.000Z,55.4,11.2,5.2,OFF
2026-03-14T08:56:16.000Z,55.4,11,5.2,OFF
2026-03-14T08:57:16.000Z,55.4,11,5.7,OFF
2026-03-14T08:58:16.000Z,55.3,11.1,5.7,OFF
2026-03-14T08:59:16.000Z,55.3,11.1,5.7,OFF
2026-03-14T09:00:16.000Z,55.4,11,5.7,OFF
2026-03-14T09:01:16.000Z,55.3,11.2,5.7,OFF
2026-03-14T09:02:16.000Z,55.3,11.2,5.7,OFF
2026-03-14T09:03:16.000Z,55.3,11.1,5.7,OFF
2026-03-14T09:04:16.000Z,55.3,11.2,5.7,OFF
2026-03-14T09:05:16.000Z,55.3,11.3,5.7,OFF
2026-03-14T09:06:16.000Z,55.4,11,5.7,OFF
2026-03-14T09:07:16.000Z,55.3,11.1,5.7,OFF
2026-03-14T09:08:16.000Z,55.3,11.1,5.7,OFF
2026-03-14T09:09:16.000Z,55.4,11,5.7,OFF
2026-03-14T09:10:16.000Z,55.4,11.2,5.7,OFF
2026-03-14T09:11:16.000Z,55.3,11.1,5.7,OFF
2026-03-14T09:12:16.000Z,55.4,11.2,5.7,OFF
2026-03-14T09:13:16.000Z,55.4,11.2,5.7,OFF
2026-03-14T09:14:16.000Z,55.4,11.1,5.7,OFF
2026-03-14T09:15:16.000Z,55.3,11.1,5.7,OFF
2026-03-14T09:16:16.000Z,55.3,11,5.7,OFF
2026-03-14T09:17:16.000Z,55.3,11,6.3,OFF
2026-03-14T09:18:16.000Z,55.3,11,6.3,OFF
2026-03-14T09:19:16.000Z,55.3,11.1,6.3,OFF
2026-03-14T09:20:16.000Z,55.4,11.1,6.3,OFF
2026-03-14T09:21:16.000Z,55.3,11,6.3,OFF
2026-03-14T09:22:16.000Z,55.3,11.2,6.3,OFF
2026-03-14T09:23:16.000Z,55.3,11.1,6.3,OFF
2026-03-14T09:24:16.000Z,55.3,11.2,6.3,OFF
2026-03-14T09:25:16.000Z,55.4,11.2,6.3,OFF
2026-03-14T09:26:16.000Z,55.3,11.3,6.3,OFF
2026-03-14T09:27:16.000Z,55.3,11.3,6.3,OFF
2026-03-14T09:28:16.000Z,55.4,11.1,6.3,OFF
2026-03-14T09:29:16.000Z,55.3,11.2,6.3,OFF
2026-03-14T09:30:16.000Z,55.3,11.1,6.3,OFF
2026-03-14T09:31:16.000Z,55.4,11.3,6.3,OFF
2026-03-14T09:32:16.000Z,55.4,11.2,6.3,OFF
2026-03-14T09:33:16.000Z,55.4,11.3,6.3,OFF
2026-03-14T09:34:16.000Z,55.4,11.2,6.3,OFF
2026-03-14T09:35:16.000Z,55.3,11.4,6.3,OFF
2026-03-14T09:36:16.000Z,55.3,11.2,6.3,OFF
2026-03-14T09:37:16.000Z,55.3,11.1,6.3,OFF
2026-03-14T09:38:16.000Z,55.4,11.2,7.2,OFF
2026-03-14T09:39:16.000Z,55.3,11.2,7.2,OFF
2026-03-14T09:40:16.000Z,55.3,11.2,7.2,OFF
2026-03-14T09:41:16.000Z,55.3,11.4,7.2,OFF
2026-03-14T09:42:16.000Z,55.3,11.5,7.2,OFF
2026-03-14T09:43:16.000Z,55.2,11.5,7.2,OFF
2026-03-14T09:44:16.000Z,55.3,11.5,7.2,OFF
2026-03-14T09:45:16.000Z,55.3,11.5,7.2,OFF
2026-03-14T09:46:16.000Z,55.2,11.5,7.2,OFF
2026-03-14T09:47:16.000Z,55.2,11.5,7.2,OFF
2026-03-14T09:48:16.000Z,55.3,11.8,7.4,OFF
2026-03-14T09:49:16.000Z,55.2,11.9,7.4,OFF
2026-03-14T09:50:16.000Z,55.2,12.1,7.4,OFF
2026-03-14T09:51:16.000Z,55.2,12.5,7.4,OFF
2026-03-14T09:52:16.000Z,55.1,12.7,7.4,OFF
2026-03-14T09:53:16.000Z,55,12.9,7.4,OFF
2026-03-14T09:54:16.000Z,55,13,7.4,OFF
2026-03-14T09:55:16.000Z,54.9,13,7.4,OFF
2026-03-14T09:56:16.000Z,54.9,13.2,7.4,OFF
2026-03-14T09:57:16.000Z,54.9,13.4,7.4,OFF
2026-03-14T09:58:16.000Z,54.8,13.6,8,OFF
2026-03-14T09:59:16.000Z,54.8,13.7,8,OFF
2026-03-14T10:00:16.000Z,54.8,14.1,8,OFF
2026-03-14T10:01:16.000Z,54.8,14.1,8,OFF
2026-03-14T10:02:16.000Z,54.8,14.3,8,OFF
2026-03-14T10:03:16.000Z,54.8,14.6,8,OFF
2026-03-14T10:04:16.000Z,54.7,14.6,8,OFF
2026-03-14T10:05:16.000Z,54.8,14.7,8,OFF
2026-03-14T10:06:16.000Z,54.8,14.6,8,OFF
2026-03-14T10:07:16.000Z,54.8,14.6,8,OFF
2026-03-14T10:08:16.000Z,54.8,14.3,8,OFF
2026-03-14T10:09:16.000Z,54.9,14.3,8,OFF
2026-03-14T10:10:16.000Z,54.8,14.3,8,OFF
2026-03-14T10:11:16.000Z,54.9,14.6,8,OFF
2026-03-14T10:12:16.000Z,54.8,14.5,8.3,OFF
2026-03-14T10:13:16.000Z,54.9,14.8,8.3,OFF
2026-03-14T10:14:16.000Z,54.9,14.9,8.3,OFF
2026-03-14T10:15:16.000Z,54.9,14.9,8.3,OFF
2026-03-14T10:16:16.000Z,54.8,15,8.3,OFF
2026-03-14T10:17:16.000Z,54.9,15.2,8.3,OFF
2026-03-14T10:18:16.000Z,54.9,15.2,8.3,OFF
2026-03-14T10:19:16.000Z,54.9,15,8.3,OFF
2026-03-14T10:20:16.000Z,54.9,15,8.3,OFF
2026-03-14T10:21:16.000Z,54.8,15.2,8.3,OFF
2026-03-14T10:22:16.000Z,54.8,15.2,8.3,OFF
2026-03-14T10:23:16.000Z,54.8,15.2,8.7,OFF
2026-03-14T10:24:16.000Z,54.8,15.1,8.7,OFF
2026-03-14T10:25:16.000Z,54.9,15.2,8.7,OFF
2026-03-14T10:26:16.000Z,54.8,15.1,8.7,OFF
2026-03-14T10:27:16.000Z,54.8,15,8.7,OFF
2026-03-14T10:28:16.000Z,54.8,15,8.7,OFF
2026-03-14T10:29:16.000Z,54.8,14.8,8.7,OFF
2026-03-14T10:30:16.000Z,54.8,14.5,8.7,OFF
2026-03-14T10:31:16.000Z,54.8,14.5,8.7,OFF
2026-03-14T10:32:16.000Z,54.8,14.6,8.7,OFF
2026-03-14T10:33:16.000Z,54.9,14.5,8.7,OFF
2026-03-14T10:34:16.000Z,54.8,14.4,8.7,OFF
2026-03-14T10:35:16.000Z,54.8,14.4,8.7,OFF
2026-03-14T10:36:16.000Z,54.8,14.5,8.7,OFF
2026-03-14T10:37:16.000Z,54.8,14.3,8.7,OFF
2026-03-14T10:38:16.000Z,54.8,14.2,8.7,OFF
2026-03-14T10:39:16.000Z,54.8,14.3,8.7,OFF
2026-03-14T10:40:16.000Z,54.8,14.2,8.7,OFF
2026-03-14T10:41:16.000Z,54.8,14.2,8.7,OFF
2026-03-14T10:42:16.000Z,54.8,14.2,8.7,OFF
2026-03-14T10:43:16.000Z,54.8,14.3,8.7,OFF
2026-03-14T10:44:16.000Z,54.9,14.2,8.7,OFF
2026-03-14T10:45:16.000Z,54.8,14.3,8.7,OFF
2026-03-14T10:46:16.000Z,54.8,14.2,8.7,OFF
2026-03-14T10:47:16.000Z,54.8,14.3,8.7,OFF
2026-03-14T10:48:16.000Z,54.8,14.3,8.7,OFF
2026-03-14T10:49:16.000Z,54.8,14.2,8.7,OFF
2026-03-14T10:50:16.000Z,54.8,14.2,8.7,OFF
2026-03-14T10:51:16.000Z,54.8,14.2,8.7,OFF
2026-03-14T10:52:16.000Z,54.8,14.2,8.7,OFF
2026-03-14T10:53:16.000Z,54.8,14.4,8.7,OFF
2026-03-14T10:54:16.000Z,54.8,14.3,8.7,OFF
2026-03-14T10:55:16.000Z,54.8,14.3,8.7,OFF
2026-03-14T10:56:16.000Z,54.8,14.4,8.7,OFF
2026-03-14T10:57:16.000Z,54.7,14.4,8.7,OFF
2026-03-14T10:58:16.000Z,54.7,14.3,8.7,OFF
2026-03-14T10:59:16.000Z,54.7,14.4,8.7,OFF
2026-03-14T11:00:16.000Z,54.7,14.4,8.7,OFF
2026-03-14T11:01:16.000Z,54.7,14.5,8.7,OFF
2026-03-14T11:02:16.000Z,54.7,14.4,8.7,OFF
2026-03-14T11:03:16.000Z,54.7,14.3,8.7,OFF
2026-03-14T11:04:16.000Z,54.7,14.1,8.7,OFF
2026-03-14T11:05:16.000Z,54.7,14.1,8.7,OFF
2026-03-14T11:06:16.000Z,54.5,14.2,9,OFF
2026-03-14T11:07:16.000Z,54.7,14.2,9,OFF
2026-03-14T11:08:16.000Z,54.7,14.1,9,OFF
2026-03-14T11:09:16.000Z,54.7,14.2,9,OFF
2026-03-14T11:10:16.000Z,54.7,14.2,9,OFF
2026-03-14T11:11:16.000Z,54.7,14.1,9,OFF
2026-03-14T11:12:16.000Z,54.7,14.2,9,OFF
2026-03-14T11:13:16.000Z,54.7,14.1,9,OFF
2026-03-14T11:14:16.000Z,54.7,14,9,OFF
2026-03-14T11:15:16.000Z,54.7,14.1,9,OFF
2026-03-14T11:16:16.000Z,54.7,14.1,9,OFF
2026-03-14T11:17:16.000Z,54.7,14,9,OFF
2026-03-14T11:18:16.000Z,54.7,14,9,OFF
2026-03-14T11:19:16.000Z,54.7,14,9,OFF
2026-03-14T11:20:16.000Z,54.7,14.1,9,OFF
2026-03-14T11:21:16.000Z,54.7,14.2,9,OFF
2026-03-14T11:22:16.000Z,54.7,14,9,OFF
2026-03-14T11:23:16.000Z,54.6,14.1,9,OFF
2026-03-14T11:24:16.000Z,54.7,13.9,9,OFF
2026-03-14T11:25:16.000Z,54.6,13.9,9,OFF
2026-03-14T11:26:16.000Z,54.7,14,9,OFF
2026-03-14T11:27:16.000Z,54.7,14,9.5,OFF
2026-03-14T11:28:16.000Z,54.6,13.9,9.5,OFF
2026-03-14T11:29:16.000Z,54.6,14,9.5,OFF
2026-03-14T11:30:16.000Z,54.6,13.9,9.5,OFF
2026-03-14T11:31:16.000Z,54.7,14,9.5,OFF
2026-03-14T11:32:16.000Z,54.7,13.9,9.4,OFF
2026-03-14T11:33:16.000Z,54.7,14,9.4,OFF
2026-03-14T11:34:16.000Z,54.6,13.9,9.4,OFF
2026-03-14T11:35:16.000Z,54.6,13.8,9.4,OFF
2026-03-14T11:36:16.000Z,54.7,13.9,9.4,OFF
2026-03-14T11:37:16.000Z,54.6,13.9,9.4,OFF
2026-03-14T11:38:16.000Z,54.6,13.9,9.4,OFF
2026-03-14T11:39:16.000Z,54.6,13.9,9.4,OFF
2026-03-14T11:40:16.000Z,54.6,13.8,9.4,OFF
2026-03-14T11:41:16.000Z,54.6,14,9.4,OFF
2026-03-14T11:42:16.000Z,54.6,13.9,9.4,OFF
2026-03-14T11:43:16.000Z,54.6,14.1,9.4,OFF
2026-03-14T11:44:16.000Z,54.5,14.1,9.4,OFF
2026-03-14T11:45:16.000Z,54.5,14.2,9.4,OFF
2026-03-14T11:46:16.000Z,54.5,13.9,9.4,OFF
2026-03-14T11:47:16.000Z,54.5,13.9,9.4,OFF
2026-03-14T11:48:16.000Z,54.5,13.9,9.4,OFF
2026-03-14T11:49:16.000Z,54.5,13.9,9.4,OFF
2026-03-14T11:50:16.000Z,54.5,13.9,9.4,OFF
2026-03-14T11:51:16.000Z,54.5,13.8,9.4,OFF
2026-03-14T11:52:16.000Z,54.5,14,9.6,OFF
2026-03-14T11:53:16.000Z,54.5,13.9,9.6,OFF
2026-03-14T11:54:16.000Z,54.5,14.1,9.6,OFF
2026-03-14T11:55:16.000Z,54.5,13.8,9.6,OFF
2026-03-14T11:56:16.000Z,54.5,13.8,9.6,OFF
2026-03-14T11:57:16.000Z,54.5,13.9,9.6,OFF
2026-03-14T11:58:16.000Z,54.5,13.9,9.6,OFF
2026-03-14T11:59:16.000Z,54.4,13.8,9.6,OFF
2026-03-14T12:00:16.000Z,54.5,14,9.8,OFF
2026-03-14T12:01:16.000Z,54.5,13.9,9.8,OFF
2026-03-14T12:02:16.000Z,54.5,13.9,9.8,OFF
2026-03-14T12:03:16.000Z,54.5,14,9.8,OFF
2026-03-14T12:04:16.000Z,54.5,13.9,9.8,OFF
2026-03-14T12:05:16.000Z,54.5,13.9,9.8,OFF
2026-03-14T12:06:16.000Z,54.5,13.9,9.8,OFF
2026-03-14T12:07:16.000Z,54.5,13.9,9.8,OFF
2026-03-14T12:08:16.000Z,54.5,13.9,9.8,OFF
2026-03-14T12:09:16.000Z,54.5,14,9.8,OFF
2026-03-14T12:10:16.000Z,54.5,14,9.8,OFF
2026-03-14T12:11:16.000Z,54.4,14.2,9.8,OFF
2026-03-14T12:12:16.000Z,54.4,14.2,9.8,OFF
2026-03-14T12:13:16.000Z,54.4,14.4,9.8,OFF
2026-03-14T12:14:16.000Z,54.4,14.4,9.8,OFF
2026-03-14T12:15:16.000Z,54.4,14.3,9.8,OFF
2026-03-14T12:16:16.000Z,54.4,14.3,9.8,OFF
2026-03-14T12:17:16.000Z,54.4,14.4,9.8,OFF
2026-03-14T12:18:16.000Z,54.4,14.2,9.8,OFF
2026-03-14T12:19:16.000Z,54.4,14.2,9.8,OFF
2026-03-14T12:20:16.000Z,54.4,14.2,9.8,OFF
2026-03-14T12:21:16.000Z,54.4,14.3,9.8,OFF
2026-03-14T12:22:16.000Z,54.4,14.2,9.8,OFF
2026-03-14T12:23:16.000Z,54.4,14.2,9.8,OFF
2026-03-14T12:24:16.000Z,54.4,14.2,9.8,OFF
2026-03-14T12:25:16.000Z,54.4,14.2,9.8,OFF
2026-03-14T12:26:16.000Z,54.4,14.2,9.8,OFF
2026-03-14T12:27:16.000Z,54.5,14.2,9.8,OFF
2026-03-14T12:28:16.000Z,54.4,14.2,9.8,OFF
2026-03-14T12:29:16.000Z,54.5,14.2,9.8,OFF
2026-03-14T12:30:16.000Z,54.4,14.3,9.8,OFF
2026-03-14T12:31:16.000Z,54.4,14.2,9.8,OFF
2026-03-14T12:32:16.000Z,54.4,14.1,9.8,OFF
2026-03-14T12:33:16.000Z,54.4,14.2,9.8,OFF
2026-03-14T12:34:16.000Z,54.4,14.2,9.8,OFF
2026-03-14T12:35:16.000Z,54.4,14.2,9.8,OFF
2026-03-14T12:37:16.000Z,54.4,14.2,10,OFF
2026-03-14T12:38:16.000Z,54.4,14.1,10,OFF
2026-03-14T12:39:16.000Z,54.5,14.2,10,OFF
2026-03-14T12:40:16.000Z,54.4,14.4,10,OFF
2026-03-14T12:41:16.000Z,54.4,14.2,10,OFF
2026-03-14T12:42:16.000Z,54.4,14.2,10,OFF
2026-03-14T12:43:16.000Z,54.4,14.3,10,OFF
2026-03-14T12:44:16.000Z,54.4,14.3,10,OFF
2026-03-14T12:45:16.000Z,54.4,14.2,10,OFF
2026-03-14T12:46:16.000Z,54.4,14.2,10,OFF
2026-03-14T12:47:16.000Z,54.4,14.2,10,OFF
2026-03-14T12:48:16.000Z,54.4,14.3,10,OFF
2026-03-14T12:49:16.000Z,54.4,14.2,10,OFF
2026-03-14T12:50:15.000Z,54.4,14.1,10,OFF
2026-03-14T12:51:15.000Z,54.4,14.2,10,OFF
2026-03-14T12:52:15.000Z,54.4,14.1,10.3,OFF
2026-03-14T12:53:15.000Z,54.4,14.1,10.3,OFF
2026-03-14T12:54:15.000Z,54.4,14.2,10.3,OFF
2026-03-14T12:55:15.000Z,54.4,14.1,10.3,OFF
2026-03-14T12:56:15.000Z,54.4,14.1,10.3,OFF
2026-03-14T12:57:15.000Z,54.4,14.2,10.3,OFF
2026-03-14T12:58:15.000Z,54.5,14.1,10.3,OFF
2026-03-14T12:59:15.000Z,54.4,14.1,10.3,OFF
2026-03-14T13:00:15.000Z,54.4,14.1,10.3,OFF
2026-03-14T13:01:15.000Z,54.4,14.2,10.3,OFF
2026-03-14T13:02:15.000Z,54.5,14,10.3,OFF
2026-03-14T13:03:15.000Z,54.5,14,10.3,OFF
2026-03-14T13:04:15.000Z,54.5,14,10.3,OFF
2026-03-14T13:05:15.000Z,54.4,14.1,10.3,OFF
2026-03-14T13:06:15.000Z,54.4,14.1,10.3,OFF
2026-03-14T13:07:15.000Z,54.4,14.1,10.7,OFF
2026-03-14T13:08:15.000Z,54.4,14.2,10.7,OFF
2026-03-14T13:09:15.000Z,54.4,14.1,10.7,OFF
2026-03-14T13:10:15.000Z,54.4,14.1,10.7,OFF
2026-03-14T13:11:15.000Z,54.4,14.2,10.7,OFF
2026-03-14T13:12:15.000Z,54.4,14.1,10.7,OFF
2026-03-14T13:13:15.000Z,54.4,14.1,10.7,OFF
2026-03-14T13:14:15.000Z,54.4,14.1,10.7,OFF
2026-03-14T13:15:15.000Z,54.4,14.2,10.7,OFF
2026-03-14T13:16:15.000Z,54.4,14.2,10.7,OFF
2026-03-14T13:17:15.000Z,54.4,14.2,10.7,OFF
2026-03-14T13:18:15.000Z,54.4,14.3,10.7,OFF
2026-03-14T13:19:15.000Z,54.4,14.2,10.7,OFF